ISO-10303-21;
HEADER;
FILE_DESCRIPTION (( 'STEP AP214' ),
    '1' );
FILE_NAME ('×°ÅäÌå1.STEP',
    '2024-06-20T01:01:34',
    ( '' ),
    ( '' ),
    'SwSTEP 2.0',
    'SolidWorks 2024',
    '' );
FILE_SCHEMA (( 'AUTOMOTIVE_DESIGN' ));
ENDSEC;

DATA;
#1 = CARTESIAN_POINT ( 'NONE',  ( 730.2182250793149478, 407.9999999999999432, 155.0722352762490459 ) ) ;
#2 = CARTESIAN_POINT ( 'NONE',  ( 437.8334573427202372, 682.2783872588915983, 193.5883615309535344 ) ) ;
#3 = CARTESIAN_POINT ( 'NONE',  ( 364.6117666232463534, 137.9947684462907489, 185.8043052159664228 ) ) ;
#4 = CARTESIAN_POINT ( 'NONE',  ( 332.9258602861434042, 407.9999999999999432, 239.9346279839265605 ) ) ;
#5 = PRESENTATION_LAYER_ASSIGNMENT (  '', '', ( #332 ) ) ;
#6 = ORIENTED_EDGE ( 'NONE', *, *, #467, .F. ) ;
#7 = STYLED_ITEM ( 'NONE', ( #1936 ), #800 ) ;
#8 = CARTESIAN_POINT ( 'NONE',  ( 422.0627456176664509, 161.2585633455779544, 207.5070521970922641 ) ) ;
#9 = CARTESIAN_POINT ( 'NONE',  ( 383.9157196452159724, 674.5272524599336066, 188.9116846981508502 ) ) ;
#10 = EDGE_CURVE ( 'NONE', #930, #1187, #2481, .T. ) ;
#11 = CARTESIAN_POINT ( 'NONE',  ( 379.9561324505048105, 681.2270135107141869, 194.2438227705105191 ) ) ;
#12 = CARTESIAN_POINT ( 'NONE',  ( 369.7790897149091052, 145.4205292057870054, 199.0372115661380974 ) ) ;
#13 = CARTESIAN_POINT ( 'NONE',  ( 628.2048908778149325, 407.9999999999999432, 210.4316216818835699 ) ) ;
#14 = B_SPLINE_CURVE_WITH_KNOTS ( 'NONE', 3,
 ( #391, #1975, #1575, #805, #2359, #2212, #1561, #189, #1390, #2371, #1597, #593, #1377, #2189, #430, #1811, #1399, #1180, #9, #2178, #1609, #1821, #236, #1986, #771, #983, #1773, #2200, #577, #2554, #1363, #380, #2168, #1205, #199, #994, #1786, #400, #1589, #2392, #2382, #415, #606, #620, #1191, #1998, #212, #1008, #1799, #19, #2011, #223, #1018, #1455, #51, #667, #840, #482, #1438, #1041, #284, #442, #2070, #886, #2253, #2463, #1287, #2234, #1080, #653, #1622, #303, #454, #1834, #1066, #62, #2411, #2281, #1880, #1257, #1633, #1678, #829, #2053, #1094, #693, #94, #1480, #1240, #680, #2039, #1226, #2421, #76, #643, #496, #1426, #2029, #469, #261, #871, #271, #855, #2222, #1862, #248, #1848, #1666, #1053, #1647, #2434, #41, #2088, #2451, #1468, #2267, #1270, #136, #536, #2476, #1521, #108, #1924, #2312, #902, #706, #2503, #525, #931, #2323, #1496, #1720, #2491, #730, #1935, #1324, #1910, #2099, #316, #1690, #2128, #122, #1312, #512, #1509, #1301, #340, #1107, #2297, #1134, #147, #1897, #916, #1708, #719, #2113, #328, #1120, #1366, #1402, #2373, #1379, #1590, #1193, #635, #214, #1009, #609 ),
 .UNSPECIFIED., .F., .F.,
 ( 4, 2, 2, 2, 1, 1, 1, 1, 1, 2, 2, 2, 2, 2, 1, 1, 1, 1, 1, 1, 2, 2, 2, 2, 2, 1, 1, 1, 2, 2, 2, 2, 2, 1, 1, 1, 1, 1, 1, 2, 2, 2, 2, 2, 1, 1, 1, 1, 2, 2, 2, 2, 2, 1, 1, 2, 2, 2, 2, 2, 1, 1, 1, 1, 1, 2, 2, 2, 2, 2, 1, 1, 1, 1, 1, 1, 2, 2, 2, 2, 2, 1, 1, 1, 1, 1, 2, 2, 2, 2, 2, 1, 1, 1, 1, 1, 1, 2, 2, 2, 2, 2, 1, 1, 1, 1, 2, 2, 2, 4 ),
 ( 0.000000000000000000, 0.06249999999904182202, 0.09374999999856273303, 0.1093749999983228971, 0.1171874999982022575, 0.1210937499981417642, 0.1230468749981118437, 0.1240234374980977161, 0.1245117187480907356, 0.1247558593730873910, 0.1249999999980840326, 0.1562499999977798315, 0.1718749999976277865, 0.1796874999975517084, 0.1835937499975144882, 0.1855468749974962805, 0.1865234374974870935, 0.1870117187474830134, 0.1872558593724806264, 0.1873779296849798770, 0.1874389648412290443, 0.1874999999974781839, 0.2187499999968096076, 0.2343749999964746533, 0.2421874999963065933, 0.2460937499962221886, 0.2480468749961801667, 0.2490234374961594332, 0.2495117187461491082, 0.2499999999961387553, 0.2812499999955003771, 0.2968749999951811325, 0.3046874999950223151, 0.3085937499949420459, 0.3105468749949020224, 0.3115234374948830376, 0.3120117187448739893, 0.3122558593698691598, 0.3123779296823681606, 0.3124389648386189933, 0.3124999999948698259, 0.3437499999952988716, 0.3593749999955139773, 0.3671874999956215579, 0.3710937499956754593, 0.3730468749957013830, 0.3740234374957144281, 0.3745117187457218111, 0.3747558593707250862, 0.3749999999957284169, 0.4374999999964940267, 0.4687499999968765541, 0.4843749999970669018, 0.4921874999971629916, 0.4960937499972110087, 0.4980468749972348230, 0.4999999999972586373, 0.5624999999980131449, 0.5937499999983915089, 0.6093749999985798027, 0.6171874999986727284, 0.6210937499987199129, 0.6230468749987427834, 0.6240234374987533306, 0.6245117187487577715, 0.6247558593737608801, 0.6249999999987638777, 0.6562499999988961052, 0.6718749999989622745, 0.6796874999989958033, 0.6835937499990125676, 0.6855468749990203392, 0.6865234374990235588, 0.6870117187490248911, 0.6872558593740255573, 0.6873779296865261124, 0.6874389648427758903, 0.6874999999990255573, 0.7187499999989711563, 0.7343749999989443999, 0.7421874999989308552, 0.7460937499989241939, 0.7480468749989213073, 0.7490234374989198640, 0.7495117187489198640, 0.7497558593739204191, 0.7498779296864210853, 0.7499999999989217514, 0.7812499999992628119, 0.7968749999994341193, 0.8046874999995199396, 0.8085937499995629052, 0.8105468749995843325, 0.8115234374995948796, 0.8120117187496003197, 0.8122558593746019850, 0.8123779296871028732, 0.8124389648433543165, 0.8124999999996056488, 0.8437499999998026023, 0.8593749999999015232, 0.8671874999999509281, 0.8710937499999755751, 0.8730468749999874545, 0.8740234374999938938, 0.8745117187499961142, 0.8747558593749968914, 0.8749999999999975575, 0.9374999999999987788, 1.000000000000000000 ),
 .UNSPECIFIED. ) ;
#15 = CARTESIAN_POINT ( 'NONE',  ( 358.0147136948571074, 111.9317850993822105, 169.6872401810502993 ) ) ;
#16 = CARTESIAN_POINT ( 'NONE',  ( 449.2959655281036930, 141.3463204444338430, 187.7506598472930932 ) ) ;
#17 = ORIENTED_EDGE ( 'NONE', *, *, #533, .T. ) ;
#18 = CARTESIAN_POINT ( 'NONE',  ( 123.6912113535810818, 407.9999999999999432, 202.4773851629070691 ) ) ;
#19 = CARTESIAN_POINT ( 'NONE',  ( 367.2518228772009934, 687.1049461882890910, 180.9890654711959712 ) ) ;
#20 = FACE_OUTER_BOUND ( 'NONE', #1756, .T. ) ;
#21 = CARTESIAN_POINT ( 'NONE',  ( 374.1180604654184094, 685.0991169566259487, 191.8159622560352204 ) ) ;
#22 = CARTESIAN_POINT ( 'NONE',  ( 370.9156121669408321, 146.6819830519383459, 199.7302199163746650 ) ) ;
#23 = CARTESIAN_POINT ( 'NONE',  ( 773.5683877392393697, 407.9999999999999432, 110.7902665383980434 ) ) ;
#24 = CARTESIAN_POINT ( 'NONE',  ( 360.9107865807496864, 129.9555906419011535, 181.0238616925848305 ) ) ;
#25 = CARTESIAN_POINT ( 'NONE',  ( 452.5899118188229977, 135.8221760761984456, 184.5306085951470436 ) ) ;
#26 = CARTESIAN_POINT ( 'NONE',  ( 428.4692646918663286, 747.8959528876146123, 137.7135008531486733 ) ) ;
#27 = CARTESIAN_POINT ( 'NONE',  ( 3.801476283455562655, 407.9999999999999432, 60.20712268590795446 ) ) ;
#28 =( LENGTH_UNIT ( ) NAMED_UNIT ( * ) SI_UNIT ( .MILLI., .METRE. ) );
#29 = CARTESIAN_POINT ( 'NONE',  ( 408.0000000000000000, 407.9999999999999432, 5.550994969696892614E-14 ) ) ;
#30 = CARTESIAN_POINT ( 'NONE',  ( 451.6598553062169117, 88.72885245299026735, 163.8038442927242500 ) ) ;
#31 = CARTESIAN_POINT ( 'NONE',  ( 370.7955465611784689, 687.9917605467556996, 189.9790809567124370 ) ) ;
#32 = CARTESIAN_POINT ( 'NONE',  ( 360.0947399336943135, 98.82366141851360908, 170.7214976705681693 ) ) ;
#33 = CARTESIAN_POINT ( 'NONE',  ( 373.0795954364390354, 149.1007005327315937, 192.1579129099280010 ) ) ;
#34 = CARTESIAN_POINT ( 'NONE',  ( 428.8119247022673903, 158.6074792506416884, 197.3538589426065073 ) ) ;
#35 = VERTEX_POINT ( 'NONE', #2230 ) ;
#36 = SURFACE_STYLE_USAGE ( .BOTH. , #1214 ) ;
#37 = EDGE_CURVE ( 'NONE', #1450, #174, #1242, .T. ) ;
#38 = DIRECTION ( 'NONE',  ( -3.246433222313155121E-43, 1.000000000000000000, -1.131538266383779192E-22 ) ) ;
#39 = COLOUR_RGB ( '',1.000000000000000000, 1.000000000000000000, 1.000000000000000000 ) ;
#40 = STYLED_ITEM ( 'NONE', ( #1800 ), #692 ) ;
#41 = CARTESIAN_POINT ( 'NONE',  ( 366.3181704101127139, 733.5843089773170504, 148.7010898578052718 ) ) ;
#42 = CARTESIAN_POINT ( 'NONE',  ( 453.5673292822980898, 92.55873987089329091, 166.4650548196849797 ) ) ;
#43 = CIRCLE ( 'NONE', #631, 396.8067599218979353 ) ;
#44 = CARTESIAN_POINT ( 'NONE',  ( 792.1481187494479173, 407.9999999999999432, 83.12984389282236464 ) ) ;
#45 = CARTESIAN_POINT ( 'NONE',  ( 380.1143385133947845, 681.1363887246232025, 194.3003068959776272 ) ) ;
#46 = CARTESIAN_POINT ( 'NONE',  ( 360.6537511160221925, 97.05408963735997929, 169.5323408449097258 ) ) ;
#47 = CARTESIAN_POINT ( 'NONE',  ( 370.2787729232694005, 145.9651114019204101, 190.3879289871331366 ) ) ;
#48 = CARTESIAN_POINT ( 'NONE',  ( 455.1051032174098623, 129.9110149393994220, 180.9969010258267872 ) ) ;
#49 = EDGE_LOOP ( 'NONE', ( #602, #1079, #718, #1508, #1025, #1300 ) ) ;
#50 = PRODUCT_DEFINITION ( 'æœ', '', #1536, #1882 ) ;
#51 = CARTESIAN_POINT ( 'NONE',  ( 366.4996965270159990, 688.0218231001804270, 180.3985451844808949 ) ) ;
#52 = CARTESIAN_POINT ( 'NONE',  ( 418.5433007454007566, 64.26894124526788232, 145.5129166023054950 ) ) ;
#53 = CARTESIAN_POINT ( 'NONE',  ( 453.6572709680304456, 727.7774657515899435, 153.0094567065097806 ) ) ;
#54 =( LENGTH_UNIT ( ) NAMED_UNIT ( * ) SI_UNIT ( .MILLI., .METRE. ) );
#55 = CARTESIAN_POINT ( 'NONE',  ( 797.8140656277898870, 408.0000000000001137, 72.56105059050645423 ) ) ;
#56 = CARTESIAN_POINT ( 'NONE',  ( 359.0336359273828180, 103.0305781875021722, 173.5127330529610958 ) ) ;
#57 = CARTESIAN_POINT ( 'NONE',  ( 386.5032082547922982, 158.2885206548669714, 197.1825869494665255 ) ) ;
#58 = CARTESIAN_POINT ( 'NONE',  ( 454.9876268894201417, 130.2380093567246888, 181.1945755019553985 ) ) ;
#59 = ORIENTED_EDGE ( 'NONE', *, *, #2076, .F. ) ;
#60 = FILL_AREA_STYLE_COLOUR ( '', #1877 ) ;
#61 = DIRECTION ( 'NONE',  ( -2.869044131126252138E-21, -1.131538266383779192E-22, -1.000000000000000000 ) ) ;
#62 = CARTESIAN_POINT ( 'NONE',  ( 360.4842724361968180, 698.0165290889868857, 173.8506894070868611 ) ) ;
#63 = B_SPLINE_CURVE_WITH_KNOTS ( 'NONE', 3,
 ( #918, #2299, #1899, #1668, #484, #273 ),
 .UNSPECIFIED., .F., .F.,
 ( 4, 1, 1, 4 ),
 ( 0.1037506196896849919, 0.2950262562078309614, 0.5243479125509349359, 0.9787871535328429573 ),
 .UNSPECIFIED. ) ;
#64 = CARTESIAN_POINT ( 'NONE',  ( 444.4598421209494177, 78.92949546979427566, 156.7522235634758658 ) ) ;
#65 = CARTESIAN_POINT ( 'NONE',  ( 449.5626522113869896, 733.7275836311666808, 148.5937241658451171 ) ) ;
#66 = CARTESIAN_POINT ( 'NONE',  ( 11.19324007810201849, 407.9999999999998863, 57.14741224141265263 ) ) ;
#67 = EDGE_CURVE ( 'NONE', #1133, #2450, #1362, .T. ) ;
#68 = CARTESIAN_POINT ( 'NONE',  ( 361.6645045434365215, 94.35582133529474902, 167.6982460414587592 ) ) ;
#69 = CARTESIAN_POINT ( 'NONE',  ( 449.7970408799750430, 738.0651777432703966, 155.4044764232140778 ) ) ;
#70 = CARTESIAN_POINT ( 'NONE',  ( 386.1233350283461618, 752.0239396001809382, 144.7450576790922128 ) ) ;
#71 = CARTESIAN_POINT ( 'NONE',  ( 455.8581461164515076, 98.66712021749178518, 160.7337319814423324 ) ) ;
#72 = CARTESIAN_POINT ( 'NONE',  ( 408.0000000000000568, 669.2469347514728497, 192.1367545322035539 ) ) ;
#73 = CARTESIAN_POINT ( 'NONE',  ( 398.0585565676442457, 64.14207025884147129, 134.3334844174708280 ) ) ;
#74 = CARTESIAN_POINT ( 'NONE',  ( 430.6306196832042588, 751.7105808064554822, 144.9894190050746658 ) ) ;
#75 = CARTESIAN_POINT ( 'NONE',  ( 14.05472490461007240, 407.9999999999999432, 63.84634643007945698 ) ) ;
#76 = CARTESIAN_POINT ( 'NONE',  ( 361.0231232533828916, 725.1454142927374278, 154.9347724786491654 ) ) ;
#77 =( GEOMETRIC_REPRESENTATION_CONTEXT ( 3 ) GLOBAL_UNCERTAINTY_ASSIGNED_CONTEXT ( ( #936 ) ) GLOBAL_UNIT_ASSIGNED_CONTEXT ( ( #1619, #641, #439 ) ) REPRESENTATION_CONTEXT ( 'NONE', 'WORKASPACE' ) );
#78 = CARTESIAN_POINT ( 'NONE',  ( 456.7222426259535268, 101.9106904355995766, 172.7752337937583036 ) ) ;
#79 = CARTESIAN_POINT ( 'NONE',  ( 408.0000000000000000, 7.999999999999952038, 5.550998538673141421E-14 ) ) ;
#80 = COLOUR_RGB ( '',1.000000000000000000, 1.000000000000000000, 1.000000000000000000 ) ;
#81 = CIRCLE ( 'NONE', #1614, 399.9999999999998863 ) ;
#82 = CARTESIAN_POINT ( 'NONE',  ( 455.6759053660366590, 698.7237998579695386, 173.3709226844658815 ) ) ;
#83 = CARTESIAN_POINT ( 'NONE',  ( 42.43161226076053083, 407.9999999999999432, 110.7902665383980434 ) ) ;
#84 = CARTESIAN_POINT ( 'NONE',  ( 23.85188125055204367, 407.9999999999998863, 83.12984389282236464 ) ) ;
#85 = CARTESIAN_POINT ( 'NONE',  ( 358.6194192907353226, 105.2869240751822275, 174.9879699656088690 ) ) ;
#86 = AXIS2_PLACEMENT_3D ( 'NONE', #1982, #991, #978 ) ;
#87 = CARTESIAN_POINT ( 'NONE',  ( 457.9067044643080067, 713.2105873060214662, 173.2456724134062540 ) ) ;
#88 =( GEOMETRIC_REPRESENTATION_CONTEXT ( 3 ) GLOBAL_UNCERTAINTY_ASSIGNED_CONTEXT ( ( #2436 ) ) GLOBAL_UNIT_ASSIGNED_CONTEXT ( ( #2036, #617, #2186 ) ) REPRESENTATION_CONTEXT ( 'NONE', 'WORKASPACE' ) );
#89 = CARTESIAN_POINT ( 'NONE',  ( 380.2533033738905601, 749.3405282888003285, 146.8317371745361299 ) ) ;
#90 = CARTESIAN_POINT ( 'NONE',  ( 455.8256017757611289, 98.56005470836345239, 160.6591155395123565 ) ) ;
#91 = CARTESIAN_POINT ( 'NONE',  ( 397.6703794913468073, 64.22311367695246531, 134.4018715885475785 ) ) ;
#92 = CARTESIAN_POINT ( 'NONE',  ( 390.5805521315061810, 160.0207383710218494, 206.8644226369650028 ) ) ;
#93 = ORIENTED_EDGE ( 'NONE', *, *, #418, .T. ) ;
#94 = CARTESIAN_POINT ( 'NONE',  ( 358.0000446543179464, 711.0951975045592235, 164.9359048996812476 ) ) ;
#95 = CARTESIAN_POINT ( 'NONE',  ( 456.4388504580442145, 100.7397683370422783, 172.0006342551990315 ) ) ;
#96 = CARTESIAN_POINT ( 'NONE',  ( 408.0000000000000000, 7.999999999999952038, -1.165844526381752986E-18 ) ) ;
#97 = CARTESIAN_POINT ( 'NONE',  ( 443.3197640241309614, 739.7875030484776744, 144.0046668665138725 ) ) ;
#98 = CARTESIAN_POINT ( 'NONE',  ( 85.78177492068500953, 407.9999999999999432, 155.0722352762490459 ) ) ;
#99 = DIRECTION ( 'NONE',  ( 0.000000000000000000, 1.000000000000000000, -8.922440622770905626E-23 ) ) ;
#100 = CARTESIAN_POINT ( 'NONE',  ( 454.2212186374234761, 731.3275649653459141, 160.3802193939725385 ) ) ;
#101 = CARTESIAN_POINT ( 'NONE',  ( 392.0831099075691100, 753.9287924163387515, 143.2518248878970155 ) ) ;
#102 = CARTESIAN_POINT ( 'NONE',  ( 454.5252929569075491, 94.82949265632205993, 158.0353387907966862 ) ) ;
#103 = CARTESIAN_POINT ( 'NONE',  ( 435.0765206297438112, 680.6829854546305114, 194.5827146794092926 ) ) ;
#104 = CARTESIAN_POINT ( 'NONE',  ( 397.3086861056814882, 64.30110560783738549, 134.4676683632735603 ) ) ;
#105 = CARTESIAN_POINT ( 'NONE',  ( 387.4531532310849116, 158.7279468799806352, 206.1897727066552477 ) ) ;
#106 = SURFACE_STYLE_USAGE ( .BOTH. , #441 ) ;
#107 = ORIENTED_EDGE ( 'NONE', *, *, #2187, .T. ) ;
#108 = CARTESIAN_POINT ( 'NONE',  ( 370.0101103234595712, 737.5032183670124368, 145.7456549523753893 ) ) ;
#109 = CARTESIAN_POINT ( 'NONE',  ( 457.4344631319054315, 120.6471864721875278, 184.6626411155485243 ) ) ;
#110 = LINE ( 'NONE', #2101, #2165 ) ;
#111 = CARTESIAN_POINT ( 'NONE',  ( 439.5144757846871357, 742.5145271351098017, 141.9092917992220748 ) ) ;
#112 = CARTESIAN_POINT ( 'NONE',  ( 152.1456014791335178, -103.7087970417335896, 195.1633597744526583 ) ) ;
#113 = CARTESIAN_POINT ( 'NONE',  ( 370.3161158819831940, 80.28036506936331307, 157.7448061974621680 ) ) ;
#114 = CARTESIAN_POINT ( 'NONE',  ( 457.3978706838454968, 709.2889023480960304, 175.9363764882885164 ) ) ;
#115 = CARTESIAN_POINT ( 'NONE',  ( 385.8420920098626539, 157.9703052482537373, 197.0114738701132353 ) ) ;
#116 = CARTESIAN_POINT ( 'NONE',  ( 456.9802327392459915, 103.0976690059279974, 163.7868716187878988 ) ) ;
#117 = CARTESIAN_POINT ( 'NONE',  ( 426.9081580947930092, 677.0611222657541930, 196.8231574268820339 ) ) ;
#118 = CARTESIAN_POINT ( 'NONE',  ( 397.4764314525428404, 64.26463946097086932, 134.4369059999598903 ) ) ;
#119 = DIRECTION ( 'NONE',  ( 1.000000000000000000, -6.245004513516506772E-17, -2.943534393218535570E-21 ) ) ;
#120 = ORIENTED_EDGE ( 'NONE', *, *, #504, .T. ) ;
#121 = EDGE_CURVE ( 'NONE', #185, #1373, #246, .T. ) ;
#122 = CARTESIAN_POINT ( 'NONE',  ( 380.0360346479540681, 744.5892965579598695, 140.3002627836339400 ) ) ;
#123 = CARTESIAN_POINT ( 'NONE',  ( 454.2460674402153131, 94.13625330166533445, 167.5481019474990774 ) ) ;
#124 = CARTESIAN_POINT ( 'NONE',  ( 408.0000000000000000, 3.801476283455507144, 60.20712268590816052 ) ) ;
#125 = CARTESIAN_POINT ( 'NONE',  ( 430.6897451551609493, 673.8977201882065629, 189.2993551742713692 ) ) ;
#126 = CARTESIAN_POINT ( 'NONE',  ( 355.1738929538129810, 407.9999999999999432, 241.1422276371325495 ) ) ;
#127 = CARTESIAN_POINT ( 'NONE',  ( 378.7433379891642744, 72.59783785906672904, 152.0075254379678427 ) ) ;
#128 = CARTESIAN_POINT ( 'NONE',  ( 458.0026415258790848, 718.3238877733824665, 169.6953888312849301 ) ) ;
#129 =( GEOMETRIC_REPRESENTATION_CONTEXT ( 3 ) GLOBAL_UNCERTAINTY_ASSIGNED_CONTEXT ( ( #160 ) ) GLOBAL_UNIT_ASSIGNED_CONTEXT ( ( #1315, #971, #1111 ) ) REPRESENTATION_CONTEXT ( 'NONE', 'WORKASPACE' ) );
#130 = CARTESIAN_POINT ( 'NONE',  ( 366.5110674789144127, 738.4365350016820457, 155.1270844674135674 ) ) ;
#131 = CARTESIAN_POINT ( 'NONE',  ( 454.3227655786623700, 94.32445441203158509, 157.6762687935591600 ) ) ;
#132 = CARTESIAN_POINT ( 'NONE',  ( 419.0668170044172030, 674.9258017364558100, 198.1325049448555831 ) ) ;
#133 = CARTESIAN_POINT ( 'NONE',  ( 370.5075834339309608, 80.03323888236518258, 147.1202115410962961 ) ) ;
#134 = FILL_AREA_STYLE ('',( #2501 ) ) ;
#135 = ORIENTED_EDGE ( 'NONE', *, *, #151, .F. ) ;
#136 = CARTESIAN_POINT ( 'NONE',  ( 366.4248747132031667, 733.7126432528008309, 148.6049221903112993 ) ) ;
#137 = CARTESIAN_POINT ( 'NONE',  ( 458.0238799781341186, 113.7897822019183138, 180.4251188864251674 ) ) ;
#138 = UNCERTAINTY_MEASURE_WITH_UNIT (LENGTH_MEASURE( 1.000000000000000082E-05 ), #263, 'distance_accuracy_value', 'NONE');
#139 = CARTESIAN_POINT ( 'NONE',  ( 450.5614506586382504, 689.4035943320118349, 179.5050541082120219 ) ) ;
#140 = CARTESIAN_POINT ( 'NONE',  ( 387.4653882246414014, 67.55599426469717628, 148.1122221916830881 ) ) ;
#141 = CARTESIAN_POINT ( 'NONE',  ( 358.3805372083143084, 721.0087154153956135, 167.7985756114708806 ) ) ;
#142 = CARTESIAN_POINT ( 'NONE',  ( 454.3361774170480203, 94.35748457111378684, 157.6997750578061357 ) ) ;
#143 = CARTESIAN_POINT ( 'NONE',  ( 408.0000000000000568, 673.8874303028424038, 198.7640690041875473 ) ) ;
#144 = CARTESIAN_POINT ( 'NONE',  ( 360.1444435891047533, 98.65864541179085734, 160.7278066717782110 ) ) ;
#145 = EDGE_LOOP ( 'NONE', ( #1971, #2502, #549, #901, #2248, #1586 ) ) ;
#146 = CARTESIAN_POINT ( 'NONE',  ( 457.9999999999999432, 507.9999999999998863, 249.2880578929144804 ) ) ;
#147 = CARTESIAN_POINT ( 'NONE',  ( 383.2096304203250838, 746.1714723578522808, 139.0668120233962668 ) ) ;
#148 =( NAMED_UNIT ( * ) PLANE_ANGLE_UNIT ( ) SI_UNIT ( $, .RADIAN. ) );
#149 = CARTESIAN_POINT ( 'NONE',  ( 454.2073155555161179, 695.3817481769698361, 175.5920129266392848 ) ) ;
#150 = CARTESIAN_POINT ( 'NONE',  ( 395.2931438320060238, 64.78437391175079085, 145.9239442303754686 ) ) ;
#151 = EDGE_CURVE ( 'NONE', #679, #779, #1488, .T. ) ;
#152 = CARTESIAN_POINT ( 'NONE',  ( 361.5063269729789681, 700.5834096417562478, 181.7903199771966740 ) ) ;
#153 = CARTESIAN_POINT ( 'NONE',  ( 450.5975079775340078, 86.96299879197677285, 152.3375307760937574 ) ) ;
#154 = CARTESIAN_POINT ( 'NONE',  ( 452.5735552980194143, 697.0157121994166118, 184.1440664911418139 ) ) ;
#155 = CARTESIAN_POINT ( 'NONE',  ( 365.0886290545364545, 87.44748241456984772, 152.6974994466303599 ) ) ;
#156 = FILL_AREA_STYLE ('',( #2333 ) ) ;
#157 = ORIENTED_EDGE ( 'NONE', *, *, #1654, .F. ) ;
#158 = CARTESIAN_POINT ( 'NONE',  ( 408.0000000000000000, 407.9999999999999432, -1.201534288872777363E-18 ) ) ;
#159 = CARTESIAN_POINT ( 'NONE',  ( 415.0953654548880536, 162.7668769321939521, 208.2860129448493183 ) ) ;
#160 = UNCERTAINTY_MEASURE_WITH_UNIT (LENGTH_MEASURE( 1.000000000000000082E-05 ), #1315, 'distance_accuracy_value', 'NONE');
#161 = CARTESIAN_POINT ( 'NONE',  ( 445.2037931366159000, 683.3684763917281089, 183.3776228050728037 ) ) ;
#162 =( NAMED_UNIT ( * ) PLANE_ANGLE_UNIT ( ) SI_UNIT ( $, .RADIAN. ) );
#163 = CARTESIAN_POINT ( 'NONE',  ( 449.5855340948134540, 738.3209572465440260, 155.2134501410238840 ) ) ;
#164 = CARTESIAN_POINT ( 'NONE',  ( 361.6472453648229362, 700.2910976367651301, 181.9841255215496574 ) ) ;
#165 = CARTESIAN_POINT ( 'NONE',  ( 372.3452685474292707, 148.2007841192264834, 200.5617375960283653 ) ) ;
#166 = MECHANICAL_DESIGN_GEOMETRIC_PRESENTATION_REPRESENTATION (  '', ( #2120 ), #821 ) ;
#167 = CARTESIAN_POINT ( 'NONE',  ( 428.6275162469019619, 67.59795575939196510, 137.2197394379088848 ) ) ;
#168 = AXIS2_PLACEMENT_3D ( 'NONE', #29, #1216, #1169 ) ;
#169 = CARTESIAN_POINT ( 'NONE',  ( 436.6905001894480733, 681.5919147892994943, 194.0164846266582117 ) ) ;
#170 = AXIS2_PLACEMENT_3D ( 'NONE', #891, #1681, #2469 ) ;
#171 = CARTESIAN_POINT ( 'NONE',  ( 359.0336860322489088, 103.0303463662596783, 163.7409602701496851 ) ) ;
#172 = DIRECTION ( 'NONE',  ( 3.582222452195526079E-17, 0.5735764363510481578, 0.8191520442889904663 ) ) ;
#173 = CIRCLE ( 'NONE', #1792, 50.00000000000004263 ) ;
#174 = VERTEX_POINT ( 'NONE', #2231 ) ;
#175 = CARTESIAN_POINT ( 'NONE',  ( 327.2854274964342380, 569.4291450071314102, 247.8193113324502974 ) ) ;
#176 = CARTESIAN_POINT ( 'NONE',  ( 430.0600437283512179, 158.0185142845308803, 205.8178984627510033 ) ) ;
#177 = CARTESIAN_POINT ( 'NONE',  ( 450.2112650998166714, 688.9358023822962878, 179.8079650168501189 ) ) ;
#178 = CARTESIAN_POINT ( 'NONE',  ( 355.1738929538129241, 302.3477859076256777, 241.1422276371324074 ) ) ;
#179 = SURFACE_STYLE_USAGE ( .BOTH. , #1963 ) ;
#180 = CARTESIAN_POINT ( 'NONE',  ( 368.4428342281271398, 740.5879160716619936, 153.5135155735209196 ) ) ;
#181 = CARTESIAN_POINT ( 'NONE',  ( 358.4160678162864997, 119.7275495949304229, 184.1031467314584233 ) ) ;
#182 = CARTESIAN_POINT ( 'NONE',  ( 450.1580630312654421, 86.26165945568648397, 151.8179795330607931 ) ) ;
#183 = CARTESIAN_POINT ( 'NONE',  ( 443.3033029177611297, 686.3024657869261773, 191.0530091985505123 ) ) ;
#184 = CARTESIAN_POINT ( 'NONE',  ( 359.0476827467367116, 102.9627834279474996, 163.6948747188615698 ) ) ;
#185 = VERTEX_POINT ( 'NONE', #2049 ) ;
#186 = CARTESIAN_POINT ( 'NONE',  ( 332.9258602861434042, 558.1482794277130779, 239.9346279839264184 ) ) ;
#187 = CARTESIAN_POINT ( 'NONE',  ( 445.5946092942700716, 146.1100529187676784, 199.4157788935730196 ) ) ;
#188 = CARTESIAN_POINT ( 'NONE',  ( 408.0000000000000000, 407.9999999999999432, 57.14741224141265263 ) ) ;
#189 = CARTESIAN_POINT ( 'NONE',  ( 390.8521342625799093, 671.8419703744219760, 190.5593070586333226 ) ) ;
#190 = CARTESIAN_POINT ( 'NONE',  ( 401.7104701364276025, 674.1353744688387906, 198.6145642395334789 ) ) ;
#191 = CARTESIAN_POINT ( 'NONE',  ( 364.2407295663528544, 137.3828167137791354, 194.5294767339085524 ) ) ;
#192 = CARTESIAN_POINT ( 'NONE',  ( 419.0519569930550006, 64.38124677132809381, 134.5352663429516724 ) ) ;
#193 = CARTESIAN_POINT ( 'NONE',  ( 449.5202182811919442, 692.6651432604357979, 186.9781304520360266 ) ) ;
#194 = CARTESIAN_POINT ( 'NONE',  ( 358.1312133650112060, 109.4660522686772026, 168.0642405835026807 ) ) ;
#195 = SURFACE_STYLE_USAGE ( .BOTH. , #375 ) ;
#196 = ORIENTED_EDGE ( 'NONE', *, *, #67, .F. ) ;
#197 = SURFACE_STYLE_USAGE ( .BOTH. , #1374 ) ;
#198 = ADVANCED_FACE ( 'NONE', ( #1376 ), #592, .F. ) ;
#199 = CARTESIAN_POINT ( 'NONE',  ( 376.2139452788881044, 678.9683633212811174, 186.1532126416103665 ) ) ;
#200 = DIRECTION ( 'NONE',  ( -2.869044131126252138E-21, -1.131538266383779192E-22, -1.000000000000000000 ) ) ;
#201 = LINE ( 'NONE', #1391, #1282 ) ;
#202 = CARTESIAN_POINT ( 'NONE',  ( 385.3161738891159303, 678.5289297125366375, 195.9186963033310747 ) ) ;
#203 = PRODUCT ( '\X2\88c5914d4f53\X0\1', '\X2\88c5914d4f53\X0\1', '', ( #2493 ) ) ;
#204 = CARTESIAN_POINT ( 'NONE',  ( 373.8970960058532000, 149.7198169586771712, 201.3882640539557087 ) ) ;
#205 = CARTESIAN_POINT ( 'NONE',  ( 698.3226908625043734, 407.9999999999999432, 177.1586916147690545 ) ) ;
#206 = CARTESIAN_POINT ( 'NONE',  ( 363.1004905676042540, 135.1597441872077070, 184.1372926658938241 ) ) ;
#207 = CARTESIAN_POINT ( 'NONE',  ( 457.9999999999999432, 407.9999999999999432, 241.2788935075005554 ) ) ;
#208 = TOROIDAL_SURFACE ( 'NONE', #2330, 358.0000000000000000, 50.00000000000000000 ) ;
#209 = ORIENTED_EDGE ( 'NONE', *, *, #1840, .F. ) ;
#210 = SURFACE_STYLE_FILL_AREA ( #1994 ) ;
#211 = CARTESIAN_POINT ( 'NONE',  ( 812.1985237165448552, -400.3970474330887441, 60.20712268590806104 ) ) ;
#212 = CARTESIAN_POINT ( 'NONE',  ( 369.7982965226704550, 684.3048015135074138, 182.7826886505135917 ) ) ;
#213 = CARTESIAN_POINT ( 'NONE',  ( 415.1163676614964402, 63.64557202985181306, 145.0148175731567051 ) ) ;
#214 = CARTESIAN_POINT ( 'NONE',  ( 401.7430533661528784, 751.0962520387539598, 135.1822824430379058 ) ) ;
#215 = FILL_AREA_STYLE ('',( #2557 ) ) ;
#216 = CARTESIAN_POINT ( 'NONE',  ( 358.6371091409525320, 121.1011449071261552, 184.9391347407730564 ) ) ;
#217 = CARTESIAN_POINT ( 'NONE',  ( 418.8697451430606975, 64.34046034271069914, 134.5008654000482693 ) ) ;
#218 = CARTESIAN_POINT ( 'NONE',  ( 358.2518755490809781, 118.2094585187389413, 173.7382789700419039 ) ) ;
#219 = CARTESIAN_POINT ( 'NONE',  ( 445.0198705005243482, 146.7534794119267190, 190.8330869618877443 ) ) ;
#220 = ORIENTED_EDGE ( 'NONE', *, *, #312, .F. ) ;
#221 = CARTESIAN_POINT ( 'NONE',  ( 812.1985237165438321, 1216.397047433088574, 60.20712268590796157 ) ) ;
#222 = FILL_AREA_STYLE ('',( #245 ) ) ;
#223 = CARTESIAN_POINT ( 'NONE',  ( 366.8187853223344064, 687.6269881053392510, 180.6530757465558281 ) ) ;
#224 = CARTESIAN_POINT ( 'NONE',  ( 450.9397158349075880, 87.49393733130399653, 162.9327338311782114 ) ) ;
#225 =( NAMED_UNIT ( * ) PLANE_ANGLE_UNIT ( ) SI_UNIT ( $, .RADIAN. ) );
#226 = CARTESIAN_POINT ( 'NONE',  ( 372.5985047783429991, 686.3854714845718945, 191.0003854314226714 ) ) ;
#227 = CARTESIAN_POINT ( 'NONE',  ( 361.1635550386208138, 95.63830220575398755, 168.5726527853603898 ) ) ;
#228 = DIRECTION ( 'NONE',  ( -2.869044131126252138E-21, -1.131538266383779192E-22, -1.000000000000000000 ) ) ;
#229 = EDGE_CURVE ( 'NONE', #1387, #1768, #707, .T. ) ;
#230 = CARTESIAN_POINT ( 'NONE',  ( 366.7156549870652498, 141.3986187917817290, 187.7822883954946178 ) ) ;
#231 = CARTESIAN_POINT ( 'NONE',  ( 451.8570090210242824, 137.2056027768574893, 185.3442336127742180 ) ) ;
#232 = CARTESIAN_POINT ( 'NONE',  ( 435.1109284176564529, 745.0348285844152088, 139.9534505363942571 ) ) ;
#233 = DIRECTION ( 'NONE',  ( -2.869044131126252138E-21, -1.131538266383779192E-22, -1.000000000000000000 ) ) ;
#234 = CARTESIAN_POINT ( 'NONE',  ( 123.6912113535812239, 976.6175772928376091, 202.4773851629069270 ) ) ;
#235 = CARTESIAN_POINT ( 'NONE',  ( 783.5413644694777986, -343.0827289389562793, 129.4381679179747948 ) ) ;
#236 = CARTESIAN_POINT ( 'NONE',  ( 381.1614996279098477, 675.9226678644438380, 188.0491330966293617 ) ) ;
#237 = CARTESIAN_POINT ( 'NONE',  ( 437.2156519526512284, 72.56827798375788063, 151.9849988510424623 ) ) ;
#238 = CARTESIAN_POINT ( 'NONE',  ( 366.9740891147224602, 692.0421303871446526, 187.3813472102665401 ) ) ;
#239 = APPLICATION_CONTEXT ( 'automotive_design' ) ;
#240 = CARTESIAN_POINT ( 'NONE',  ( 358.3288973949651677, 107.3699229968118090, 176.3371268913225265 ) ) ;
#241 = CARTESIAN_POINT ( 'NONE',  ( 358.6236154557881832, 121.0169763880877412, 175.5132786564894047 ) ) ;
#242 = CARTESIAN_POINT ( 'NONE',  ( 455.0787889626294600, 129.9847924949476692, 181.0415219928157171 ) ) ;
#243 = ORIENTED_EDGE ( 'NONE', *, *, #2076, .T. ) ;
#244 = DIRECTION ( 'NONE',  ( 0.000000000000000000, 1.000000000000000000, 0.000000000000000000 ) ) ;
#245 = FILL_AREA_STYLE_COLOUR ( '', #1493 ) ;
#246 = CIRCLE ( 'NONE', #1918, 396.8067599218979353 ) ;
#247 = VECTOR ( 'NONE', #1147, 1000.000000000000227 ) ;
#248 = CARTESIAN_POINT ( 'NONE',  ( 364.5895945537589000, 731.3467313341900535, 150.3714404783363250 ) ) ;
#249 = CARTESIAN_POINT ( 'NONE',  ( 427.1470351415312621, 66.95232987136830616, 147.6387023863957779 ) ) ;
#250 = CIRCLE ( 'NONE', #1453, 407.9999999999999432 ) ;
#251 = CARTESIAN_POINT ( 'NONE',  ( 457.9051141766839237, 713.7976345987882496, 163.0479540951823481 ) ) ;
#252 = CARTESIAN_POINT ( 'NONE',  ( 152.1456014791335178, 407.9999999999999432, 195.1633597744525730 ) ) ;
#253 = CARTESIAN_POINT ( 'NONE',  ( 224.8145392407234908, 407.9999999999998863, 221.8479540277530759 ) ) ;
#254 = CARTESIAN_POINT ( 'NONE',  ( 365.5267429888902484, 86.76150971966953307, 162.4124514763803120 ) ) ;
#255 = CARTESIAN_POINT ( 'NONE',  ( 360.7057625880278238, 129.3716593891388698, 180.6703291753092060 ) ) ;
#256 = CARTESIAN_POINT ( 'NONE',  ( 422.1135434344690793, 161.1450610990376617, 198.7077898199107437 ) ) ;
#257 = ORIENTED_EDGE ( 'NONE', *, *, #1725, .F. ) ;
#258 = CARTESIAN_POINT ( 'NONE',  ( 408.0000000000000000, 113.1446980389444406, 275.0000000000000568 ) ) ;
#259 = CARTESIAN_POINT ( 'NONE',  ( 556.0797268656418737, 407.9999999999999432, 240.3062672616385385 ) ) ;
#260 = SURFACE_STYLE_USAGE ( .BOTH. , #2400 ) ;
#261 = CARTESIAN_POINT ( 'NONE',  ( 361.7771805742415836, 726.7099230168909116, 153.7923091369262920 ) ) ;
#262 = CARTESIAN_POINT ( 'NONE',  ( 444.4327377834914046, 78.90062063659566149, 156.7309410824225324 ) ) ;
#263 =( LENGTH_UNIT ( ) NAMED_UNIT ( * ) SI_UNIT ( .MILLI., .METRE. ) );
#264 = CARTESIAN_POINT ( 'NONE',  ( 449.2646648758929473, 734.0807898822915831, 148.3288269485240676 ) ) ;
#265 = CARTESIAN_POINT ( 'NONE',  ( 23.85188125055173458, -360.2962374988972556, 83.12984389282243569 ) ) ;
#266 = CARTESIAN_POINT ( 'NONE',  ( 365.8349749171486565, 86.27258076248300256, 162.0653967919535887 ) ) ;
#267 = CARTESIAN_POINT ( 'NONE',  ( 404.9207912330737145, 755.9679455970144772, 141.6425137518146755 ) ) ;
#268 = CARTESIAN_POINT ( 'NONE',  ( 457.1558247205683756, 122.3091895400084184, 176.3234270156578418 ) ) ;
#269 = DIRECTION ( 'NONE',  ( 2.869044131126252138E-21, 1.131538266383779192E-22, 1.000000000000000000 ) ) ;
#270 = CARTESIAN_POINT ( 'NONE',  ( 11.19324007810201849, 407.9999999999999432, 57.14741224141265263 ) ) ;
#271 = CARTESIAN_POINT ( 'NONE',  ( 361.7931563349254134, 726.7411445895389761, 153.7694491465642841 ) ) ;
#272 = CARTESIAN_POINT ( 'NONE',  ( 447.9079460183502874, 83.01222828349735039, 159.7315736114962590 ) ) ;
#273 = CARTESIAN_POINT ( 'NONE',  ( 812.1985237165442868, 407.9999999999999432, 60.20712268590816052 ) ) ;
#274 = CARTESIAN_POINT ( 'NONE',  ( 452.5647388800672388, 729.6279110263162693, 151.6457775106455301 ) ) ;
#275 = CARTESIAN_POINT ( 'NONE',  ( 187.7951091221851811, 848.4097817556296377, 210.4316216818832572 ) ) ;
#276 = CARTESIAN_POINT ( 'NONE',  ( 117.6773091374954419, -172.6453817250096279, 177.1586916147689692 ) ) ;
#277 = CARTESIAN_POINT ( 'NONE',  ( 359.0364120454199224, 103.0171448353370636, 173.5039034822912356 ) ) ;
#278 = CARTESIAN_POINT ( 'NONE',  ( 387.5255116772381143, 752.5359051070079204, 144.3443254056695650 ) ) ;
#279 = CARTESIAN_POINT ( 'NONE',  ( 457.9826593968043653, 111.8279709801394546, 169.6192880095819362 ) ) ;
#280 = CARTESIAN_POINT ( 'NONE',  ( 401.7356649384265666, 63.53050358462457581, 133.8164966230081916 ) ) ;
#281 = CARTESIAN_POINT ( 'NONE',  ( 391.4215372896903204, 160.3246980332280032, 207.0224098281883300 ) ) ;
#282 =( NAMED_UNIT ( * ) SI_UNIT ( $, .STERADIAN. ) SOLID_ANGLE_UNIT ( ) );
#283 = EDGE_LOOP ( 'NONE', ( #1743, #257 ) ) ;
#284 = CARTESIAN_POINT ( 'NONE',  ( 366.4383804321372509, 688.0987587959969005, 180.3489013716002205 ) ) ;
#285 = CARTESIAN_POINT ( 'NONE',  ( 457.9394883577984388, 110.6644806590617378, 178.4470469674107846 ) ) ;
#286 = STYLED_ITEM ( 'NONE', ( #540 ), #1969 ) ;
#287 = STYLED_ITEM ( 'NONE', ( #2420 ), #880 ) ;
#288 = CARTESIAN_POINT ( 'NONE',  ( 435.7642432287254906, 744.6951639601203397, 140.2178854876285925 ) ) ;
#289 = CARTESIAN_POINT ( 'NONE',  ( 11.19324007810234356, 1201.613519843795302, 57.14741224141261711 ) ) ;
#290 = CARTESIAN_POINT ( 'NONE',  ( 11.19324007810152999, -385.6135198437967802, 57.14741224141270948 ) ) ;
#291 = CARTESIAN_POINT ( 'NONE',  ( 400.8853407053417186, 63.52304046813809890, 144.9175743493687207 ) ) ;
#292 = CARTESIAN_POINT ( 'NONE',  ( 454.2467175718539352, 731.2775734700396697, 160.4167406361258656 ) ) ;
#293 = AXIS2_PLACEMENT_3D ( 'NONE', #2020, #826, #2308 ) ;
#294 = CARTESIAN_POINT ( 'NONE',  ( 373.0227892528054667, 744.6858113951601581, 150.4089848391168118 ) ) ;
#295 = CARTESIAN_POINT ( 'NONE',  ( 456.9395015551555730, 102.9013972231072529, 163.6529857712364731 ) ) ;
#296 = CARTESIAN_POINT ( 'NONE',  ( 448.0892894406507025, 740.0546288439586533, 153.9154823207429388 ) ) ;
#297 = CARTESIAN_POINT ( 'NONE',  ( 425.6878423788768373, 676.6486601003718988, 197.0766889860123285 ) ) ;
#298 = MANIFOLD_SOLID_BREP ( 'NONE', #661 ) ;
#299 = CARTESIAN_POINT ( 'NONE',  ( 400.8416519349476630, 63.65152181817688870, 133.9189973009685559 ) ) ;
#300 = CARTESIAN_POINT ( 'NONE',  ( 408.0000000000000000, 407.9999999999999432, 5.550994969696892614E-14 ) ) ;
#301 = CARTESIAN_POINT ( 'NONE',  ( 85.78177492068500953, 407.9999999999999432, 155.0722352762490459 ) ) ;
#302 = ORIENTED_EDGE ( 'NONE', *, *, #342, .T. ) ;
#303 = CARTESIAN_POINT ( 'NONE',  ( 361.8404772172033290, 695.2855853498431316, 175.6555643186705424 ) ) ;
#304 = CARTESIAN_POINT ( 'NONE',  ( 457.9893372603931994, 112.1121424880229114, 179.3650469840444543 ) ) ;
#305 = CARTESIAN_POINT ( 'NONE',  ( 449.5481455895187537, 733.7449420615458848, 148.5807130026195466 ) ) ;
#306 = CARTESIAN_POINT ( 'NONE',  ( 18.18593437221005615, 407.9999999999998863, 72.56105059050645423 ) ) ;
#307 = CARTESIAN_POINT ( 'NONE',  ( 372.6979314332159561, 77.69586957916631320, 155.8429672186541097 ) ) ;
#308 = CARTESIAN_POINT ( 'NONE',  ( 455.4095643423885349, 728.7715025311325689, 162.2402840547422898 ) ) ;
#309 = CARTESIAN_POINT ( 'NONE',  ( 390.2727973573701661, 753.4158530424427909, 143.6544828706757926 ) ) ;
#310 = CARTESIAN_POINT ( 'NONE',  ( 457.9846597054429367, 111.9057588251258721, 169.6702087037569413 ) ) ;
#311 = CARTESIAN_POINT ( 'NONE',  ( 444.7658317742788086, 743.2200825075340163, 151.5241327920258527 ) ) ;
#312 = EDGE_CURVE ( 'NONE', #979, #1665, #1530, .T. ) ;
#313 = CARTESIAN_POINT ( 'NONE',  ( 387.3619833917756523, 67.60271229048626651, 137.2236687811088132 ) ) ;
#314 = CARTESIAN_POINT ( 'NONE',  ( 427.4524124240124365, 752.8685876634380065, 144.0835585754917929 ) ) ;
#315 = EDGE_LOOP ( 'NONE', ( #1896, #1797 ) ) ;
#316 = CARTESIAN_POINT ( 'NONE',  ( 379.3571702480746239, 744.2215272510671866, 140.5863359431183710 ) ) ;
#317 = CARTESIAN_POINT ( 'NONE',  ( 455.0614098169602926, 130.0333735296759130, 190.2772096067470784 ) ) ;
#318 = LINE ( 'NONE', #79, #1364 ) ;
#319 = CARTESIAN_POINT ( 'NONE',  ( 435.8366101234901180, 676.4779779842343714, 187.7047830439083498 ) ) ;
#320 = DIRECTION ( 'NONE',  ( -2.869044131126252138E-21, -1.131538266383779192E-22, -1.000000000000000000 ) ) ;
#321 = CARTESIAN_POINT ( 'NONE',  ( 371.4339707155817223, 79.04295249294752068, 156.8358284290483198 ) ) ;
#322 = CARTESIAN_POINT ( 'NONE',  ( 393.8707078023525128, 161.2403231574787696, 198.7584606930675761 ) ) ;
#323 = CARTESIAN_POINT ( 'NONE',  ( 457.7766158903403380, 118.1049892975956794, 173.6742425521657083 ) ) ;
#324 = CARTESIAN_POINT ( 'NONE',  ( 371.5216088772947387, 78.94927212323960930, 146.2832251695370473 ) ) ;
#325 = CARTESIAN_POINT ( 'NONE',  ( 423.9519077029424921, 754.0138085943755186, 143.1859677660197860 ) ) ;
#326 = CARTESIAN_POINT ( 'NONE',  ( 408.0000000000000000, 765.9999999999997726, 41.08393240782226030 ) ) ;
#327 = ORIENTED_EDGE ( 'NONE', *, *, #2446, .T. ) ;
#328 = CARTESIAN_POINT ( 'NONE',  ( 388.2728665359518345, 748.1344015264826339, 137.5255427451478170 ) ) ;
#329 = CARTESIAN_POINT ( 'NONE',  ( 455.0149268068537367, 130.1622415611549570, 190.3528164776153631 ) ) ;
#330 = CARTESIAN_POINT ( 'NONE',  ( 449.7129798765242867, 688.2900805264746396, 180.2253935224653674 ) ) ;
#331 = CARTESIAN_POINT ( 'NONE',  ( 375.7056575550896014, 74.96456905953306205, 153.8005812654483293 ) ) ;
#332 = STYLED_ITEM ( 'NONE', ( #1255 ), #934 ) ;
#333 = CARTESIAN_POINT ( 'NONE',  ( 457.6257137654718008, 710.6083915263668587, 175.0351249976430381 ) ) ;
#334 = CARTESIAN_POINT ( 'NONE',  ( 361.8536189750302583, 731.4732685134790700, 160.2737442545654005 ) ) ;
#335 =( GEOMETRIC_REPRESENTATION_CONTEXT ( 3 ) GLOBAL_UNCERTAINTY_ASSIGNED_CONTEXT ( ( #2140 ) ) GLOBAL_UNIT_ASSIGNED_CONTEXT ( ( #389, #1984, #1360 ) ) REPRESENTATION_CONTEXT ( 'NONE', 'WORKASPACE' ) );
#336 = CARTESIAN_POINT ( 'NONE',  ( 446.4272322795833929, 81.14629884652865144, 147.9706962307291747 ) ) ;
#337 = CARTESIAN_POINT ( 'NONE',  ( 359.0918070400473994, 102.7523835488496076, 163.5512856763443779 ) ) ;
#338 = DIRECTION ( 'NONE',  ( -2.869044131126252138E-21, -1.131538266383779192E-22, -1.000000000000000000 ) ) ;
#339 = ORIENTED_EDGE ( 'NONE', *, *, #10, .T. ) ;
#340 = CARTESIAN_POINT ( 'NONE',  ( 380.2005259156614443, 744.6765584836721246, 140.2323630864771360 ) ) ;
#341 = CARTESIAN_POINT ( 'NONE',  ( 456.8054162351739933, 102.2752574667770773, 173.0157609686860951 ) ) ;
#342 = EDGE_CURVE ( 'NONE', #915, #1213, #1719, .T. ) ;
#343 = CARTESIAN_POINT ( 'NONE',  ( 444.3298302330335332, 682.5689595130102134, 183.8849747353091857 ) ) ;
#344 = SURFACE_STYLE_USAGE ( .BOTH. , #1927 ) ;
#345 = CARTESIAN_POINT ( 'NONE',  ( 407.9999999999942588, 63.14469803894445477, 144.6125823588108403 ) ) ;
#346 = CARTESIAN_POINT ( 'NONE',  ( 362.0768758802137768, 731.8997598751182068, 159.9618252361397595 ) ) ;
#347 = CARTESIAN_POINT ( 'NONE',  ( 431.5352437828272514, 69.02251042731765551, 138.3920813805433454 ) ) ;
#348 = CARTESIAN_POINT ( 'NONE',  ( 362.4682102472120278, 92.48027057243002957, 156.3582548419009868 ) ) ;
#349 = CYLINDRICAL_SURFACE ( 'NONE', #2442, 407.9999999999999432 ) ;
#350 = ORIENTED_EDGE ( 'NONE', *, *, #608, .F. ) ;
#351 = CARTESIAN_POINT ( 'NONE',  ( 591.1854607592764523, 407.9999999999999432, 221.8479540277530759 ) ) ;
#352 = CARTESIAN_POINT ( 'NONE',  ( 449.1470418634175985, 141.5974281572956102, 196.9110528480628091 ) ) ;
#353 = CARTESIAN_POINT ( 'NONE',  ( 437.1065780541740651, 677.2252704045888549, 187.2405927579019931 ) ) ;
#354 = FACE_OUTER_BOUND ( 'NONE', #2475, .T. ) ;
#355 = LINE ( 'NONE', #366, #247 ) ;
#356 = UNCERTAINTY_MEASURE_WITH_UNIT (LENGTH_MEASURE( 1.000000000000000082E-05 ), #1588, 'distance_accuracy_value', 'NONE');
#357 = CARTESIAN_POINT ( 'NONE',  ( 365.4408103743160723, 694.0177490928087991, 186.1011821284178325 ) ) ;
#358 = CARTESIAN_POINT ( 'NONE',  ( 428.6172561079773118, 67.59331008266251217, 137.2159015494584082 ) ) ;
#359 = CARTESIAN_POINT ( 'NONE',  ( 454.1168733466976732, 699.8135738032143536, 182.3003780088793917 ) ) ;
#360 = CARTESIAN_POINT ( 'NONE',  ( 359.1503898680820726, 102.4788945487062080, 163.3644727817258797 ) ) ;
#361 = CYLINDRICAL_SURFACE ( 'NONE', #2486, 50.00000000000000000 ) ;
#362 = ORIENTED_EDGE ( 'NONE', *, *, #1256, .T. ) ;
#363 = PRESENTATION_STYLE_ASSIGNMENT (( #197 ) ) ;
#364 = FILL_AREA_STYLE ('',( #2149 ) ) ;
#365 = CARTESIAN_POINT ( 'NONE',  ( 434.3406268561082584, 675.6249515345325563, 188.2341996105387807 ) ) ;
#366 = CARTESIAN_POINT ( 'NONE',  ( 407.9999999999999432, -187.0608735130869889, -1030.797534998531773 ) ) ;
#367 = CARTESIAN_POINT ( 'NONE',  ( 365.7921431405134172, 693.5489160435156464, 186.4055414298859148 ) ) ;
#368 = CARTESIAN_POINT ( 'NONE',  ( 358.0757466918542491, 115.9998191684439632, 181.8017994054415851 ) ) ;
#369 = COLOUR_RGB ( '',1.000000000000000000, 1.000000000000000000, 1.000000000000000000 ) ;
#370 = CARTESIAN_POINT ( 'NONE',  ( 453.6667435069023782, 92.71302841155207375, 156.5292521288085084 ) ) ;
#371 = CIRCLE ( 'NONE', #1826, 399.9999999999998863 ) ;
#372 = CARTESIAN_POINT ( 'NONE',  ( 448.9061870564366927, 691.9124193930082356, 187.4644558990948440 ) ) ;
#373 = PRESENTATION_LAYER_ASSIGNMENT (  '', '', ( #287 ) ) ;
#374 = CARTESIAN_POINT ( 'NONE',  ( 359.0371585565810619, 103.0135488046293517, 163.7295034248703018 ) ) ;
#375 = SURFACE_SIDE_STYLE ('',( #1570 ) ) ;
#376 = MECHANICAL_DESIGN_GEOMETRIC_PRESENTATION_REPRESENTATION (  '', ( #1659 ), #1198 ) ;
#377 = VERTEX_POINT ( 'NONE', #1077 ) ;
#378 = CARTESIAN_POINT ( 'NONE',  ( 259.9202731343580126, 704.1594537312837474, 240.3062672616383111 ) ) ;
#379 = CARTESIAN_POINT ( 'NONE',  ( 432.4724437012475846, 156.7544378392872204, 205.1522623570951112 ) ) ;
#380 = CARTESIAN_POINT ( 'NONE',  ( 380.2360282669446860, 676.4366282211791486, 187.7304444487765807 ) ) ;
#381 = CARTESIAN_POINT ( 'NONE',  ( 408.0000000000000000, 407.9999999999999432, 41.08393240782226030 ) ) ;
#382 = FILL_AREA_STYLE_COLOUR ( '', #80 ) ;
#383 = CARTESIAN_POINT ( 'NONE',  ( 387.9649913664638348, 677.4673801839647922, 196.5732189804519123 ) ) ;
#384 = CARTESIAN_POINT ( 'NONE',  ( 358.0064976274250625, 112.3269538539512240, 179.5007387701989217 ) ) ;
#385 = CARTESIAN_POINT ( 'NONE',  ( 451.9286450637920325, 89.25235712724219184, 154.0211661894569488 ) ) ;
#386 = CARTESIAN_POINT ( 'NONE',  ( 448.7261684160815207, 691.6981149772478830, 187.6026731287926737 ) ) ;
#387 = CARTESIAN_POINT ( 'NONE',  ( 365.8083870608495545, 86.31434507490878616, 151.8570659043557498 ) ) ;
#388 = ADVANCED_FACE ( 'NONE', ( #2461 ), #2263, .T. ) ;
#389 =( LENGTH_UNIT ( ) NAMED_UNIT ( * ) SI_UNIT ( .MILLI., .METRE. ) );
#390 = CARTESIAN_POINT ( 'NONE',  ( 440.2108398180906192, 151.5386324519086827, 202.3747098338923536 ) ) ;
#391 = CARTESIAN_POINT ( 'NONE',  ( 408.0000000000000568, 669.2469347514728497, 192.1367545322035539 ) ) ;
#392 = DIRECTION ( 'NONE',  ( -2.869044131126252138E-21, -1.131538266383779192E-22, -1.000000000000000000 ) ) ;
#393 = CARTESIAN_POINT ( 'NONE',  ( 387.4431148737832018, 677.6640918884198754, 196.4521010936153687 ) ) ;
#394 = CARTESIAN_POINT ( 'NONE',  ( 370.8698263983070547, 146.6312684075379593, 199.7023632950478884 ) ) ;
#395 = CARTESIAN_POINT ( 'NONE',  ( 420.7695281824674112, 64.80087626725074301, 134.8888155231211101 ) ) ;
#396 = CARTESIAN_POINT ( 'NONE',  ( 358.3779739430341351, 119.2917665498085569, 174.4249070186623953 ) ) ;
#397 = CARTESIAN_POINT ( 'NONE',  ( 456.7998408228993981, 124.0628194655698167, 177.4154779667077833 ) ) ;
#398 = ORIENTED_EDGE ( 'NONE', *, *, #2413, .F. ) ;
#399 = CARTESIAN_POINT ( 'NONE',  ( 445.3638801253765109, 146.3705574464686379, 199.5590797123928155 ) ) ;
#400 = CARTESIAN_POINT ( 'NONE',  ( 374.1188580584241663, 680.5207972626417359, 185.1785102914857362 ) ) ;
#401 = CARTESIAN_POINT ( 'NONE',  ( 409.7763676122584684, 63.14469803894427713, 144.6125823588108972 ) ) ;
#402 = CARTESIAN_POINT ( 'NONE',  ( 380.1534584161936436, 681.1140771666958926, 194.3142119365379017 ) ) ;
#403 = PRODUCT_DEFINITION_SHAPE ( 'NONE', 'NONE',  #50 ) ;
#404 = CARTESIAN_POINT ( 'NONE',  ( 366.8168756273972235, 141.5108354907248724, 196.8611823136481860 ) ) ;
#405 = CARTESIAN_POINT ( 'NONE',  ( 407.9999999999896545, 63.14469803894445477, 133.4884944535348268 ) ) ;
#406 = COLOUR_RGB ( '',1.000000000000000000, 1.000000000000000000, 1.000000000000000000 ) ;
#407 = CARTESIAN_POINT ( 'NONE',  ( 363.4523917614669131, 135.8629379406758346, 184.5527027837730145 ) ) ;
#408 = AXIS2_PLACEMENT_3D ( 'NONE', #782, #651, #2083 ) ;
#409 = CARTESIAN_POINT ( 'NONE',  ( 424.6697168217171452, 160.2926278092759844, 198.2545282730332872 ) ) ;
#410 = MECHANICAL_DESIGN_GEOMETRIC_PRESENTATION_REPRESENTATION (  '', ( #7 ), #1405 ) ;
#411 = CARTESIAN_POINT ( 'NONE',  ( 426.4207766058110565, 748.5587313985035962, 137.1911274132445726 ) ) ;
#412 =( NAMED_UNIT ( * ) PLANE_ANGLE_UNIT ( ) SI_UNIT ( $, .RADIAN. ) );
#413 = CARTESIAN_POINT ( 'NONE',  ( 259.9202731343580126, 407.9999999999999432, 240.3062672616385385 ) ) ;
#414 = PRESENTATION_LAYER_ASSIGNMENT (  '', '', ( #2337 ) ) ;
#415 = CARTESIAN_POINT ( 'NONE',  ( 372.8033505022017948, 681.5882370087044819, 184.5053920484625110 ) ) ;
#416 = CARTESIAN_POINT ( 'NONE',  ( 450.2004806395182754, 86.32829011346332493, 162.1049710251373313 ) ) ;
#417 = CARTESIAN_POINT ( 'NONE',  ( 436.8862793126710358, 748.7214958958961688, 147.3109011101155659 ) ) ;
#418 = EDGE_CURVE ( 'NONE', #377, #1434, #883, .T. ) ;
#419 = CARTESIAN_POINT ( 'NONE',  ( 408.0000000000000000, 113.1446980389444406, 275.0000000000000568 ) ) ;
#420 = CARTESIAN_POINT ( 'NONE',  ( 435.8362944843968307, 749.2931101993746097, 146.8684559721374683 ) ) ;
#421 = CARTESIAN_POINT ( 'NONE',  ( 359.0274979632027907, 103.0603400962026086, 173.5322932040413946 ) ) ;
#422 = CARTESIAN_POINT ( 'NONE',  ( 758.1028796039563531, 407.9999999999999432, 128.8777237091986478 ) ) ;
#423 = CARTESIAN_POINT ( 'NONE',  ( 360.8648064749604032, 129.8263404973219792, 180.9456762052460022 ) ) ;
#424 = CARTESIAN_POINT ( 'NONE',  ( 434.8231926073073623, 155.4799723007590728, 195.6677717369544780 ) ) ;
#425 = CARTESIAN_POINT ( 'NONE',  ( 434.8294318249224943, 745.1768832368763924, 139.8427547429475339 ) ) ;
#426 = DIRECTION ( 'NONE',  ( 0.000000000000000000, 1.000000000000000000, 0.000000000000000000 ) ) ;
#427 = PRESENTATION_STYLE_ASSIGNMENT (( #837 ) ) ;
#428 =( NAMED_UNIT ( * ) SI_UNIT ( $, .STERADIAN. ) SOLID_ANGLE_UNIT ( ) );
#429 = ORIENTED_EDGE ( 'NONE', *, *, #312, .T. ) ;
#430 = CARTESIAN_POINT ( 'NONE',  ( 388.8757166441027948, 672.5012883611832422, 190.1559960737246513 ) ) ;
#431 = CARTESIAN_POINT ( 'NONE',  ( 439.7290541786493350, 74.46839800271449405, 153.4284244090479206 ) ) ;
#432 = SURFACE_SIDE_STYLE ('',( #1020 ) ) ;
#433 = CARTESIAN_POINT ( 'NONE',  ( 388.5262184469117983, 677.2616453189565391, 196.6998256964457710 ) ) ;
#434 = CARTESIAN_POINT ( 'NONE',  ( 358.1019347212271100, 109.6163946812558692, 177.7813150296937295 ) ) ;
#435 = CARTESIAN_POINT ( 'NONE',  ( 364.8652091304714418, 138.4309362439577740, 186.0590446236308821 ) ) ;
#436 = CARTESIAN_POINT ( 'NONE',  ( 438.9696663226227997, 152.4361671509966243, 193.9988390870146873 ) ) ;
#437 = CARTESIAN_POINT ( 'NONE',  ( 435.6876169233847804, 744.7355245986450427, 140.1864767941605976 ) ) ;
#438 = B_SPLINE_CURVE_WITH_KNOTS ( 'NONE', 3,
 ( #672, #267, #2094, #1684, #712, #2471, #101, #849, #309, #659, #893, #1444, #2289, #2444, #1503, #1060, #278, #70, #2458, #1306, #700, #507, #2245, #2260, #1293, #462, #476, #1278, #1904, #2304, #89, #878, #1640, #1673, #2427, #1857, #1248, #686, #861, #1656, #1462, #294, #1264, #2062, #1073, #1087, #1475, #2276, #1889, #180, #1526, #1750, #735, #1515, #1929, #1149, #130, #1762, #1916, #2318, #1737, #1951, #2328, #2341, #1940, #925, #2143, #1319, #346, #2518, #1129, #334, #2119, #1367, #1158, #544, #973, #530, #141, #2532, #2544, #1353, #2170, #1714, #959, #748, #2498, #937, #2351, #1542, #760, #2155, #1726, #1551, #152, #164, #581, #1964, #1332, #2508, #2134, #1138, #567, #945, #555, #1344, #357, #367, #773, #1565, #1113, #2361, #725, #785, #2405, #1220, #1010, #238, #1625, #1791, #636, #31, #999, #1031, #2179, #1392, #1182, #1802, #2414, #226, #21, #2394, #1021, #610, #2215, #1825, #817, #596, #11, #646, #45, #1813, #402, #1612, #1380, #1430, #1988, #832, #202, #623, #807, #393, #383, #1419, #433, #1977, #2023, #797, #1172, #1591, #2384, #2191, #190, #1600, #986 ),
 .UNSPECIFIED., .F., .F.,
 ( 4, 2, 2, 2, 1, 1, 1, 1, 1, 2, 2, 2, 2, 2, 1, 1, 1, 1, 1, 1, 2, 2, 2, 2, 2, 2, 1, 1, 1, 2, 2, 2, 2, 2, 1, 1, 1, 1, 1, 2, 2, 2, 2, 1, 1, 1, 1, 1, 2, 2, 2, 2, 2, 1, 2, 2, 2, 2, 2, 1, 1, 1, 1, 1, 2, 2, 2, 2, 2, 1, 1, 1, 1, 1, 1, 2, 2, 2, 2, 2, 1, 1, 1, 2, 2, 2, 2, 2, 1, 1, 1, 1, 1, 1, 2, 2, 2, 2, 2, 1, 1, 1, 1, 2, 2, 2, 4 ),
 ( 0.000000000000000000, 0.06250000000145650159, 0.09375000000218541851, 0.1093750000025500713, 0.1171875000027328695, 0.1210937500028248098, 0.1230468750028712310, 0.1240234375028944486, 0.1245117187529060504, 0.1247558593779120178, 0.1250000000029179714, 0.1562500000036960990, 0.1718750000040847881, 0.1796875000042786608, 0.1835937500043755555, 0.1855468750044240167, 0.1865234375044486637, 0.1870117187544610704, 0.1872558593794667881, 0.1873779296919688420, 0.1874389648482194248, 0.1875000000044700077, 0.2187500000042657544, 0.2343750000041641413, 0.2421875000041136816, 0.2460937500040887571, 0.2480468750040756842, 0.2490234375040693282, 0.2495117187540659698, 0.2497558593790645542, 0.2500000000040631387, 0.2812500000037516101, 0.2968750000035956793, 0.3046875000035165759, 0.3085937500034776626, 0.3105468750034589553, 0.3115234375034500180, 0.3120117187534447445, 0.3122558593784423020, 0.3123779296909408587, 0.3125000000034394154, 0.3437500000029117264, 0.3593750000026486036, 0.3671875000025168201, 0.3710937500024507618, 0.3730468750024183433, 0.3740234375024021340, 0.3745117187523945290, 0.3747558593773900881, 0.3750000000023855917, 0.4375000000011388113, 0.4687500000005154210, 0.4843750000002036704, 0.4921875000000467404, 0.4960937499999691913, 0.4999999999998916422, 0.5624999999986506349, 0.5937499999980301313, 0.6093749999977200460, 0.6171874999975649478, 0.6210937499974878984, 0.6230468749974500398, 0.6240234374974304998, 0.6245117187474207299, 0.6247558593724148457, 0.6249999999974089615, 0.6562499999967519315, 0.6718749999964234165, 0.6796874999962587705, 0.6835937499961767250, 0.6855468749961363129, 0.6865234374961154407, 0.6870117187461047825, 0.6872558593710991204, 0.6873779296835968999, 0.6874389648398455677, 0.6874999999960942354, 0.7187499999964516162, 0.7343749999966295849, 0.7421874999967177366, 0.7460937499967612574, 0.7480468749967830178, 0.7490234374967934539, 0.7495117187467984499, 0.7499999999968033348, 0.7812499999971337372, 0.7968749999972993825, 0.8046874999973816500, 0.8085937499974233944, 0.8105468749974454878, 0.8115234374974557019, 0.8120117187474608089, 0.8122558593724633624, 0.8123779296849645837, 0.8124389648412152498, 0.8124999999974659159, 0.8437499999977935428, 0.8593749999979568566, 0.8671874999980390131, 0.8710937499980800913, 0.8730468749981014076, 0.8740234374981118437, 0.8745117187481179499, 0.8747558593731212806, 0.8749999999981246113, 0.9374999999990623056, 1.000000000000000000 ),
 .UNSPECIFIED. ) ;
#439 =( NAMED_UNIT ( * ) SI_UNIT ( $, .STERADIAN. ) SOLID_ANGLE_UNIT ( ) );
#440 = CARTESIAN_POINT ( 'NONE',  ( 692.3087886464188614, 407.9999999999999432, 202.4773851629070691 ) ) ;
#441 = SURFACE_SIDE_STYLE ('',( #1833 ) ) ;
#442 = CARTESIAN_POINT ( 'NONE',  ( 365.4333904141330436, 689.3624372269873675, 179.5333703636247833 ) ) ;
#443 = CARTESIAN_POINT ( 'NONE',  ( 443.9885056785031452, 78.43296016616294253, 156.3858875269098689 ) ) ;
#444 = CARTESIAN_POINT ( 'NONE',  ( 117.6773091374956692, 988.6453817250085194, 177.1586916147686850 ) ) ;
#445 = CARTESIAN_POINT ( 'NONE',  ( 792.1481187494479173, 408.0000000000000568, 83.12984389282236464 ) ) ;
#446 = CARTESIAN_POINT ( 'NONE',  ( 364.0499691484852178, 89.29158693827706372, 164.1960871908689796 ) ) ;
#447 = CARTESIAN_POINT ( 'NONE',  ( 364.9436969089720151, 138.5642758289291123, 186.1368388125863191 ) ) ;
#448 = CARTESIAN_POINT ( 'NONE',  ( 428.7845281843726184, 158.6200120090148857, 197.3605834822963345 ) ) ;
#449 = CARTESIAN_POINT ( 'NONE',  ( 423.1032121597273203, 749.4926436944864463, 136.4539025137754322 ) ) ;
#450 = DIRECTION ( 'NONE',  ( -2.869044131126252138E-21, -1.131538266383779192E-22, -1.000000000000000000 ) ) ;
#451 = DIRECTION ( 'NONE',  ( 0.000000000000000000, 1.000000000000000000, 0.000000000000000000 ) ) ;
#452 = VECTOR ( 'NONE', #1252, 1000.000000000000000 ) ;
#453 = MECHANICAL_DESIGN_GEOMETRIC_PRESENTATION_REPRESENTATION (  '', ( #2000 ), #2078 ) ;
#454 = CARTESIAN_POINT ( 'NONE',  ( 361.8272282978886096, 695.3121887071761194, 175.6379845734661558 ) ) ;
#455 = CARTESIAN_POINT ( 'NONE',  ( 444.2426994414985870, 78.69928952236304553, 156.5824757753872518 ) ) ;
#456 = COLOUR_RGB ( '',1.000000000000000000, 1.000000000000000000, 1.000000000000000000 ) ;
#457 = CARTESIAN_POINT ( 'NONE',  ( 448.6480000705199700, 734.7864286995799148, 147.7985684890425091 ) ) ;
#458 = CARTESIAN_POINT ( 'NONE',  ( 792.1481187494475762, 1176.296237498896062, 83.12984389282230779 ) ) ;
#459 = CARTESIAN_POINT ( 'NONE',  ( 801.9452750953898885, 408.0000000000001137, 63.84634643007945698 ) ) ;
#460 = CARTESIAN_POINT ( 'NONE',  ( 360.3992734144359247, 97.81834170703228892, 170.0476017401135493 ) ) ;
#461 = CARTESIAN_POINT ( 'NONE',  ( 434.2416013118575506, 680.2344284999244337, 194.8617160583969508 ) ) ;
#462 = CARTESIAN_POINT ( 'NONE',  ( 380.4118886301745874, 749.4239699257851726, 146.7671124244443206 ) ) ;
#463 = CARTESIAN_POINT ( 'NONE',  ( 454.9345768075930323, 95.90266571260387707, 158.7953461776558868 ) ) ;
#464 = EDGE_LOOP ( 'NONE', ( #362, #2380, #941, #1879, #1718 ) ) ;
#465 = CARTESIAN_POINT ( 'NONE',  ( 427.2064928567524476, 672.5304419720454234, 190.1381489285012094 ) ) ;
#466 = DIRECTION ( 'NONE',  ( 0.000000000000000000, 1.000000000000000000, 0.000000000000000000 ) ) ;
#467 = EDGE_CURVE ( 'NONE', #619, #2356, #1284, .T. ) ;
#468 = CARTESIAN_POINT ( 'NONE',  ( 387.2983760608832426, 158.6578109367100353, 206.1530602385479938 ) ) ;
#469 = CARTESIAN_POINT ( 'NONE',  ( 361.7618777775950889, 726.6799681135188393, 153.8142400675495765 ) ) ;
#470 = CARTESIAN_POINT ( 'NONE',  ( 436.9515592375026927, 72.37917705248996469, 151.8408273796464130 ) ) ;
#471 = DIRECTION ( 'NONE',  ( 0.000000000000000000, 0.000000000000000000, 1.000000000000000000 ) ) ;
#472 = CARTESIAN_POINT ( 'NONE',  ( 457.9998400307536031, 711.3814154734083104, 164.7367386474931550 ) ) ;
#473 = CARTESIAN_POINT ( 'NONE',  ( 663.8543985208664253, 407.9999999999999432, 195.1633597744525730 ) ) ;
#474 = CARTESIAN_POINT ( 'NONE',  ( 801.9452750953903433, -379.8905501907803455, 63.84634643007957067 ) ) ;
#475 = CARTESIAN_POINT ( 'NONE',  ( 359.0183195589870024, 103.1049474307433940, 173.5616067582724042 ) ) ;
#476 = CARTESIAN_POINT ( 'NONE',  ( 380.3296745683917948, 749.3807865211598482, 146.8005592813526334 ) ) ;
#477 = CARTESIAN_POINT ( 'NONE',  ( 457.5461018692155903, 106.3698381833718969, 166.0006774431208783 ) ) ;
#478 = CARTESIAN_POINT ( 'NONE',  ( 445.0856453166193205, 742.9404994085804219, 151.7361893522387959 ) ) ;
#479 = CARTESIAN_POINT ( 'NONE',  ( 420.6757080134671583, 675.2605640823148860, 197.9279491536340174 ) ) ;
#480 = CARTESIAN_POINT ( 'NONE',  ( 390.6201264449638302, 66.25415358156558909, 136.1055799697998339 ) ) ;
#481 = ORIENTED_EDGE ( 'NONE', *, *, #1689, .F. ) ;
#482 = CARTESIAN_POINT ( 'NONE',  ( 366.4442581643978656, 688.0913706302907258, 180.3536693002022560 ) ) ;
#483 = CARTESIAN_POINT ( 'NONE',  ( 455.1624641347443117, 96.47168560322147357, 169.1427925658595939 ) ) ;
#484 = CARTESIAN_POINT ( 'NONE',  ( 783.5413644694774575, 407.9999999999999432, 129.4381679179746527 ) ) ;
#485 = CARTESIAN_POINT ( 'NONE',  ( 457.9829153041733889, 712.3457259351717994, 164.0643930470158693 ) ) ;
#486 = CARTESIAN_POINT ( 'NONE',  ( 628.2048908778145915, 848.4097817556296377, 210.4316216818832572 ) ) ;
#487 = CARTESIAN_POINT ( 'NONE',  ( 397.2680621209289598, 64.31001551021421392, 145.5456993294650374 ) ) ;
#488 = CARTESIAN_POINT ( 'NONE',  ( 454.9848939777832584, 729.7410526547678273, 161.5363834490042905 ) ) ;
#489 = CARTESIAN_POINT ( 'NONE',  ( 386.8348842252950135, 158.4443342629370193, 197.2662855517184823 ) ) ;
#490 = CARTESIAN_POINT ( 'NONE',  ( 457.3363648539665860, 121.2651103582860230, 175.6691593947448666 ) ) ;
#491 = CARTESIAN_POINT ( 'NONE',  ( 423.8875162679946129, 676.0971099810635678, 197.4153193600729708 ) ) ;
#492 = CARTESIAN_POINT ( 'NONE',  ( 378.6702107223677558, 72.65070341522157094, 141.3296664416653812 ) ) ;
#493 =( NAMED_UNIT ( * ) PLANE_ANGLE_UNIT ( ) SI_UNIT ( $, .RADIAN. ) );
#494 = CARTESIAN_POINT ( 'NONE',  ( 408.0000000000000000, 407.9999999999999432, 60.20712268590816052 ) ) ;
#495 = ORIENTED_EDGE ( 'NONE', *, *, #1119, .F. ) ;
#496 = CARTESIAN_POINT ( 'NONE',  ( 361.5159104019654137, 726.1900172074267630, 154.1726653576453145 ) ) ;
#497 =( BOUNDED_SURFACE ( )  B_SPLINE_SURFACE ( 3, 3, ( 
 ( #1245, #289, #2467, #683 ),
 ( #1637, #1290, #697, #2091 ),
 ( #1228, #1057, #831, #1837 ),
 ( #1853, #2058, #858, #1650 ),
 ( #1483, #2272, #458, #44 ),
 ( #1670, #1070, #503, #1030 ),
 ( #83, #1824, #1624, #645 ),
 ( #1471, #1885, #1429, #2257 ),
 ( #98, #1084, #2224, #1441 ),
 ( #2239, #444, #845, #2455 ),
 ( #252, #2439, #1458, #473 ),
 ( #1261, #275, #486, #1274 ),
 ( #2074, #2148, #968, #351 ),
 ( #1547, #1757, #1143, #2539 ),
 ( #780, #1744, #1336, #590 ),
 ( #1179, #186, #1166, #1388 ),
 ( #1732, #1972, #2513, #2551 ),
 ( #992, #2138, #1349, #1945 ) ),
 .UNSPECIFIED., .F., .F., .T. ) 
 B_SPLINE_SURFACE_WITH_KNOTS ( ( 4, 1, 1, 1, 1, 1, 1, 1, 1, 1, 1, 1, 1, 1, 1, 4 ),
 ( 4, 4 ),
 ( 6.303292774167370143E-15, 0.01529354927395685029, 0.03058709854790740007, 0.06117419709580859677, 0.09176129564370980041, 0.1223483941916109902, 0.1835225912874134946, 0.2446967883832154855, 0.3670451825748200503, 0.4282193796706225131, 0.4893935767664249759, 0.6117419709580299569, 0.6729161680538320311, 0.7340903651496339943, 0.8564387593412390309, 0.8742353033176399890 ),
 ( 0.000000000000000000, 1.000000000000000000 ),
 .UNSPECIFIED. ) 
 GEOMETRIC_REPRESENTATION_ITEM ( )  RATIONAL_B_SPLINE_SURFACE ( (
 ( 1.000000000000000000, 0.3333333333333335369, 0.3333333333333335369, 1.000000000000000000),
 ( 1.000000000000000000, 0.3333333333333335369, 0.3333333333333335369, 1.000000000000000000),
 ( 1.000000000000000000, 0.3333333333333335369, 0.3333333333333335369, 1.000000000000000000),
 ( 1.000000000000000000, 0.3333333333333335369, 0.3333333333333335369, 1.000000000000000000),
 ( 1.000000000000000000, 0.3333333333333335369, 0.3333333333333335369, 1.000000000000000000),
 ( 1.000000000000000000, 0.3333333333333335369, 0.3333333333333335369, 1.000000000000000000),
 ( 1.000000000000000000, 0.3333333333333335369, 0.3333333333333335369, 1.000000000000000000),
 ( 1.000000000000000000, 0.3333333333333335369, 0.3333333333333335369, 1.000000000000000000),
 ( 1.000000000000000000, 0.3333333333333335369, 0.3333333333333335369, 1.000000000000000000),
 ( 1.000000000000000000, 0.3333333333333335369, 0.3333333333333335369, 1.000000000000000000),
 ( 1.000000000000000000, 0.3333333333333335369, 0.3333333333333335369, 1.000000000000000000),
 ( 1.000000000000000000, 0.3333333333333335369, 0.3333333333333335369, 1.000000000000000000),
 ( 1.000000000000000000, 0.3333333333333335369, 0.3333333333333335369, 1.000000000000000000),
 ( 1.000000000000000000, 0.3333333333333335369, 0.3333333333333335369, 1.000000000000000000),
 ( 1.000000000000000000, 0.3333333333333335369, 0.3333333333333335369, 1.000000000000000000),
 ( 1.000000000000000000, 0.3333333333333335369, 0.3333333333333335369, 1.000000000000000000),
 ( 1.000000000000000000, 0.3333333333333335369, 0.3333333333333335369, 1.000000000000000000),
 ( 1.000000000000000000, 0.3333333333333335369, 0.3333333333333335369, 1.000000000000000000) ) ) 
 REPRESENTATION_ITEM ( '' )  SURFACE ( )  );
#498 = CARTESIAN_POINT ( 'NONE',  ( 457.8852744661694487, 109.6986431648117701, 177.8316001941918501 ) ) ;
#499 = UNCERTAINTY_MEASURE_WITH_UNIT (LENGTH_MEASURE( 1.000000000000000082E-05 ), #54, 'distance_accuracy_value', 'NONE');
#500 = STYLED_ITEM ( 'NONE', ( #1775 ), #2127 ) ;
#501 = STYLED_ITEM ( 'NONE', ( #1576 ), #737 ) ;
#502 = CARTESIAN_POINT ( 'NONE',  ( 452.9203810452989956, 729.0534713273937086, 152.0700618911071444 ) ) ;
#503 = CARTESIAN_POINT ( 'NONE',  ( 784.5941180072638872, 1161.188236014527320, 95.28223909880701115 ) ) ;
#504 = EDGE_CURVE ( 'NONE', #1133, #377, #2152, .T. ) ;
#505 = DIRECTION ( 'NONE',  ( -1.000000000000000000, 6.245004513516506772E-17, 2.943534393218535946E-21 ) ) ;
#506 = PRESENTATION_LAYER_ASSIGNMENT (  '', '', ( #749 ) ) ;
#507 = CARTESIAN_POINT ( 'NONE',  ( 381.7449772921625595, 750.0997963213645789, 146.2431125679787272 ) ) ;
#508 = CARTESIAN_POINT ( 'NONE',  ( 457.9970571067145784, 112.5378368590834981, 170.0833733586096912 ) ) ;
#509 = CARTESIAN_POINT ( 'NONE',  ( 446.0042207243047869, 742.1151089377266317, 152.3614197445436957 ) ) ;
#510 = CARTESIAN_POINT ( 'NONE',  ( 379.8975348392851856, 71.78558579080778657, 140.6352414422649133 ) ) ;
#511 = EDGE_LOOP ( 'NONE', ( #17, #1335 ) ) ;
#512 = CARTESIAN_POINT ( 'NONE',  ( 380.1645969775380536, 744.6575525689881943, 140.2471519617422189 ) ) ;
#513 = CARTESIAN_POINT ( 'NONE',  ( 455.6051435083425076, 128.4381948815992303, 189.3380663766513408 ) ) ;
#514 = CARTESIAN_POINT ( 'NONE',  ( 449.5297208474839294, 733.7669649644058154, 148.5642044667806942 ) ) ;
#515 = SURFACE_SIDE_STYLE ('',( #1125 ) ) ;
#516 = CARTESIAN_POINT ( 'NONE',  ( 386.1887170429846492, 68.14959847550069583, 148.5767068337347894 ) ) ;
#517 = CARTESIAN_POINT ( 'NONE',  ( 457.7132427767078298, 720.9365846410796621, 167.8551718072374683 ) ) ;
#518 = CARTESIAN_POINT ( 'NONE',  ( 408.0000000000000000, 0.000000000000000000, 41.08393240782226030 ) ) ;
#519 = CARTESIAN_POINT ( 'NONE',  ( 455.9157355472731297, 98.85866754000056744, 160.8671734370050217 ) ) ;
#520 = CARTESIAN_POINT ( 'NONE',  ( 432.7664048854171597, 679.4846414044053518, 195.3272371393897231 ) ) ;
#521 = CARTESIAN_POINT ( 'NONE',  ( 387.3479950763150441, 67.60905429142111700, 137.2289075792108406 ) ) ;
#522 = CARTESIAN_POINT ( 'NONE',  ( 427.1696766672508261, 752.9617782028091142, 144.0105257485842287 ) ) ;
#523 =( NAMED_UNIT ( * ) PLANE_ANGLE_UNIT ( ) SI_UNIT ( $, .RADIAN. ) );
#524 = ORIENTED_EDGE ( 'NONE', *, *, #658, .F. ) ;
#525 = CARTESIAN_POINT ( 'NONE',  ( 372.4778550919772897, 739.6260915861172407, 144.1281323105012859 ) ) ;
#526 = CARTESIAN_POINT ( 'NONE',  ( 457.9890996996737158, 112.1006950624943812, 179.3578132194158457 ) ) ;
#527 = CARTESIAN_POINT ( 'NONE',  ( 427.7855084648880393, 672.7393608066122397, 190.0102173654577769 ) ) ;
#528 = CARTESIAN_POINT ( 'NONE',  ( 357.9999999999999432, 307.9999999999998863, 241.2788935075005270 ) ) ;
#529 = CARTESIAN_POINT ( 'NONE',  ( 390.7396318007482705, 66.18614585124146288, 147.0359585244083291 ) ) ;
#530 = CARTESIAN_POINT ( 'NONE',  ( 358.6109044115176516, 722.3152336075567064, 166.8725577048427908 ) ) ;
#531 = CARTESIAN_POINT ( 'NONE',  ( 444.9146809613293385, 79.41988747238961821, 146.6463064545391717 ) ) ;
#532 = CARTESIAN_POINT ( 'NONE',  ( 361.7871687668187519, 94.05559199466721054, 157.4848378894550933 ) ) ;
#533 = EDGE_CURVE ( 'NONE', #1467, #729, #868, .T. ) ;
#534 =( LENGTH_UNIT ( ) NAMED_UNIT ( * ) SI_UNIT ( .MILLI., .METRE. ) );
#535 = ORIENTED_EDGE ( 'NONE', *, *, #843, .T. ) ;
#536 = CARTESIAN_POINT ( 'NONE',  ( 367.0958257638316695, 734.5165960088802422, 148.0023590482099678 ) ) ;
#537 = CARTESIAN_POINT ( 'NONE',  ( 456.9699684967057465, 103.0479627279388382, 173.5241644696949095 ) ) ;
#538 = CARTESIAN_POINT ( 'NONE',  ( 449.8206129039456869, 688.4273128297852509, 180.1367599905996428 ) ) ;
#539 = AXIS2_PLACEMENT_3D ( 'NONE', #1412, #1251, #1006 ) ;
#540 = PRESENTATION_STYLE_ASSIGNMENT (( #344 ) ) ;
#541 = CARTESIAN_POINT ( 'NONE',  ( 397.3446032881424230, 64.29325681218735156, 145.5323238303369919 ) ) ;
#542 = AXIS2_PLACEMENT_3D ( 'NONE', #1748, #2142, #563 ) ;
#543 = COLOUR_RGB ( '',1.000000000000000000, 1.000000000000000000, 1.000000000000000000 ) ;
#544 = CARTESIAN_POINT ( 'NONE',  ( 360.5073663072372483, 728.8550616639771533, 162.1871242571739629 ) ) ;
#545 = PRESENTATION_LAYER_ASSIGNMENT (  '', '', ( #1659 ) ) ;
#546 = CARTESIAN_POINT ( 'NONE',  ( 451.5742133007390748, 88.61335732721285297, 153.5533939800695862 ) ) ;
#547 = MECHANICAL_DESIGN_GEOMETRIC_PRESENTATION_REPRESENTATION (  '', ( #2337 ), #88 ) ;
#548 = CARTESIAN_POINT ( 'NONE',  ( 362.0524185948139007, 93.42509116256211144, 157.0349286229056531 ) ) ;
#549 = ORIENTED_EDGE ( 'NONE', *, *, #1689, .T. ) ;
#550 = CARTESIAN_POINT ( 'NONE',  ( 457.9999999999999432, 407.9999999999999432, 249.2880578929145656 ) ) ;
#551 = FACE_BOUND ( 'NONE', #315, .T. ) ;
#552 = CARTESIAN_POINT ( 'NONE',  ( 449.6083771592768130, 688.1576486375528248, 180.3108926657302504 ) ) ;
#553 = DIRECTION ( 'NONE',  ( 0.000000000000000000, 1.000000000000000000, -8.922440622756096749E-23 ) ) ;
#554 = FILL_AREA_STYLE_COLOUR ( '', #1705 ) ;
#555 = CARTESIAN_POINT ( 'NONE',  ( 364.5568584225195536, 695.2584586988758701, 185.2936277287129201 ) ) ;
#556 = CARTESIAN_POINT ( 'NONE',  ( 428.6849043696810782, 67.62397920279377672, 137.2412366354892015 ) ) ;
#557 = CARTESIAN_POINT ( 'NONE',  ( 454.0541745858053559, 699.6890371786435026, 182.3827841799117664 ) ) ;
#558 = CARTESIAN_POINT ( 'NONE',  ( 361.1532746312433346, 95.65324221301953855, 158.6197808852901687 ) ) ;
#559 = ORIENTED_EDGE ( 'NONE', *, *, #2496, .T. ) ;
#560 = DIRECTION ( 'NONE',  ( 0.000000000000000000, 1.000000000000000000, 0.000000000000000000 ) ) ;
#561 = CARTESIAN_POINT ( 'NONE',  ( 455.0115427240560848, 130.1715890166684915, 190.3582993491420723 ) ) ;
#562 = CARTESIAN_POINT ( 'NONE',  ( 436.0427131141245241, 676.5960562293852263, 187.6314929151014326 ) ) ;
#563 = DIRECTION ( 'NONE',  ( 1.110223024625156935E-15, 1.000000000000000000, 0.000000000000000000 ) ) ;
#564 = SURFACE_STYLE_FILL_AREA ( #1170 ) ;
#565 = UNCERTAINTY_MEASURE_WITH_UNIT (LENGTH_MEASURE( 1.000000000000000082E-05 ), #1878, 'distance_accuracy_value', 'NONE');
#566 = CARTESIAN_POINT ( 'NONE',  ( 449.5952164697627609, 738.3093287907548756, 155.2221377616409370 ) ) ;
#567 = CARTESIAN_POINT ( 'NONE',  ( 363.0045867342130350, 697.6882205279075606, 183.7035903713655784 ) ) ;
#568 = CARTESIAN_POINT ( 'NONE',  ( 358.6637228779177349, 121.2648156279007168, 185.0387123807631440 ) ) ;
#569 = CARTESIAN_POINT ( 'NONE',  ( 450.1739178064336215, 86.28653648614968574, 151.8364370340364644 ) ) ;
#570 = CARTESIAN_POINT ( 'NONE',  ( 449.5335405697600208, 692.6818354960944362, 186.9673306145716936 ) ) ;
#571 = CARTESIAN_POINT ( 'NONE',  ( 359.2000798082778488, 102.2548019044769632, 163.2111641714230075 ) ) ;
#572 =( NAMED_UNIT ( * ) PLANE_ANGLE_UNIT ( ) SI_UNIT ( $, .RADIAN. ) );
#573 = EDGE_LOOP ( 'NONE', ( #243, #107, #1494, #524 ) ) ;
#574 = CARTESIAN_POINT ( 'NONE',  ( 488.7145725035656483, 407.9999999999999432, 247.8193113324500416 ) ) ;
#575 = CARTESIAN_POINT ( 'NONE',  ( 451.2558222669455859, 138.2245531167803847, 195.0064328174861430 ) ) ;
#576 = CARTESIAN_POINT ( 'NONE',  ( 435.8403151672532658, 676.4800912491081135, 187.7034714745318240 ) ) ;
#577 = CARTESIAN_POINT ( 'NONE',  ( 380.2544821527980616, 676.4261470583780920, 187.7369484464108496 ) ) ;
#578 = CARTESIAN_POINT ( 'NONE',  ( 411.5592234010177322, 63.23945338107767355, 144.6891985901148132 ) ) ;
#579 = DIRECTION ( 'NONE',  ( 0.000000000000000000, 1.000000000000000000, 0.000000000000000000 ) ) ;
#580 = EDGE_CURVE ( 'NONE', #2356, #2161, #629, .T. ) ;
#581 = CARTESIAN_POINT ( 'NONE',  ( 361.7186479719583758, 700.1450130166415420, 182.0809203183088982 ) ) ;
#582 = CARTESIAN_POINT ( 'NONE',  ( 360.9660872363601811, 130.1096977517536288, 190.3219927827604181 ) ) ;
#583 = CARTESIAN_POINT ( 'NONE',  ( 437.4157334136656345, 72.71304485676508023, 141.3795999893462749 ) ) ;
#584 = AXIS2_PLACEMENT_3D ( 'NONE', #796, #772, #1564 ) ;
#585 = CARTESIAN_POINT ( 'NONE',  ( 443.1640432539449534, 686.1854476816542956, 191.1271764936733177 ) ) ;
#586 = CARTESIAN_POINT ( 'NONE',  ( 365.9908930764118509, 86.02913305165013469, 151.6453781613853948 ) ) ;
#587 = SURFACE_STYLE_USAGE ( .BOTH. , #2524 ) ;
#588 = MECHANICAL_DESIGN_GEOMETRIC_PRESENTATION_REPRESENTATION (  '', ( #749 ), #2166 ) ;
#589 = ORIENTED_EDGE ( 'NONE', *, *, #121, .F. ) ;
#590 = CARTESIAN_POINT ( 'NONE',  ( 514.9310836485783511, 407.9999999999999432, 236.6956189330485643 ) ) ;
#591 = CARTESIAN_POINT ( 'NONE',  ( 454.4457251771140136, 131.7325660197103048, 191.2738392924590300 ) ) ;
#592 = CYLINDRICAL_SURFACE ( 'NONE', #1823, 49.99999999999998579 ) ;
#593 = CARTESIAN_POINT ( 'NONE',  ( 389.0254123573581637, 672.4485323224669173, 190.1882892978090354 ) ) ;
#594 = CARTESIAN_POINT ( 'NONE',  ( 418.2679974528594471, 64.21014570339329453, 145.4659854196048911 ) ) ;
#595 =( LENGTH_UNIT ( ) NAMED_UNIT ( * ) SI_UNIT ( .MILLI., .METRE. ) );
#596 = CARTESIAN_POINT ( 'NONE',  ( 379.7409196623881371, 681.3513052298058028, 194.1663409674145839 ) ) ;
#597 = CARTESIAN_POINT ( 'NONE',  ( 370.9798012675660743, 146.7528832329880686, 199.7691552676431854 ) ) ;
#598 = CARTESIAN_POINT ( 'NONE',  ( 784.5941180072640009, 407.9999999999999432, 95.28223909880695430 ) ) ;
#599 = CARTESIAN_POINT ( 'NONE',  ( 435.5650300592796498, 680.9547479935222327, 194.4134848825195832 ) ) ;
#600 = CARTESIAN_POINT ( 'NONE',  ( 369.4316563912983611, 144.9668098133013530, 189.8221136117789456 ) ) ;
#601 = CARTESIAN_POINT ( 'NONE',  ( 427.3943733971471488, 159.2338821920345424, 197.6895251642518190 ) ) ;
#602 = ORIENTED_EDGE ( 'NONE', *, *, #1110, .T. ) ;
#603 = B_SPLINE_CURVE_WITH_KNOTS ( 'NONE', 3,
 ( #1979, #988, #1990, #1406, #1778, #598, #23, #422, #1, #205, #1001, #13, #1794, #2015, #1804, #1593, #2005, #1197 ),
 .UNSPECIFIED., .F., .F.,
 ( 4, 1, 1, 1, 1, 1, 1, 1, 1, 1, 1, 1, 1, 1, 1, 4 ),
 ( 6.303292774167370143E-15, 0.01529354927395685029, 0.03058709854790740354, 0.06117419709580859677, 0.09176129564370980041, 0.1223483941916109902, 0.1835225912874134946, 0.2446967883832154855, 0.3670451825748200503, 0.4282193796706225131, 0.4893935767664249759, 0.6117419709580299569, 0.6729161680538320311, 0.7340903651496339943, 0.8564387593412390309, 0.8742353033176399890 ),
 .UNSPECIFIED. ) ;
#604 = FILL_AREA_STYLE_COLOUR ( '', #2334 ) ;
#605 = CARTESIAN_POINT ( 'NONE',  ( 428.7656496431528694, 158.6286356444240653, 206.1377852576753185 ) ) ;
#606 = CARTESIAN_POINT ( 'NONE',  ( 372.7329038539895691, 681.6475285372381450, 184.4679415038938544 ) ) ;
#607 = DIRECTION ( 'NONE',  ( -3.246433222313155519E-43, 1.000000000000000000, -1.131538266383779192E-22 ) ) ;
#608 = EDGE_CURVE ( 'NONE', #1373, #930, #1196, .T. ) ;
#609 = CARTESIAN_POINT ( 'NONE',  ( 407.9999999999809006, 751.3191226091803401, 135.0033064680430357 ) ) ;
#610 = CARTESIAN_POINT ( 'NONE',  ( 378.0487471230358665, 682.3759453067956429, 193.5265913788932721 ) ) ;
#611 = CARTESIAN_POINT ( 'NONE',  ( 358.8778929666556792, 122.4883484513742786, 185.7812336761254528 ) ) ;
#612 = CARTESIAN_POINT ( 'NONE',  ( 408.0000000000000000, 407.9999999999999432, 57.14741224141265263 ) ) ;
#613 = CARTESIAN_POINT ( 'NONE',  ( 358.6250301308493817, 121.0258470850346839, 175.5188536685356269 ) ) ;
#614 = CARTESIAN_POINT ( 'NONE',  ( 450.3174208030426371, 139.7819005622129396, 186.8454942006092097 ) ) ;
#615 = ORIENTED_EDGE ( 'NONE', *, *, #2446, .F. ) ;
#616 =( BOUNDED_SURFACE ( )  B_SPLINE_SURFACE ( 3, 3, ( 
 ( #1901, #698, #290, #66 ),
 ( #1246, #2285, #2225, #1867 ),
 ( #459, #474, #2043, #2092 ),
 ( #55, #1484, #1838, #306 ),
 ( #445, #710, #265, #84 ),
 ( #2273, #1058, #876, #2031 ),
 ( #846, #1651, #890, #1671 ),
 ( #2456, #2440, #1886, #1854 ),
 ( #1459, #2258, #1262, #2059 ),
 ( #1694, #684, #276, #1638 ),
 ( #1099, #1472, #112, #906 ),
 ( #2425, #2468, #1275, #2479 ),
 ( #2075, #1085, #1229, #253 ),
 ( #1045, #656, #1442, #1723 ),
 ( #2151, #1146, #1711, #2117 ),
 ( #1352, #1512, #758, #1962 ),
 ( #1340, #2350, #178, #126 ),
 ( #1913, #2132, #528, #2340 ) ),
 .UNSPECIFIED., .F., .F., .T. ) 
 B_SPLINE_SURFACE_WITH_KNOTS ( ( 4, 1, 1, 1, 1, 1, 1, 1, 1, 1, 1, 1, 1, 1, 1, 4 ),
 ( 4, 4 ),
 ( 6.303292774167370143E-15, 0.01529354927395685029, 0.03058709854790740007, 0.06117419709580859677, 0.09176129564370980041, 0.1223483941916109902, 0.1835225912874134946, 0.2446967883832154855, 0.3670451825748200503, 0.4282193796706225131, 0.4893935767664249759, 0.6117419709580299569, 0.6729161680538320311, 0.7340903651496339943, 0.8564387593412390309, 0.8742353033176399890 ),
 ( 0.000000000000000000, 1.000000000000000000 ),
 .UNSPECIFIED. ) 
 GEOMETRIC_REPRESENTATION_ITEM ( )  RATIONAL_B_SPLINE_SURFACE ( (
 ( 1.000000000000000000, 0.3333333333333329818, 0.3333333333333329818, 1.000000000000000000),
 ( 1.000000000000000000, 0.3333333333333329818, 0.3333333333333329818, 1.000000000000000000),
 ( 1.000000000000000000, 0.3333333333333329818, 0.3333333333333329818, 1.000000000000000000),
 ( 1.000000000000000000, 0.3333333333333329818, 0.3333333333333329818, 1.000000000000000000),
 ( 1.000000000000000000, 0.3333333333333329818, 0.3333333333333329818, 1.000000000000000000),
 ( 1.000000000000000000, 0.3333333333333329818, 0.3333333333333329818, 1.000000000000000000),
 ( 1.000000000000000000, 0.3333333333333329818, 0.3333333333333329818, 1.000000000000000000),
 ( 1.000000000000000000, 0.3333333333333329818, 0.3333333333333329818, 1.000000000000000000),
 ( 1.000000000000000000, 0.3333333333333329818, 0.3333333333333329818, 1.000000000000000000),
 ( 1.000000000000000000, 0.3333333333333329818, 0.3333333333333329818, 1.000000000000000000),
 ( 1.000000000000000000, 0.3333333333333329818, 0.3333333333333329818, 1.000000000000000000),
 ( 1.000000000000000000, 0.3333333333333329818, 0.3333333333333329818, 1.000000000000000000),
 ( 1.000000000000000000, 0.3333333333333329818, 0.3333333333333329818, 1.000000000000000000),
 ( 1.000000000000000000, 0.3333333333333329818, 0.3333333333333329818, 1.000000000000000000),
 ( 1.000000000000000000, 0.3333333333333329818, 0.3333333333333329818, 1.000000000000000000),
 ( 1.000000000000000000, 0.3333333333333329818, 0.3333333333333329818, 1.000000000000000000),
 ( 1.000000000000000000, 0.3333333333333329818, 0.3333333333333329818, 1.000000000000000000),
 ( 1.000000000000000000, 0.3333333333333329818, 0.3333333333333329818, 1.000000000000000000) ) ) 
 REPRESENTATION_ITEM ( '' )  SURFACE ( )  );
#617 =( NAMED_UNIT ( * ) PLANE_ANGLE_UNIT ( ) SI_UNIT ( $, .RADIAN. ) );
#618 = EDGE_CURVE ( 'NONE', #1015, #2462, #81, .T. ) ;
#619 = VERTEX_POINT ( 'NONE', #759 ) ;
#620 = CARTESIAN_POINT ( 'NONE',  ( 372.6859011602124951, 681.6871663336975189, 184.4429027430486201 ) ) ;
#621 = CARTESIAN_POINT ( 'NONE',  ( 430.0461038602849158, 68.23831524369789747, 148.6467191166687769 ) ) ;
#622 = PRESENTATION_STYLE_ASSIGNMENT (( #998 ) ) ;
#623 = CARTESIAN_POINT ( 'NONE',  ( 386.0327665861823334, 678.2247865746030584, 196.1064705671936110 ) ) ;
#624 = CARTESIAN_POINT ( 'NONE',  ( 360.4601020250257193, 128.7046518891215783, 189.4975857769804293 ) ) ;
#625 = DIRECTION ( 'NONE',  ( 0.000000000000000000, 1.000000000000000000, 0.000000000000000000 ) ) ;
#626 = CARTESIAN_POINT ( 'NONE',  ( 358.5798670203248548, 120.7383598028079774, 175.3380781302749654 ) ) ;
#627 = CARTESIAN_POINT ( 'NONE',  ( 411.5602006651576517, 163.1446980389444832, 199.7654000959582277 ) ) ;
#628 = PRESENTATION_LAYER_ASSIGNMENT (  '', '', ( #286 ) ) ;
#629 = CIRCLE ( 'NONE', #170, 49.99999999999998579 ) ;
#630 = VERTEX_POINT ( 'NONE', #2555 ) ;
#631 = AXIS2_PLACEMENT_3D ( 'NONE', #741, #767, #560 ) ;
#632 = CARTESIAN_POINT ( 'NONE',  ( 812.1985237165442868, 408.0000000000001137, 60.20712268590795446 ) ) ;
#633 = CARTESIAN_POINT ( 'NONE',  ( 453.0595042969243309, 91.45844066271588702, 165.7054592704417644 ) ) ;
#634 = CARTESIAN_POINT ( 'NONE',  ( 436.6434552631662882, 748.8564682957927516, 147.2064792992143509 ) ) ;
#635 = CARTESIAN_POINT ( 'NONE',  ( 395.3167164313196054, 750.1239070279531234, 135.9548070354957758 ) ) ;
#636 = CARTESIAN_POINT ( 'NONE',  ( 369.8333301171552421, 688.9137254744639449, 189.3906694912547550 ) ) ;
#637 = CARTESIAN_POINT ( 'NONE',  ( 359.7628475422482666, 99.97965973922245553, 171.4941826486698346 ) ) ;
#638 = CARTESIAN_POINT ( 'NONE',  ( 360.9031082970145121, 129.9340673680491989, 181.0108443256608268 ) ) ;
#639 = CARTESIAN_POINT ( 'NONE',  ( 450.7002940805217008, 139.1593368143926455, 186.4835572376238133 ) ) ;
#640 = CARTESIAN_POINT ( 'NONE',  ( 414.2530738116393536, 751.0965174397175588, 135.1820671845815127 ) ) ;
#641 =( NAMED_UNIT ( * ) PLANE_ANGLE_UNIT ( ) SI_UNIT ( $, .RADIAN. ) );
#642 = FILL_AREA_STYLE_COLOUR ( '', #543 ) ;
#643 = CARTESIAN_POINT ( 'NONE',  ( 361.2438828908932464, 725.6285633843460801, 154.5827542868335911 ) ) ;
#644 = CARTESIAN_POINT ( 'NONE',  ( 448.3826679922572680, 83.65069957595454753, 160.1918068254072409 ) ) ;
#645 = CARTESIAN_POINT ( 'NONE',  ( 773.5683877392393697, 407.9999999999999432, 110.7902665383980434 ) ) ;
#646 = CARTESIAN_POINT ( 'NONE',  ( 380.0619096760083835, 681.1663514679714808, 194.2816327573527246 ) ) ;
#647 = CARTESIAN_POINT ( 'NONE',  ( 361.6547448560627913, 94.37990347752800346, 167.7147091427050896 ) ) ;
#648 = CARTESIAN_POINT ( 'NONE',  ( 359.2094230230013068, 124.1833431519871027, 177.4923060472937095 ) ) ;
#649 = CARTESIAN_POINT ( 'NONE',  ( 408.0000000000000000, 407.9999999999999432, 60.20712268590816052 ) ) ;
#650 = CARTESIAN_POINT ( 'NONE',  ( 426.7712097853278692, 748.4477754106828797, 137.2785996794366099 ) ) ;
#651 = DIRECTION ( 'NONE',  ( -2.869044131126252138E-21, -1.131538266383779192E-22, -1.000000000000000000 ) ) ;
#652 = CARTESIAN_POINT ( 'NONE',  ( 783.5413644694774575, 407.9999999999999432, 129.4381679179746527 ) ) ;
#653 = CARTESIAN_POINT ( 'NONE',  ( 361.9340480849068626, 695.0989548353327336, 175.7788523609126514 ) ) ;
#654 = CARTESIAN_POINT ( 'NONE',  ( 443.4774250560895439, 77.90753025085876970, 155.9973927244795959 ) ) ;
#655 = CARTESIAN_POINT ( 'NONE',  ( 456.7907973898829823, 702.0771304548667331, 171.1187840579722490 ) ) ;
#656 = CARTESIAN_POINT ( 'NONE',  ( 553.2589111775472475, 117.4821776449058177, 230.1740895817307830 ) ) ;
#657 = CARTESIAN_POINT ( 'NONE',  ( 365.6837075845147638, 86.51119009116244740, 162.2348465430839894 ) ) ;
#658 = EDGE_CURVE ( 'NONE', #174, #915, #355, .T. ) ;
#659 = CARTESIAN_POINT ( 'NONE',  ( 389.5708017746917449, 753.1992801640141124, 143.8243366010637487 ) ) ;
#660 = CARTESIAN_POINT ( 'NONE',  ( 455.8239514808442436, 98.55464440718264996, 160.6553449712699546 ) ) ;
#661 = CLOSED_SHELL ( 'NONE', ( #1148, #2227, #2127, #692, #388, #950, #1969, #737, #1805, #800, #880, #2001, #1071, #1607, #198, #1579, #934, #1500, #1385 ) ) ;
#662 =( LENGTH_UNIT ( ) NAMED_UNIT ( * ) SI_UNIT ( .MILLI., .METRE. ) );
#663 = CARTESIAN_POINT ( 'NONE',  ( 387.6319041699086938, 158.8082788946160804, 206.2318092624931580 ) ) ;
#664 = CARTESIAN_POINT ( 'NONE',  ( 3.801476283455483607, -400.3970474330902789, 60.20712268590806104 ) ) ;
#665 = PRESENTATION_LAYER_ASSIGNMENT (  '', '', ( #1123 ) ) ;
#666 = AXIS2_PLACEMENT_3D ( 'NONE', #2419, #2028, #451 ) ;
#667 = CARTESIAN_POINT ( 'NONE',  ( 366.4678928489365717, 688.0616902962725590, 180.3728221016118880 ) ) ;
#668 = CARTESIAN_POINT ( 'NONE',  ( 428.3948595944156068, 67.49324548864777285, 148.0630583163649305 ) ) ;
#669 = CARTESIAN_POINT ( 'NONE',  ( 358.0000000000000000, 407.9999999999999432, 249.2880578929145656 ) ) ;
#670 = CARTESIAN_POINT ( 'NONE',  ( 449.5560203227322518, 733.7355206384121402, 148.5877749748561030 ) ) ;
#671 = CARTESIAN_POINT ( 'NONE',  ( 365.8370808587202987, 86.26927633556869068, 162.0630491218018108 ) ) ;
#672 = CARTESIAN_POINT ( 'NONE',  ( 408.0000000000000568, 755.9679455970148183, 141.6425137518164661 ) ) ;
#673 = CARTESIAN_POINT ( 'NONE',  ( 457.9965153777827709, 113.8565719446812494, 170.9413671925228755 ) ) ;
#674 = CARTESIAN_POINT ( 'NONE',  ( 449.5829662175725616, 738.3240399342287219, 155.2111470151515960 ) ) ;
#675 = CARTESIAN_POINT ( 'NONE',  ( 423.0850738312307726, 675.8740627690774545, 197.5520979368246799 ) ) ;
#676 = CARTESIAN_POINT ( 'NONE',  ( 406.2136645255774283, 63.14469803894483135, 133.4884944535348836 ) ) ;
#677 = CARTESIAN_POINT ( 'NONE',  ( 420.6992042771933598, 754.7671391579934834, 142.5927978187623637 ) ) ;
#678 = PLANE ( 'NONE',  #1537 ) ;
#679 = VERTEX_POINT ( 'NONE', #2153 ) ;
#680 = CARTESIAN_POINT ( 'NONE',  ( 359.2230432752527349, 720.2697103668176624, 158.4586103513907176 ) ) ;
#681 = CARTESIAN_POINT ( 'NONE',  ( 457.3410416546166175, 121.2355428146833560, 185.0209044087949621 ) ) ;
#682 = CARTESIAN_POINT ( 'NONE',  ( 449.1277612939871346, 734.2398177811303412, 148.2094208454583679 ) ) ;
#683 = CARTESIAN_POINT ( 'NONE',  ( 804.8067599218979922, 407.9999999999999432, 57.14741224141265263 ) ) ;
#684 = CARTESIAN_POINT ( 'NONE',  ( 698.3226908625050555, -172.6453817250096279, 177.1586916147689692 ) ) ;
#685 = CARTESIAN_POINT ( 'NONE',  ( 365.8209731998234702, 86.29456045144074494, 162.0810119723458342 ) ) ;
#686 = CARTESIAN_POINT ( 'NONE',  ( 374.2773725469995156, 745.6323818591199597, 149.6862550231169848 ) ) ;
#687 = CARTESIAN_POINT ( 'NONE',  ( 456.9400034878344172, 102.9037961189877137, 163.6546228675132966 ) ) ;
#688 = CARTESIAN_POINT ( 'NONE',  ( 387.5148434970917037, 67.53369245826631584, 137.1666453735436733 ) ) ;
#689 = CARTESIAN_POINT ( 'NONE',  ( 428.8678198942997142, 752.3779778255668589, 144.4677372689781976 ) ) ;
#690 =( NAMED_UNIT ( * ) SI_UNIT ( $, .STERADIAN. ) SOLID_ANGLE_UNIT ( ) );
#691 = ORIENTED_EDGE ( 'NONE', *, *, #2320, .F. ) ;
#692 = ADVANCED_FACE ( 'NONE', ( #20 ), #208, .T. ) ;
#693 = CARTESIAN_POINT ( 'NONE',  ( 358.0003618996125283, 711.0170963708991394, 164.9902240596239267 ) ) ;
#694 = CARTESIAN_POINT ( 'NONE',  ( 454.3688230696052983, 94.43821363352152787, 167.7545632184827582 ) ) ;
#695 = SHAPE_DEFINITION_REPRESENTATION ( #403, #1461 ) ;
#696 = CARTESIAN_POINT ( 'NONE',  ( 457.3894793011813817, 717.7036185774543355, 160.2901703792960006 ) ) ;
#697 = CARTESIAN_POINT ( 'NONE',  ( 803.8793803442067656, 1199.758760688413304, 59.38781077278435561 ) ) ;
#698 = CARTESIAN_POINT ( 'NONE',  ( 804.8067599218982195, -385.6135198437967802, 57.14741224141270948 ) ) ;
#699 = CARTESIAN_POINT ( 'NONE',  ( 387.4319485963538341, 67.57107166081215155, 148.1240339498827723 ) ) ;
#700 = CARTESIAN_POINT ( 'NONE',  ( 382.1167208466661123, 750.2793222359653100, 146.1037135718320883 ) ) ;
#701 = CARTESIAN_POINT ( 'NONE',  ( 456.1360842520749657, 99.61483878161314465, 161.3929212291536146 ) ) ;
#702 = CARTESIAN_POINT ( 'NONE',  ( 371.6114589341645456, 78.85360739388271156, 146.2093290389586855 ) ) ;
#703 = DIRECTION ( 'NONE',  ( 0.000000000000000000, 1.000000000000000000, -8.922440622695673988E-23 ) ) ;
#704 = CARTESIAN_POINT ( 'NONE',  ( 187.7951091221850390, 407.9999999999999432, 210.4316216818835699 ) ) ;
#705 = ORIENTED_EDGE ( 'NONE', *, *, #608, .T. ) ;
#706 = CARTESIAN_POINT ( 'NONE',  ( 372.0115045741362110, 739.2478719943399028, 144.4171836685762571 ) ) ;
#707 = CIRCLE ( 'NONE', #1784, 407.9999999999999432 ) ;
#708 = CARTESIAN_POINT ( 'NONE',  ( 455.9413221484304017, 127.3641413179598061, 188.7026511789162839 ) ) ;
#709 = CARTESIAN_POINT ( 'NONE',  ( 456.3979589827976611, 700.7367740378840608, 172.0224808617485621 ) ) ;
#710 = CARTESIAN_POINT ( 'NONE',  ( 792.1481187494485994, -360.2962374988972556, 83.12984389282243569 ) ) ;
#711 = CARTESIAN_POINT ( 'NONE',  ( 389.0978298710044214, 66.82123521779378450, 147.5365701317060712 ) ) ;
#712 = CARTESIAN_POINT ( 'NONE',  ( 395.3100456470281188, 754.7047317351270976, 142.6416450144324131 ) ) ;
#713 = CARTESIAN_POINT ( 'NONE',  ( 457.1623089825996544, 104.0278295744568311, 164.4195396437870897 ) ) ;
#714 = CARTESIAN_POINT ( 'NONE',  ( 426.3856594225262029, 676.8812057214955757, 196.9337725525119538 ) ) ;
#715 = CARTESIAN_POINT ( 'NONE',  ( 373.8208733171059635, 76.64183273907931948, 144.4905159516238484 ) ) ;
#716 = CARTESIAN_POINT ( 'NONE',  ( 408.0000000000000568, 755.9679455970148183, 141.6425137518164661 ) ) ;
#717 = CARTESIAN_POINT ( 'NONE',  ( 152.1456014791335178, 407.9999999999999432, 195.1633597744525730 ) ) ;
#718 = ORIENTED_EDGE ( 'NONE', *, *, #1190, .T. ) ;
#719 = CARTESIAN_POINT ( 'NONE',  ( 387.4993190928273634, 747.8676255835913480, 137.7355955996068246 ) ) ;
#720 = CARTESIAN_POINT ( 'NONE',  ( 456.9864473585718088, 103.1282992568164616, 173.5769499924413140 ) ) ;
#721 = CARTESIAN_POINT ( 'NONE',  ( 449.0282877107804325, 687.4259489946873600, 180.7831849120872505 ) ) ;
#722 = CARTESIAN_POINT ( 'NONE',  ( 378.2403359498903228, 72.96476576918030332, 152.2869243668480124 ) ) ;
#723 = B_SPLINE_CURVE_WITH_KNOTS ( 'NONE', 3,
 ( #1562, #401, #578, #1976, #213, #984, #1774, #783, #594, #1835, #52, #2223, #1439, #1427, #2030, #1849, #1067, #1217, #249, #2422, #2254, #668, #1863, #806, #1019, #830, #621, #815, #1241, #1029, #841, #1623, #2412, #470, #1258, #2040, #237, #2393, #1400, #2236, #431, #1042, #2054, #1634, #654, #443, #455, #1227, #262, #64, #1598, #2022, #1054, #856, #272, #644, #1648, #2435, #1456, #2201, #1812, #1610, #416, #1822, #1206, #2012, #224, #30, #2403, #633, #42, #1416, #2214, #2492, #123, #1326, #1135, #694, #1709, #2129, #1522, #1510, #887, #483, #917, #903, #95, #1691, #78, #341, #1679, #1925, #537, #1271, #720, #932, #872, #2071, #2464, #498, #285, #1481, #2313, #2282, #1288, #1497, #2324, #1121, #526, #2089, #1898, #304, #137, #1667, #2298, #2504, #1095, #2477, #109, #731, #1721, #1081, #2452, #2268, #681, #1313, #1469, #1881, #708, #513, #1302, #2114, #2100, #317, #1108, #1911, #329, #561, #591, #1361, #742, #2514, #781, #2338, #575, #1375, #2139, #1389, #1946, #2368, #756, #352, #953, #1548, #2347, #1783, #187, #399, #2177, #1535, #981, #2529, #2540, #2164, #390, #2188, #1350, #379, #1770, #795, #176, #1959, #2552, #969, #1573, #1144, #605, #1746, #8, #159, #1167, #1758 ),
 .UNSPECIFIED., .F., .F.,
 ( 4, 2, 2, 1, 1, 1, 1, 2, 2, 2, 2, 1, 1, 1, 1, 1, 2, 2, 2, 2, 1, 1, 1, 1, 1, 2, 2, 2, 2, 1, 1, 1, 1, 1, 2, 2, 2, 2, 1, 1, 1, 1, 1, 1, 2, 2, 2, 2, 2, 1, 1, 1, 1, 1, 1, 2, 2, 2, 2, 2, 1, 1, 1, 1, 2, 2, 2, 2, 2, 1, 1, 1, 1, 1, 1, 2, 2, 2, 2, 1, 1, 1, 1, 1, 2, 2, 2, 2, 1, 1, 1, 1, 1, 2, 2, 2, 2, 1, 1, 1, 1, 2, 2, 2, 2, 1, 1, 1, 1, 1, 2, 2, 2, 2, 2, 1, 1, 1, 1, 2, 2, 2, 4 ),
 ( 0.000000000000000000, 0.03124999999986960431, 0.04687499999980389298, 0.05468749999977108589, 0.05859374999975421744, 0.06054687499974536341, 0.06152343749974138742, 0.06201171874973936821, 0.06249999999973734205, 0.09374999999958526231, 0.1093749999995087957, 0.1171874999994709510, 0.1210937499994524935, 0.1230468749994433619, 0.1240234374994393374, 0.1245117187494369088, 0.1247558593744360900, 0.1249999999994352851, 0.1562499999993172128, 0.1718749999992577882, 0.1796874999992284783, 0.1835937499992137401, 0.1855468749992060518, 0.1865234374992018052, 0.1870117187491999455, 0.1872558593741987520, 0.1874999999991975308, 0.2187499999990662469, 0.2343749999990005495, 0.2421874999989677146, 0.2460937499989512278, 0.2480468749989427346, 0.2490234374989382937, 0.2495117187489361010, 0.2497558593739350741, 0.2499999999989340194, 0.2812499999987736476, 0.2968749999986934340, 0.3046874999986534660, 0.3085937499986338706, 0.3105468749986241561, 0.3115234374986195487, 0.3120117187486173838, 0.3122558593736163846, 0.3123779296861161070, 0.3124999999986158294, 0.3437499999985269006, 0.3593749999984824917, 0.3671874999984601762, 0.3710937499984488519, 0.3730468749984430787, 0.3740234374984403032, 0.3745117187484388599, 0.3747558593734377497, 0.3748779296859372501, 0.3749389648421868615, 0.3749999999984364174, 0.4062499999985413890, 0.4218749999985938470, 0.4296874999986202703, 0.4335937499986335375, 0.4355468749986401433, 0.4365234374986434185, 0.4370117187486451393, 0.4372558593736459720, 0.4374999999986468602, 0.4687499999987629895, 0.4843749999988208876, 0.4921874999988500865, 0.4960937499988648525, 0.4980468749988723465, 0.4990234374988762323, 0.4995117187488783972, 0.4997558593738791188, 0.4998779296863794519, 0.4999389648426296184, 0.4999999999988796739, 0.5312499999989194199, 0.5468749999989394039, 0.5546874999989495070, 0.5585937499989545030, 0.5605468749989567234, 0.5615234374989580557, 0.5620117187489589439, 0.5622558593739594990, 0.5624999999989600541, 0.5937499999990392130, 0.6093749999990786259, 0.6171874999990982769, 0.6210937499991079358, 0.6230468749991127098, 0.6240234374991148192, 0.6245117187491157074, 0.6247558593741158184, 0.6249999999991159294, 0.6562499999991341371, 0.6718749999991434629, 0.6796874999991481259, 0.6835937499991503463, 0.6855468749991515676, 0.6865234374991527888, 0.6870117187491531219, 0.6874999999991535660, 0.7187499999992064126, 0.7343749999992333910, 0.7421874999992472688, 0.7460937499992541522, 0.7480468749992577049, 0.7490234374992598143, 0.7495117187492610356, 0.7497558593742614796, 0.7499999999992619237, 0.8124999999994829691, 0.8437499999995929922, 0.8593749999996475042, 0.8671874999996749267, 0.8710937499996886935, 0.8730468749996954658, 0.8740234374996985744, 0.8745117187496999067, 0.8749999999997013500, 0.9374999999998506750, 1.000000000000000000 ),
 .UNSPECIFIED. ) ;
#724 = CARTESIAN_POINT ( 'NONE',  ( 450.1868242374786178, 737.5819331811542270, 155.7649342320955554 ) ) ;
#725 = CARTESIAN_POINT ( 'NONE',  ( 366.3736943731796600, 692.7985227392053957, 186.8918178953609868 ) ) ;
#726 = CARTESIAN_POINT ( 'NONE',  ( 437.5502584428485875, 72.81111299587983865, 141.4581194511827675 ) ) ;
#727 = CARTESIAN_POINT ( 'NONE',  ( 358.0209980022559080, 111.6927006757279202, 169.5306925645621163 ) ) ;
#728 = DIRECTION ( 'NONE',  ( 3.582222452195526079E-17, 0.5735764363510481578, 0.8191520442889904663 ) ) ;
#729 = VERTEX_POINT ( 'NONE', #1341 ) ;
#730 = CARTESIAN_POINT ( 'NONE',  ( 374.3009632814579959, 741.0765164267209002, 143.0185384150777850 ) ) ;
#731 = CARTESIAN_POINT ( 'NONE',  ( 457.3873487714287194, 120.9487347364359664, 184.8463597491862060 ) ) ;
#732 = CARTESIAN_POINT ( 'NONE',  ( 427.4846794550647360, 672.6300390694053704, 190.0771685157739341 ) ) ;
#733 = SURFACE_STYLE_FILL_AREA ( #1948 ) ;
#734 = CARTESIAN_POINT ( 'NONE',  ( 378.7710634107349961, 72.57784642850170087, 151.9922908387185032 ) ) ;
#735 = CARTESIAN_POINT ( 'NONE',  ( 367.1566602423532117, 739.1883061764474405, 154.5644900050521926 ) ) ;
#736 = CARTESIAN_POINT ( 'NONE',  ( 452.9804882951558511, 91.25783169732679312, 155.4808911150906567 ) ) ;
#737 = ADVANCED_FACE ( 'NONE', ( #2383 ), #1157, .F. ) ;
#738 = CARTESIAN_POINT ( 'NONE',  ( 360.1988812434065039, 98.47984137985372399, 160.6032134644646305 ) ) ;
#739 =( NAMED_UNIT ( * ) SI_UNIT ( $, .STERADIAN. ) SOLID_ANGLE_UNIT ( ) );
#740 = ORIENTED_EDGE ( 'NONE', *, *, #1529, .F. ) ;
#741 = CARTESIAN_POINT ( 'NONE',  ( 408.0000000000000000, 407.9999999999999432, 57.14741224141265263 ) ) ;
#742 = CARTESIAN_POINT ( 'NONE',  ( 452.7883549076522058, 135.3851532001995395, 193.3849504175472873 ) ) ;
#743 = CARTESIAN_POINT ( 'NONE',  ( 443.4288925255357867, 681.7844092151583482, 184.3814626477891068 ) ) ;
#744 = PRESENTATION_STYLE_ASSIGNMENT (( #1938 ) ) ;
#745 = CARTESIAN_POINT ( 'NONE',  ( 387.4549951986732594, 67.56067740111471664, 148.1158910815889271 ) ) ;
#746 = PRESENTATION_LAYER_ASSIGNMENT (  '', '', ( #789 ) ) ;
#747 = PRESENTATION_LAYER_ASSIGNMENT (  '', '', ( #40 ) ) ;
#748 = CARTESIAN_POINT ( 'NONE',  ( 358.0002144734674516, 715.9997189052179465, 171.3122352088901721 ) ) ;
#749 = STYLED_ITEM ( 'NONE', ( #1044 ), #1385 ) ;
#750 = CARTESIAN_POINT ( 'NONE',  ( 428.7652416331577001, 67.66053383396420884, 137.2714291248892948 ) ) ;
#751 = CARTESIAN_POINT ( 'NONE',  ( 442.6750363915296589, 685.7806085056802203, 191.3836038593371427 ) ) ;
#752 = CARTESIAN_POINT ( 'NONE',  ( 359.0624055797220535, 102.8921465168409810, 163.6466803359696485 ) ) ;
#753 =( LENGTH_UNIT ( ) NAMED_UNIT ( * ) SI_UNIT ( .MILLI., .METRE. ) );
#754 = ORIENTED_EDGE ( 'NONE', *, *, #121, .T. ) ;
#755 = DIRECTION ( 'NONE',  ( -2.869044131126252138E-21, -1.131538266383779192E-22, -1.000000000000000000 ) ) ;
#756 = CARTESIAN_POINT ( 'NONE',  ( 450.0607670718694635, 140.2306448603698072, 196.1435448569238247 ) ) ;
#757 = CARTESIAN_POINT ( 'NONE',  ( 435.8588618798165157, 676.4906745528971896, 187.6969030349857803 ) ) ;
#758 = CARTESIAN_POINT ( 'NONE',  ( 332.9258602861432337, 257.8517205722865242, 239.9346279839265037 ) ) ;
#759 = CARTESIAN_POINT ( 'NONE',  ( 408.0000000000000000, 357.9999999999999432, 241.2788935075005554 ) ) ;
#760 = CARTESIAN_POINT ( 'NONE',  ( 360.3197118751426729, 703.3468076989563542, 179.9490747069951055 ) ) ;
#761 = CARTESIAN_POINT ( 'NONE',  ( 373.2678187789373965, 149.1229105087106177, 201.0642537364848579 ) ) ;
#762 = CARTESIAN_POINT ( 'NONE',  ( 445.7029710674779039, 80.30229548414521901, 147.3246114637729534 ) ) ;
#763 = CARTESIAN_POINT ( 'NONE',  ( 449.4731034216246712, 692.6062258369280471, 187.0162446561777756 ) ) ;
#764 = CARTESIAN_POINT ( 'NONE',  ( 361.9292285513060392, 93.71374548330544485, 157.2411393157935606 ) ) ;
#765 = FACE_OUTER_BOUND ( 'NONE', #1520, .T. ) ;
#766 = ORIENTED_EDGE ( 'NONE', *, *, #2037, .T. ) ;
#767 = DIRECTION ( 'NONE',  ( -2.869044131126252138E-21, -1.131538266383779192E-22, -1.000000000000000000 ) ) ;
#768 = SURFACE_STYLE_FILL_AREA ( #364 ) ;
#769 = EDGE_CURVE ( 'NONE', #377, #1133, #723, .T. ) ;
#770 = CARTESIAN_POINT ( 'NONE',  ( 443.4780641152410112, 681.8262540630720423, 184.3550173133263854 ) ) ;
#771 = CARTESIAN_POINT ( 'NONE',  ( 380.5591392821989416, 676.2543424690671827, 187.8435342478986172 ) ) ;
#772 = DIRECTION ( 'NONE',  ( -2.869044131126252138E-21, -1.131538266383779192E-22, -1.000000000000000000 ) ) ;
#773 = CARTESIAN_POINT ( 'NONE',  ( 365.9706884958458772, 693.3140348375079611, 186.5579077109240131 ) ) ;
#774 = CARTESIAN_POINT ( 'NONE',  ( 371.3671243948135725, 147.1757996521251641, 200.0011882101216827 ) ) ;
#775 = CARTESIAN_POINT ( 'NONE',  ( 440.3392076141503821, 75.00262161617476409, 143.2016739475585325 ) ) ;
#776 = CARTESIAN_POINT ( 'NONE',  ( 449.5045976209975720, 692.6455896234606371, 186.9907807731437686 ) ) ;
#777 = CARTESIAN_POINT ( 'NONE',  ( 360.1477501225580227, 98.64772589416922699, 160.7202003722036920 ) ) ;
#778 =( NAMED_UNIT ( * ) PLANE_ANGLE_UNIT ( ) SI_UNIT ( $, .RADIAN. ) );
#779 = VERTEX_POINT ( 'NONE', #993 ) ;
#780 = CARTESIAN_POINT ( 'NONE',  ( 301.0689163514215920, 407.9999999999999432, 236.6956189330485643 ) ) ;
#781 = CARTESIAN_POINT ( 'NONE',  ( 451.8759946950094673, 137.1249060459981024, 194.3805075884488929 ) ) ;
#782 = CARTESIAN_POINT ( 'NONE',  ( 408.0000000000000000, 407.9999999999999432, 60.20712268590816052 ) ) ;
#783 = CARTESIAN_POINT ( 'NONE',  ( 417.8822467595114745, 64.13010977828601256, 145.4020886798260221 ) ) ;
#784 = DIRECTION ( 'NONE',  ( 3.582222452195522381E-17, 0.5735764363510476027, 0.8191520442889906883 ) ) ;
#785 = CARTESIAN_POINT ( 'NONE',  ( 366.3873371435431068, 692.7813127358078873, 186.9029568265074772 ) ) ;
#786 =( GEOMETRIC_REPRESENTATION_CONTEXT ( 3 ) GLOBAL_UNCERTAINTY_ASSIGNED_CONTEXT ( ( #1122 ) ) GLOBAL_UNIT_ASSIGNED_CONTEXT ( ( #1208, #2241, #1291 ) ) REPRESENTATION_CONTEXT ( 'NONE', 'WORKASPACE' ) );
#787 = CARTESIAN_POINT ( 'NONE',  ( 361.2048953674599261, 130.7597945431921858, 190.7029630983758182 ) ) ;
#788 = CARTESIAN_POINT ( 'NONE',  ( 408.0000000000000000, 804.8067599218978785, 57.14741224141265263 ) ) ;
#789 = STYLED_ITEM ( 'NONE', ( #622 ), #2227 ) ;
#790 = CARTESIAN_POINT ( 'NONE',  ( 451.4218683499228746, 695.1947520992613363, 185.3362786855759907 ) ) ;
#791 = CARTESIAN_POINT ( 'NONE',  ( 364.7803992471907009, 138.2859439520622686, 185.9744085959937649 ) ) ;
#792 = CARTESIAN_POINT ( 'NONE',  ( 355.1738929538129810, 407.9999999999999432, 241.1422276371325495 ) ) ;
#793 = AXIS2_PLACEMENT_3D ( 'NONE', #158, #755, #2336 ) ;
#794 = ORIENTED_EDGE ( 'NONE', *, *, #418, .F. ) ;
#795 = CARTESIAN_POINT ( 'NONE',  ( 430.6206114620454741, 157.7371109909124414, 205.6699788931766761 ) ) ;
#796 = CARTESIAN_POINT ( 'NONE',  ( 408.0000000000000000, 407.9999999999999432, 275.0000000000000568 ) ) ;
#797 = CARTESIAN_POINT ( 'NONE',  ( 388.7834739397189310, 677.1696842787797550, 196.7563936724423002 ) ) ;
#798 = CARTESIAN_POINT ( 'NONE',  ( 360.0094769248967737, 127.2625917640858546, 188.6444481058780980 ) ) ;
#799 = CARTESIAN_POINT ( 'NONE',  ( 418.7395945345014070, 64.31169874811712361, 134.4766042981984242 ) ) ;
#800 = ADVANCED_FACE ( 'NONE', ( #551, #1337 ), #2207, .F. ) ;
#801 = CARTESIAN_POINT ( 'NONE',  ( 360.3276163499940026, 128.2272925062367221, 179.9748404917192488 ) ) ;
#802 = CARTESIAN_POINT ( 'NONE',  ( 451.0630130472154065, 138.5529069280463830, 186.1302073125450818 ) ) ;
#803 = CARTESIAN_POINT ( 'NONE',  ( 407.9999999999809006, 751.3191226091803401, 135.0033064680430357 ) ) ;
#804 = CARTESIAN_POINT ( 'NONE',  ( 408.0000000000000568, 673.8874303028424038, 198.7640690041875473 ) ) ;
#805 = CARTESIAN_POINT ( 'NONE',  ( 396.8958983183945293, 670.2939923909892741, 191.5031775685073114 ) ) ;
#806 = CARTESIAN_POINT ( 'NONE',  ( 428.5217872706401749, 67.55021985481018021, 148.1076985041997887 ) ) ;
#807 = CARTESIAN_POINT ( 'NONE',  ( 387.0924278750083545, 677.8002999268969688, 196.3681863957995120 ) ) ;
#808 = CARTESIAN_POINT ( 'NONE',  ( 365.1200018468607027, 138.8606572521158853, 195.3672257456841237 ) ) ;
#809 = CARTESIAN_POINT ( 'NONE',  ( 420.1451531909004302, 64.63885560189318369, 134.7524289492965579 ) ) ;
#810 = CARTESIAN_POINT ( 'NONE',  ( 358.0146075256016616, 111.9361683593681676, 169.6901085896774646 ) ) ;
#811 = CARTESIAN_POINT ( 'NONE',  ( 451.0702239450909588, 138.5406810604744976, 186.1230756093171692 ) ) ;
#812 = CARTESIAN_POINT ( 'NONE',  ( 429.8754656322520873, 747.3836373705935330, 138.1166806312256199 ) ) ;
#813 = CARTESIAN_POINT ( 'NONE',  ( 408.0000000000000000, 457.9999999999998863, 249.2880578929145656 ) ) ;
#814 = LINE ( 'NONE', #1415, #2401 ) ;
#815 = CARTESIAN_POINT ( 'NONE',  ( 431.5143293553222179, 68.98720776336551808, 149.2308953140509402 ) ) ;
#816 = FILL_AREA_STYLE_COLOUR ( '', #1491 ) ;
#817 = CARTESIAN_POINT ( 'NONE',  ( 379.5502491697391747, 681.4630024017832284, 194.0966844418066444 ) ) ;
#818 = CARTESIAN_POINT ( 'NONE',  ( 358.0136908224064314, 111.9746956875051893, 179.2781701125830978 ) ) ;
#819 = CIRCLE ( 'NONE', #864, 49.99999999999998579 ) ;
#820 = CARTESIAN_POINT ( 'NONE',  ( 375.6641145634744703, 151.4346336229612859, 193.4497498234702277 ) ) ;
#821 =( GEOMETRIC_REPRESENTATION_CONTEXT ( 3 ) GLOBAL_UNCERTAINTY_ASSIGNED_CONTEXT ( ( #1317 ) ) GLOBAL_UNIT_ASSIGNED_CONTEXT ( ( #662, #1026, #1168 ) ) REPRESENTATION_CONTEXT ( 'NONE', 'WORKASPACE' ) );
#822 = CARTESIAN_POINT ( 'NONE',  ( 431.8817718962121148, 157.2002218712793820, 196.5987234732713773 ) ) ;
#823 = VECTOR ( 'NONE', #1599, 1000.000000000000000 ) ;
#824 = CARTESIAN_POINT ( 'NONE',  ( 435.4402535306314235, 744.8648660816404572, 140.0858000590089603 ) ) ;
#825 = PRESENTATION_STYLE_ASSIGNMENT (( #36 ) ) ;
#826 = DIRECTION ( 'NONE',  ( -2.869044131126252138E-21, -1.131538266383779192E-22, -1.000000000000000000 ) ) ;
#827 = AXIS2_PLACEMENT_3D ( 'NONE', #1692, #873, #2255 ) ;
#828 = CARTESIAN_POINT ( 'NONE',  ( 408.0000000000000000, 807.9999999999997726, 41.08393240782226030 ) ) ;
#829 = CARTESIAN_POINT ( 'NONE',  ( 358.0162263008380137, 710.0644533645951242, 165.6518217178556256 ) ) ;
#830 = CARTESIAN_POINT ( 'NONE',  ( 428.5610253196576878, 67.56790133991270864, 148.1215502140901492 ) ) ;
#831 = CARTESIAN_POINT ( 'NONE',  ( 801.9452750953892064, 1195.890550190778868, 63.84634643007946408 ) ) ;
#832 = CARTESIAN_POINT ( 'NONE',  ( 383.1422347238849966, 679.5100647811339059, 195.3118066124047232 ) ) ;
#833 = CARTESIAN_POINT ( 'NONE',  ( 358.8752851537675497, 103.8247857305022563, 174.0338600752591844 ) ) ;
#834 = CARTESIAN_POINT ( 'NONE',  ( 358.5339871511183105, 120.4362791067023153, 175.1479039581259087 ) ) ;
#835 = CARTESIAN_POINT ( 'NONE',  ( 444.2402012691279083, 147.5973102059666076, 191.3080727991566619 ) ) ;
#836 = ORIENTED_EDGE ( 'NONE', *, *, #1448, .F. ) ;
#837 = SURFACE_STYLE_USAGE ( .BOTH. , #2390 ) ;
#838 = CARTESIAN_POINT ( 'NONE',  ( 488.7145725035658756, 246.5708549928684477, 247.8193113324504111 ) ) ;
#839 =( BOUNDED_SURFACE ( )  B_SPLINE_SURFACE ( 3, 3, ( 
 ( #1934, #1558, #146, #550 ),
 ( #1957, #175, #2357, #574 ),
 ( #2162, #378, #1188, #259 ),
 ( #18, #234, #1203, #440 ),
 ( #2009, #1027, #1845, #652 ),
 ( #27, #1413, #221, #2232 ) ),
 .UNSPECIFIED., .F., .F., .F. ) 
 B_SPLINE_SURFACE_WITH_KNOTS ( ( 4, 1, 1, 4 ),
 ( 4, 4 ),
 ( 0.1037506196896849919, 0.2950262562078309614, 0.5243479125509349359, 0.9787871535328429573 ),
 ( 0.000000000000000000, 1.000000000000000000 ),
 .UNSPECIFIED. ) 
 GEOMETRIC_REPRESENTATION_ITEM ( )  RATIONAL_B_SPLINE_SURFACE ( (
 ( 1.000000000000000000, 0.3333333333333335369, 0.3333333333333335369, 1.000000000000000000),
 ( 1.000000000000000000, 0.3333333333333335369, 0.3333333333333335369, 1.000000000000000000),
 ( 1.000000000000000000, 0.3333333333333335369, 0.3333333333333335369, 1.000000000000000000),
 ( 1.000000000000000000, 0.3333333333333335369, 0.3333333333333335369, 1.000000000000000000),
 ( 1.000000000000000000, 0.3333333333333335369, 0.3333333333333335369, 1.000000000000000000),
 ( 1.000000000000000000, 0.3333333333333335369, 0.3333333333333335369, 1.000000000000000000) ) ) 
 REPRESENTATION_ITEM ( '' )  SURFACE ( )  );
#840 = CARTESIAN_POINT ( 'NONE',  ( 366.4521156562220199, 688.0814981633064917, 180.3600402670851679 ) ) ;
#841 = CARTESIAN_POINT ( 'NONE',  ( 435.4878811521507487, 71.37631187343292538, 151.0739237502309891 ) ) ;
#842 = CARTESIAN_POINT ( 'NONE',  ( 440.1848179916593153, 746.7286855283613249, 148.8472297064518557 ) ) ;
#843 = EDGE_CURVE ( 'NONE', #2409, #979, #2512, .T. ) ;
#844 = CARTESIAN_POINT ( 'NONE',  ( 454.1133667018454503, 726.9224219732808479, 153.6366749593303496 ) ) ;
#845 = CARTESIAN_POINT ( 'NONE',  ( 698.3226908625042597, 988.6453817250085194, 177.1586916147686850 ) ) ;
#846 = CARTESIAN_POINT ( 'NONE',  ( 773.5683877392393697, 408.0000000000000568, 110.7902665383980434 ) ) ;
#847 = CARTESIAN_POINT ( 'NONE',  ( 360.1509481991158736, 98.63717431384878864, 170.5965161969994313 ) ) ;
#848 = CARTESIAN_POINT ( 'NONE',  ( 435.9647005652587950, 749.2248174603622601, 146.9213377982183886 ) ) ;
#849 = CARTESIAN_POINT ( 'NONE',  ( 390.8758233273077849, 753.5913079295681882, 143.5167889181007297 ) ) ;
#850 = CARTESIAN_POINT ( 'NONE',  ( 455.8246363607083254, 98.55688948125691695, 160.6569096140621298 ) ) ;
#851 = ORIENTED_EDGE ( 'NONE', *, *, #2496, .F. ) ;
#852 = SURFACE_STYLE_USAGE ( .BOTH. , #1631 ) ;
#853 = CARTESIAN_POINT ( 'NONE',  ( 427.3045881450923957, 752.9174823841918851, 144.0452419045334125 ) ) ;
#854 = CARTESIAN_POINT ( 'NONE',  ( 357.9999999999999432, 307.9999999999997158, 249.2880578929146225 ) ) ;
#855 = CARTESIAN_POINT ( 'NONE',  ( 362.3692559555318553, 727.8649433527696146, 152.9465502207948191 ) ) ;
#856 = CARTESIAN_POINT ( 'NONE',  ( 446.4671660509462185, 81.16475601468600587, 158.3936134657508319 ) ) ;
#857 = CARTESIAN_POINT ( 'NONE',  ( 442.3133909094667047, 740.5642864193816877, 143.4096849225043968 ) ) ;
#858 = CARTESIAN_POINT ( 'NONE',  ( 797.8140656277897733, 1187.628131255579319, 72.56105059050646844 ) ) ;
#859 = CARTESIAN_POINT ( 'NONE',  ( 360.1380457445000047, 98.67978638658252066, 170.6250799177820170 ) ) ;
#860 = CARTESIAN_POINT ( 'NONE',  ( 456.7824531936202561, 724.8608873223029150, 165.0576143228279591 ) ) ;
#861 = CARTESIAN_POINT ( 'NONE',  ( 373.6821119639928384, 745.1904417876004345, 150.0239062371395562 ) ) ;
#862 = CARTESIAN_POINT ( 'NONE',  ( 455.8275558267895917, 98.56646324942424542, 160.6635818334994212 ) ) ;
#863 = CARTESIAN_POINT ( 'NONE',  ( 443.3920704576968319, 744.3583433838929295, 150.6585744139227927 ) ) ;
#864 = AXIS2_PLACEMENT_3D ( 'NONE', #1524, #1304, #2316 ) ;
#865 = DIRECTION ( 'NONE',  ( -2.869044131126252138E-21, -1.131538266383779192E-22, -1.000000000000000000 ) ) ;
#866 = CARTESIAN_POINT ( 'NONE',  ( 379.2776329263153912, 72.21662106883091781, 140.9815965495846228 ) ) ;
#867 = CARTESIAN_POINT ( 'NONE',  ( 434.2872080097919820, 750.1131486492847671, 146.2334630341692616 ) ) ;
#868 = CIRCLE ( 'NONE', #1234, 407.9999999999999432 ) ;
#869 =( GEOMETRIC_REPRESENTATION_CONTEXT ( 3 ) GLOBAL_UNCERTAINTY_ASSIGNED_CONTEXT ( ( #2115 ) ) GLOBAL_UNIT_ASSIGNED_CONTEXT ( ( #1219, #1171, #2556 ) ) REPRESENTATION_CONTEXT ( 'NONE', 'WORKASPACE' ) );
#870 = CIRCLE ( 'NONE', #793, 399.9999999999998863 ) ;
#871 = CARTESIAN_POINT ( 'NONE',  ( 361.7873932727794113, 726.7298910450322182, 153.7776891411162410 ) ) ;
#872 = CARTESIAN_POINT ( 'NONE',  ( 457.3787251530858384, 105.0531907106492326, 174.8414221591457647 ) ) ;
#873 = DIRECTION ( 'NONE',  ( -2.869044131126252138E-21, -1.131538266383779192E-22, -1.000000000000000000 ) ) ;
#874 = CIRCLE ( 'NONE', #1201, 49.99999999999998579 ) ;
#875 = CARTESIAN_POINT ( 'NONE',  ( 437.5885671706523112, 743.7116753790646726, 140.9833525146742943 ) ) ;
#876 = CARTESIAN_POINT ( 'NONE',  ( 31.40588199273553727, -345.1882360145286270, 95.28223909880701115 ) ) ;
#877 = CARTESIAN_POINT ( 'NONE',  ( 361.5588612760567457, 94.61814687834171878, 167.8774974897075936 ) ) ;
#878 = CARTESIAN_POINT ( 'NONE',  ( 380.2489313305449059, 749.3382193857138418, 146.8335252013811498 ) ) ;
#879 = CARTESIAN_POINT ( 'NONE',  ( 455.3166305168534223, 96.96739319749231356, 159.5458205852772551 ) ) ;
#880 = ADVANCED_FACE ( 'NONE', ( #1436 ), #920, .F. ) ;
#881 = CARTESIAN_POINT ( 'NONE',  ( 411.0850344703758310, 673.8874303028437680, 198.7640690041883147 ) ) ;
#882 = CARTESIAN_POINT ( 'NONE',  ( 387.6933156216800853, 67.45377542104849056, 137.1005960120830025 ) ) ;
#883 = LINE ( 'NONE', #1268, #2287 ) ;
#884 = DIRECTION ( 'NONE',  ( 0.000000000000000000, -0.8191520442889899112, 0.5735764363510487129 ) ) ;
#885 = EDGE_LOOP ( 'NONE', ( #1557, #135, #836, #705, #339 ) ) ;
#886 = CARTESIAN_POINT ( 'NONE',  ( 363.4103275877279771, 692.4272691344078794, 177.5356844787436899 ) ) ;
#887 = CARTESIAN_POINT ( 'NONE',  ( 454.7294405574024836, 95.33445971318184320, 168.3669249086457853 ) ) ;
#888 = DIRECTION ( 'NONE',  ( -2.869044131126252138E-21, -1.131538266383779192E-22, -1.000000000000000000 ) ) ;
#889 = CARTESIAN_POINT ( 'NONE',  ( 442.8177492390395855, 740.1803288948314048, 143.7039461432915743 ) ) ;
#890 = CARTESIAN_POINT ( 'NONE',  ( 42.43161226076058057, -323.1367754784802742, 110.7902665383982708 ) ) ;
#891 = CARTESIAN_POINT ( 'NONE',  ( 408.0000000000000000, 407.9999999999999432, 241.2788935075005554 ) ) ;
#892 = CARTESIAN_POINT ( 'NONE',  ( 457.8510071381696775, 712.5630928767150181, 173.6919555179915733 ) ) ;
#893 = CARTESIAN_POINT ( 'NONE',  ( 389.2202458200681008, 753.0880099578304225, 143.9115765883877884 ) ) ;
#894 = CARTESIAN_POINT ( 'NONE',  ( 457.6463358995413273, 107.1611576093650058, 166.5305200767423912 ) ) ;
#895 = CARTESIAN_POINT ( 'NONE',  ( 443.7003415714682433, 744.1105422108948915, 150.8472912508105139 ) ) ;
#896 = CARTESIAN_POINT ( 'NONE',  ( 435.4021055726822738, 680.8634558187881112, 194.4703471122115843 ) ) ;
#897 = CARTESIAN_POINT ( 'NONE',  ( 426.7340781970592047, 677.0006246790012483, 196.8603562213075406 ) ) ;
#898 = CARTESIAN_POINT ( 'NONE',  ( 397.3933417247118314, 64.28265138231458309, 134.4521009246809058 ) ) ;
#899 = CARTESIAN_POINT ( 'NONE',  ( 414.2648443919873671, 755.7440068050619857, 141.8212114513208348 ) ) ;
#900 = DIRECTION ( 'NONE',  ( 2.943534393218535570E-21, 1.131538266383778957E-22, 1.000000000000000000 ) ) ;
#901 = ORIENTED_EDGE ( 'NONE', *, *, #2154, .T. ) ;
#902 = CARTESIAN_POINT ( 'NONE',  ( 371.7547294086344891, 739.0338972604089349, 144.5804843392455723 ) ) ;
#903 = CARTESIAN_POINT ( 'NONE',  ( 456.0903961724495161, 99.42858144566174872, 171.1290512594881932 ) ) ;
#904 = DIRECTION ( 'NONE',  ( -2.869044131126252138E-21, -1.131538266383779192E-22, -1.000000000000000000 ) ) ;
#905 = CARTESIAN_POINT ( 'NONE',  ( 450.5523554371736168, 732.5423806089688696, 149.4820610845139868 ) ) ;
#906 = CARTESIAN_POINT ( 'NONE',  ( 152.1456014791335178, 407.9999999999998863, 195.1633597744525730 ) ) ;
#907 = CARTESIAN_POINT ( 'NONE',  ( 366.7351544687277851, 84.86075714697052774, 161.0623124484443451 ) ) ;
#908 = CARTESIAN_POINT ( 'NONE',  ( 454.7643337736428748, 730.2247841386716800, 161.1846396377029009 ) ) ;
#909 = CARTESIAN_POINT ( 'NONE',  ( 387.0722447582985524, 158.5542757118157624, 197.3253071861704200 ) ) ;
#910 = CARTESIAN_POINT ( 'NONE',  ( 455.8315567049533001, 98.57959271146043534, 160.6727321938198827 ) ) ;
#911 = CARTESIAN_POINT ( 'NONE',  ( 435.8004178119282415, 749.3121218952314848, 146.8537343409547589 ) ) ;
#912 = CARTESIAN_POINT ( 'NONE',  ( 378.9687637218483474, 72.43587996647187310, 141.1575000742945178 ) ) ;
#913 = PRESENTATION_STYLE_ASSIGNMENT (( #2474 ) ) ;
#914 = CARTESIAN_POINT ( 'NONE',  ( 3.801476283455562655, 407.9999999999999432, 60.20712268590816052 ) ) ;
#915 = VERTEX_POINT ( 'NONE', #804 ) ;
#916 = CARTESIAN_POINT ( 'NONE',  ( 386.0987717570503719, 747.3553611976919910, 138.1384536945354284 ) ) ;
#917 = CARTESIAN_POINT ( 'NONE',  ( 455.8535951699731186, 98.63245248410240151, 170.5962763044809662 ) ) ;
#918 = CARTESIAN_POINT ( 'NONE',  ( 457.9999999999999432, 407.9999999999999432, 249.2880578929145656 ) ) ;
#919 = CIRCLE ( 'NONE', #2366, 49.99999999999998579 ) ;
#920 = TOROIDAL_SURFACE ( 'NONE', #1449, 358.0000000000000000, 42.00000000000000000 ) ;
#921 = CARTESIAN_POINT ( 'NONE',  ( 452.9909816899261727, 693.0662907199559868, 177.1181091548091615 ) ) ;
#922 = CARTESIAN_POINT ( 'NONE',  ( 378.7626996574495593, 72.58387443854978471, 151.9968846593448575 ) ) ;
#923 = AXIS2_PLACEMENT_3D ( 'NONE', #494, #2052, #929 ) ;
#924 = CARTESIAN_POINT ( 'NONE',  ( 450.5366881582301062, 737.1364295861427536, 156.0968030907563957 ) ) ;
#925 = CARTESIAN_POINT ( 'NONE',  ( 363.0787222041732889, 733.6683427821038777, 158.6639381056342586 ) ) ;
#926 = CARTESIAN_POINT ( 'NONE',  ( 444.5042050347771010, 78.97683234994006796, 146.3045084203149884 ) ) ;
#927 = CARTESIAN_POINT ( 'NONE',  ( 428.4497710390873522, 677.6040035596237203, 196.4892980113984038 ) ) ;
#928 = CARTESIAN_POINT ( 'NONE',  ( 376.2168562974540009, 74.51333010881819519, 142.8164809550668224 ) ) ;
#929 = DIRECTION ( 'NONE',  ( 0.000000000000000000, 1.000000000000000000, 0.000000000000000000 ) ) ;
#930 = VERTEX_POINT ( 'NONE', #828 ) ;
#931 = CARTESIAN_POINT ( 'NONE',  ( 372.5570145359769185, 739.6894202277594559, 144.0796992819281002 ) ) ;
#932 = CARTESIAN_POINT ( 'NONE',  ( 456.9900075354147475, 103.1457286219760476, 173.5884003605079897 ) ) ;
#933 = CARTESIAN_POINT ( 'NONE',  ( 435.8358217704208073, 676.4775283048053325, 187.7050621316374759 ) ) ;
#934 = ADVANCED_FACE ( 'NONE', ( #1621 ), #2410, .F. ) ;
#935 = CARTESIAN_POINT ( 'NONE',  ( 393.2185305323033617, 65.37164450601342480, 146.3909081638760199 ) ) ;
#936 = UNCERTAINTY_MEASURE_WITH_UNIT (LENGTH_MEASURE( 1.000000000000000082E-05 ), #1619, 'distance_accuracy_value', 'NONE');
#937 = CARTESIAN_POINT ( 'NONE',  ( 358.2799994337980820, 710.6880874766617353, 174.9860767201205078 ) ) ;
#938 = CARTESIAN_POINT ( 'NONE',  ( 442.1479832336486879, 76.58673566574098857, 144.4492927028938993 ) ) ;
#939 = CARTESIAN_POINT ( 'NONE',  ( 360.4579153052051765, 97.65951835033514783, 160.0302537890286203 ) ) ;
#940 = FILL_AREA_STYLE ('',( #1358 ) ) ;
#941 = ORIENTED_EDGE ( 'NONE', *, *, #2413, .T. ) ;
#942 = CARTESIAN_POINT ( 'NONE',  ( 449.6588413071719970, 688.2214242800204147, 180.2697227436370895 ) ) ;
#943 = FILL_AREA_STYLE ('',( #1329 ) ) ;
#944 = CARTESIAN_POINT ( 'NONE',  ( 371.5107963688127484, 78.96081083144470369, 156.7753027543859332 ) ) ;
#945 = CARTESIAN_POINT ( 'NONE',  ( 364.1482236018815115, 695.8719705564927835, 184.8929770937764658 ) ) ;
#946 = CARTESIAN_POINT ( 'NONE',  ( 438.3563630605830781, 73.41121246546461521, 141.9378102392689414 ) ) ;
#947 = CARTESIAN_POINT ( 'NONE',  ( 453.4259047741664972, 698.4975595700861959, 183.1695262228669208 ) ) ;
#948 = CARTESIAN_POINT ( 'NONE',  ( 360.0944739566342605, 98.82372713675849241, 160.8427963526354461 ) ) ;
#949 = CARTESIAN_POINT ( 'NONE',  ( 408.0000000000000000, 407.9999999999999432, -1.201534288872777363E-18 ) ) ;
#950 = ADVANCED_FACE ( 'NONE', ( #2067, #1283 ), #678, .F. ) ;
#951 = ORIENTED_EDGE ( 'NONE', *, *, #618, .F. ) ;
#952 = FILL_AREA_STYLE ('',( #604 ) ) ;
#953 = CARTESIAN_POINT ( 'NONE',  ( 447.6973770991363040, 143.5548522275269647, 198.0023582834772355 ) ) ;
#954 = CARTESIAN_POINT ( 'NONE',  ( 443.7215224585908686, 682.0347576772395541, 184.2231968830967617 ) ) ;
#955 =( GEOMETRIC_REPRESENTATION_CONTEXT ( 3 ) GLOBAL_UNCERTAINTY_ASSIGNED_CONTEXT ( ( #1736 ) ) GLOBAL_UNIT_ASSIGNED_CONTEXT ( ( #1478, #493, #1281 ) ) REPRESENTATION_CONTEXT ( 'NONE', 'WORKASPACE' ) );
#956 =( LENGTH_UNIT ( ) NAMED_UNIT ( * ) SI_UNIT ( .MILLI., .METRE. ) );
#957 = UNCERTAINTY_MEASURE_WITH_UNIT (LENGTH_MEASURE( 1.000000000000000082E-05 ), #28, 'distance_accuracy_value', 'NONE');
#958 = CARTESIAN_POINT ( 'NONE',  ( 449.6897588277315094, 738.1953801213753650, 155.3072535580150770 ) ) ;
#959 = CARTESIAN_POINT ( 'NONE',  ( 358.0015446196402991, 716.1611639653411885, 171.1998062685699722 ) ) ;
#960 =( GEOMETRIC_REPRESENTATION_CONTEXT ( 3 ) GLOBAL_UNCERTAINTY_ASSIGNED_CONTEXT ( ( #2105 ) ) GLOBAL_UNIT_ASSIGNED_CONTEXT ( ( #2086, #523, #690 ) ) REPRESENTATION_CONTEXT ( 'NONE', 'WORKASPACE' ) );
#961 = CARTESIAN_POINT ( 'NONE',  ( 363.5023385813063328, 136.0027063532161549, 193.7410334429978320 ) ) ;
#962 = CARTESIAN_POINT ( 'NONE',  ( 425.3329154896566138, 66.21269209321636140, 136.0716323333097932 ) ) ;
#963 = CARTESIAN_POINT ( 'NONE',  ( 435.7076568514381165, 681.0352091163908881, 194.3633577068447380 ) ) ;
#964 = CARTESIAN_POINT ( 'NONE',  ( 358.4163047168398180, 106.5344382284028768, 166.1132722396588122 ) ) ;
#965 = EDGE_CURVE ( 'NONE', #1665, #1387, #173, .T. ) ;
#966 = CARTESIAN_POINT ( 'NONE',  ( 408.0000000000000000, 357.9999999999999432, 275.0000000000000568 ) ) ;
#967 = ORIENTED_EDGE ( 'NONE', *, *, #1417, .T. ) ;
#968 = CARTESIAN_POINT ( 'NONE',  ( 591.1854607592761113, 774.3709215185522226, 221.8479540277526212 ) ) ;
#969 = CARTESIAN_POINT ( 'NONE',  ( 428.9057614382530232, 158.5644501218415314, 206.1041728716717216 ) ) ;
#970 = CARTESIAN_POINT ( 'NONE',  ( 446.7359461484811050, 684.8732320373622997, 182.4191874918402050 ) ) ;
#971 =( NAMED_UNIT ( * ) PLANE_ANGLE_UNIT ( ) SI_UNIT ( $, .RADIAN. ) );
#972 =( NAMED_UNIT ( * ) PLANE_ANGLE_UNIT ( ) SI_UNIT ( $, .RADIAN. ) );
#973 = CARTESIAN_POINT ( 'NONE',  ( 359.5498611746133975, 726.2369461584602277, 164.0762341397941100 ) ) ;
#974 = CARTESIAN_POINT ( 'NONE',  ( 358.0366181212674519, 115.2186410532195282, 181.3155926943877603 ) ) ;
#975 = CARTESIAN_POINT ( 'NONE',  ( 444.5422324837635983, 79.01749314925442036, 146.3359044727487799 ) ) ;
#976 = CARTESIAN_POINT ( 'NONE',  ( 449.1566576796588492, 692.2157546429137938, 187.2686213386482450 ) ) ;
#977 = CARTESIAN_POINT ( 'NONE',  ( 358.0369650106434847, 111.2164313053677489, 169.2182331537566711 ) ) ;
#978 = DIRECTION ( 'NONE',  ( 0.000000000000000000, 1.000000000000000000, 0.000000000000000000 ) ) ;
#979 = VERTEX_POINT ( 'NONE', #914 ) ;
#980 = CARTESIAN_POINT ( 'NONE',  ( 408.0000000000000000, 815.9999999999998863, 41.08393240782226030 ) ) ;
#981 = CARTESIAN_POINT ( 'NONE',  ( 445.1651443918776749, 146.5924512696793443, 199.6810380347877469 ) ) ;
#982 = DIRECTION ( 'NONE',  ( 0.000000000000000000, 1.000000000000000000, 0.000000000000000000 ) ) ;
#983 = CARTESIAN_POINT ( 'NONE',  ( 380.3966925614540742, 676.3456623554516227, 187.7868864772231916 ) ) ;
#984 = CARTESIAN_POINT ( 'NONE',  ( 416.4458050844685886, 63.86113163426375650, 145.1872040935906512 ) ) ;
#985 = CARTESIAN_POINT ( 'NONE',  ( 408.0000000000000000, 457.9999999999998863, 275.0000000000000568 ) ) ;
#986 = CARTESIAN_POINT ( 'NONE',  ( 408.0000000000000568, 673.8874303028424038, 198.7640690041875473 ) ) ;
#987 = CARTESIAN_POINT ( 'NONE',  ( 371.1084929240741985, 146.8943290970926512, 199.8468003751614219 ) ) ;
#988 = CARTESIAN_POINT ( 'NONE',  ( 803.8793803442068793, 407.9999999999999432, 59.38781077278435561 ) ) ;
#989 = CARTESIAN_POINT ( 'NONE',  ( 449.5337872761523954, 692.6821446122264661, 186.9671306169954335 ) ) ;
#990 = CARTESIAN_POINT ( 'NONE',  ( 360.1511546765365779, 98.63649070865986346, 160.7123738366814791 ) ) ;
#991 = DIRECTION ( 'NONE',  ( 2.869044131126252138E-21, 1.131538266383779192E-22, 1.000000000000000000 ) ) ;
#992 = CARTESIAN_POINT ( 'NONE',  ( 358.0000000000000000, 407.9999999999999432, 241.2788935075005554 ) ) ;
#993 = CARTESIAN_POINT ( 'NONE',  ( 408.0000000000000000, 11.19324007810196164, 57.14741224141265263 ) ) ;
#994 = CARTESIAN_POINT ( 'NONE',  ( 375.5368364758557505, 679.4476284767679317, 185.8530069711998749 ) ) ;
#995 = FILL_AREA_STYLE ('',( #554 ) ) ;
#996 = EDGE_CURVE ( 'NONE', #35, #2311, #1707, .T. ) ;
#997 = MECHANICAL_DESIGN_GEOMETRIC_PRESENTATION_REPRESENTATION (  '', ( #2160 ), #77 ) ;
#998 = SURFACE_STYLE_USAGE ( .BOTH. , #2360 ) ;
#999 = CARTESIAN_POINT ( 'NONE',  ( 371.1340931854552991, 687.6762481509878171, 190.1801631575631006 ) ) ;
#1000 = CARTESIAN_POINT ( 'NONE',  ( 365.2144038461275386, 139.0176943179421869, 195.4561750372409108 ) ) ;
#1001 = CARTESIAN_POINT ( 'NONE',  ( 663.8543985208664253, 407.9999999999999432, 195.1633597744525730 ) ) ;
#1002 = STYLED_ITEM ( 'NONE', ( #1016 ), #1579 ) ;
#1003 = CARTESIAN_POINT ( 'NONE',  ( 364.9077367056206640, 138.5032833634578822, 186.1012587218552596 ) ) ;
#1004 = DIRECTION ( 'NONE',  ( -2.869044131126252138E-21, -1.131538266383779192E-22, -1.000000000000000000 ) ) ;
#1005 = AXIS2_PLACEMENT_3D ( 'NONE', #1051, #1798, #1424 ) ;
#1006 = DIRECTION ( 'NONE',  ( 0.000000000000000000, 1.000000000000000000, 0.000000000000000000 ) ) ;
#1007 = CARTESIAN_POINT ( 'NONE',  ( 692.3087886464188614, 408.0000000000000568, 202.4773851629070691 ) ) ;
#1008 = CARTESIAN_POINT ( 'NONE',  ( 368.2796376855761196, 685.9235650247319427, 181.7474320187203034 ) ) ;
#1009 = CARTESIAN_POINT ( 'NONE',  ( 404.9206204909959865, 751.3191226091788621, 135.0033064680422967 ) ) ;
#1010 = CARTESIAN_POINT ( 'NONE',  ( 366.3998741492860631, 692.7655112103610691, 186.9131836609705601 ) ) ;
#1011 = CARTESIAN_POINT ( 'NONE',  ( 358.6359352799804583, 121.0938579513801443, 184.9346999589566849 ) ) ;
#1012 = FACE_OUTER_BOUND ( 'NONE', #2296, .T. ) ;
#1013 = CARTESIAN_POINT ( 'NONE',  ( 358.0148734330354046, 111.9252080781324565, 169.6829360930422865 ) ) ;
#1014 = CARTESIAN_POINT ( 'NONE',  ( 445.2124253027071745, 146.5398581177566086, 190.7125941018273920 ) ) ;
#1015 = VERTEX_POINT ( 'NONE', #1466 ) ;
#1016 = PRESENTATION_STYLE_ASSIGNMENT (( #852 ) ) ;
#1017 = CARTESIAN_POINT ( 'NONE',  ( 123.6912113535810818, 407.9999999999999432, 202.4773851629070691 ) ) ;
#1018 = CARTESIAN_POINT ( 'NONE',  ( 366.6975542473521728, 687.7756120184577640, 180.5573241396309641 ) ) ;
#1019 = CARTESIAN_POINT ( 'NONE',  ( 428.5471644448319353, 67.56165045607723130, 148.1166533996516819 ) ) ;
#1020 = SURFACE_STYLE_FILL_AREA ( #1761 ) ;
#1021 = CARTESIAN_POINT ( 'NONE',  ( 377.4467612088443502, 682.7622416426709151, 193.2848443799041718 ) ) ;
#1022 = CARTESIAN_POINT ( 'NONE',  ( 361.3538727432934365, 95.13996449819754275, 168.2334296011964909 ) ) ;
#1023 = CARTESIAN_POINT ( 'NONE',  ( 370.7268969856286276, 146.4721034029481643, 190.6743562392960882 ) ) ;
#1024 = CARTESIAN_POINT ( 'NONE',  ( 428.7333065573213844, 158.6433880390269451, 197.3731248987951687 ) ) ;
#1025 = ORIENTED_EDGE ( 'NONE', *, *, #580, .T. ) ;
#1026 =( NAMED_UNIT ( * ) PLANE_ANGLE_UNIT ( ) SI_UNIT ( $, .RADIAN. ) );
#1027 = CARTESIAN_POINT ( 'NONE',  ( 32.45863553052272721, 1159.082728938954915, 129.4381679179745674 ) ) ;
#1028 =( NAMED_UNIT ( * ) SI_UNIT ( $, .STERADIAN. ) SOLID_ANGLE_UNIT ( ) );
#1029 = CARTESIAN_POINT ( 'NONE',  ( 434.4137276254522817, 70.68245875092932806, 150.5411740448427622 ) ) ;
#1030 = CARTESIAN_POINT ( 'NONE',  ( 784.5941180072640009, 407.9999999999999432, 95.28223909880695430 ) ) ;
#1031 = CARTESIAN_POINT ( 'NONE',  ( 371.6702997713815648, 687.1923219260181668, 190.4880637404741606 ) ) ;
#1032 = CARTESIAN_POINT ( 'NONE',  ( 358.9971023435906545, 103.2087822258619099, 173.6298183447506744 ) ) ;
#1033 = CARTESIAN_POINT ( 'NONE',  ( 369.8190295902081175, 145.4324200984971185, 190.0864156920831363 ) ) ;
#1034 = PRESENTATION_LAYER_ASSIGNMENT (  '', '', ( #2160 ) ) ;
#1035 = CARTESIAN_POINT ( 'NONE',  ( 425.5147603988679066, 159.9853037864920111, 198.0908504922163615 ) ) ;
#1036 = ORIENTED_EDGE ( 'NONE', *, *, #37, .T. ) ;
#1037 =( LENGTH_UNIT ( ) NAMED_UNIT ( * ) SI_UNIT ( .MILLI., .METRE. ) );
#1038 = EDGE_CURVE ( 'NONE', #185, #2356, #1682, .T. ) ;
#1039 = VECTOR ( 'NONE', #1556, 1000.000000000000000 ) ;
#1040 = CARTESIAN_POINT ( 'NONE',  ( 3.801476283455562655, 407.9999999999998863, 60.20712268590795446 ) ) ;
#1041 = CARTESIAN_POINT ( 'NONE',  ( 366.4386582479820049, 688.0984096487628676, 180.3491266897702303 ) ) ;
#1042 = CARTESIAN_POINT ( 'NONE',  ( 441.5448553931936431, 76.05844799205026163, 154.6212933800859446 ) ) ;
#1043 = CARTESIAN_POINT ( 'NONE',  ( 455.4131024322941812, 698.0524177398928032, 173.8192082842428476 ) ) ;
#1044 = PRESENTATION_STYLE_ASSIGNMENT (( #2042 ) ) ;
#1045 = CARTESIAN_POINT ( 'NONE',  ( 553.2589111775470201, 408.0000000000000000, 230.1740895817305557 ) ) ;
#1046 = CARTESIAN_POINT ( 'NONE',  ( 358.0138443399505377, 111.9681552094346983, 179.2740347775886676 ) ) ;
#1047 = CARTESIAN_POINT ( 'NONE',  ( 363.9998600278851200, 136.8963219504985034, 185.1606165936762523 ) ) ;
#1048 = CARTESIAN_POINT ( 'NONE',  ( 451.0496914138592501, 138.5754715393398158, 186.1433688795358989 ) ) ;
#1049 = CARTESIAN_POINT ( 'NONE',  ( 427.0963301961348861, 748.3429637904849869, 137.3612111025543072 ) ) ;
#1050 = SURFACE_STYLE_FILL_AREA ( #1974 ) ;
#1051 = CARTESIAN_POINT ( 'NONE',  ( 408.0000000000000000, 407.9999999999999432, 275.0000000000000568 ) ) ;
#1052 = CARTESIAN_POINT ( 'NONE',  ( 556.0797268656418737, 408.0000000000000000, 240.3062672616385385 ) ) ;
#1053 = CARTESIAN_POINT ( 'NONE',  ( 365.8214735909547812, 732.9723711811658404, 149.1590689465526509 ) ) ;
#1054 = CARTESIAN_POINT ( 'NONE',  ( 445.4846399204334375, 80.02379996668095430, 157.5586260299035359 ) ) ;
#1055 = APPLICATION_PROTOCOL_DEFINITION ( 'draft international standard', 'automotive_design', 1998, #239 ) ;
#1056 = CARTESIAN_POINT ( 'NONE',  ( 443.2407277269647921, 739.8500853198643199, 143.9567807408267015 ) ) ;
#1057 = CARTESIAN_POINT ( 'NONE',  ( 14.05472490461075630, 1195.890550190778868, 63.84634643007946408 ) ) ;
#1058 = CARTESIAN_POINT ( 'NONE',  ( 784.5941180072647967, -345.1882360145286270, 95.28223909880701115 ) ) ;
#1059 = CARTESIAN_POINT ( 'NONE',  ( 358.8117459493619208, 104.1687065803586307, 174.2587664488505652 ) ) ;
#1060 = CARTESIAN_POINT ( 'NONE',  ( 388.8805105718794835, 752.9781734588781319, 143.9976753345663099 ) ) ;
#1061 = CARTESIAN_POINT ( 'NONE',  ( 457.3847317996477955, 120.9644439761361525, 175.4802594581807682 ) ) ;
#1062 = CARTESIAN_POINT ( 'NONE',  ( 443.3968977732882877, 744.3544916214452769, 150.6615088775096183 ) ) ;
#1063 = CARTESIAN_POINT ( 'NONE',  ( 397.3379555143924904, 64.29470714201249848, 134.4622709138223513 ) ) ;
#1064 = CARTESIAN_POINT ( 'NONE',  ( 404.4606635674199424, 163.1446980389444263, 208.4807531317885321 ) ) ;
#1065 = ORIENTED_EDGE ( 'NONE', *, *, #1338, .T. ) ;
#1066 = CARTESIAN_POINT ( 'NONE',  ( 361.8147794524746246, 695.3372150358105728, 175.6214460213258519 ) ) ;
#1067 = CARTESIAN_POINT ( 'NONE',  ( 425.3000462306441705, 66.22470816676737115, 147.0658943900434394 ) ) ;
#1068 = DIRECTION ( 'NONE',  ( 0.000000000000000000, 1.000000000000000000, 0.000000000000000000 ) ) ;
#1069 = CARTESIAN_POINT ( 'NONE',  ( 457.6199888782272183, 716.3962013504200286, 161.2175998145169160 ) ) ;
#1070 = CARTESIAN_POINT ( 'NONE',  ( 31.40588199273631531, 1161.188236014527320, 95.28223909880701115 ) ) ;
#1071 = ADVANCED_FACE ( 'NONE', ( #765 ), #349, .T. ) ;
#1072 = CARTESIAN_POINT ( 'NONE',  ( 358.0129333855784921, 112.0073895433700955, 179.2988399714997740 ) ) ;
#1073 = CARTESIAN_POINT ( 'NONE',  ( 372.7129720895196101, 744.4418914905497786, 150.5949143058203958 ) ) ;
#1074 = CARTESIAN_POINT ( 'NONE',  ( 456.9594863881668516, 102.9972747472670278, 163.7184031624379941 ) ) ;
#1075 = MECHANICAL_DESIGN_GEOMETRIC_PRESENTATION_REPRESENTATION (  '', ( #2198 ), #955 ) ;
#1076 = CARTESIAN_POINT ( 'NONE',  ( 391.4482957013773898, 65.95564385867996293, 135.8566668726051319 ) ) ;
#1077 = CARTESIAN_POINT ( 'NONE',  ( 407.9999999999942588, 63.14469803894445477, 144.6125823588108403 ) ) ;
#1078 = CARTESIAN_POINT ( 'NONE',  ( 57.89712039604355454, 407.9999999999999432, 128.8777237091986478 ) ) ;
#1079 = ORIENTED_EDGE ( 'NONE', *, *, #1529, .T. ) ;
#1080 = CARTESIAN_POINT ( 'NONE',  ( 362.0610329889120749, 694.8490379271707980, 175.9438428817368560 ) ) ;
#1081 = CARTESIAN_POINT ( 'NONE',  ( 457.3511927897104670, 121.1734331908483711, 184.9831219606927277 ) ) ;
#1082 = STYLED_ITEM ( 'NONE', ( #1403 ), #1805 ) ;
#1083 = CARTESIAN_POINT ( 'NONE',  ( 454.9849335162053876, 697.0463897317363262, 174.4887019543861015 ) ) ;
#1084 = CARTESIAN_POINT ( 'NONE',  ( 85.78177492068503796, 1052.436450158629214, 155.0722352762489891 ) ) ;
#1085 = CARTESIAN_POINT ( 'NONE',  ( 591.1854607592764523, 41.62907848144752165, 221.8479540277529907 ) ) ;
#1086 = CARTESIAN_POINT ( 'NONE',  ( 404.4556841013508688, 63.14469803894483135, 144.6125823588108972 ) ) ;
#1087 = CARTESIAN_POINT ( 'NONE',  ( 372.6870344128673764, 744.4213087980019736, 150.6105988948305878 ) ) ;
#1088 = CARTESIAN_POINT ( 'NONE',  ( 436.1427413084303453, 749.1294893416393279, 146.9951507342550769 ) ) ;
#1089 = CARTESIAN_POINT ( 'NONE',  ( 456.0504574274813763, 99.31666940397691690, 161.1858149818576180 ) ) ;
#1090 = DIRECTION ( 'NONE',  ( -2.869044131126252138E-21, -1.131538266383779192E-22, -1.000000000000000000 ) ) ;
#1091 = CARTESIAN_POINT ( 'NONE',  ( 408.0000000000000000, 163.1446980389444263, 208.4807531317885321 ) ) ;
#1092 = CARTESIAN_POINT ( 'NONE',  ( 12.12061965579303013, 407.9999999999999432, 59.38781077278435561 ) ) ;
#1093 = ORIENTED_EDGE ( 'NONE', *, *, #2187, .F. ) ;
#1094 = CARTESIAN_POINT ( 'NONE',  ( 358.0015563488230441, 710.8587609829680787, 165.1003015654206934 ) ) ;
#1095 = CARTESIAN_POINT ( 'NONE',  ( 457.5953615043578679, 119.5033451693316664, 183.9634941298489252 ) ) ;
#1096 = UNCERTAINTY_MEASURE_WITH_UNIT (LENGTH_MEASURE( 1.000000000000000082E-05 ), #753, 'distance_accuracy_value', 'NONE');
#1097 = LINE ( 'NONE', #2314, #1407 ) ;
#1098 = CARTESIAN_POINT ( 'NONE',  ( 458.0023167311328507, 708.6916792697890060, 166.6085119681890774 ) ) ;
#1099 = CARTESIAN_POINT ( 'NONE',  ( 663.8543985208664253, 408.0000000000000568, 195.1633597744525730 ) ) ;
#1100 = CARTESIAN_POINT ( 'NONE',  ( 371.5261640016215097, 78.94441421239257295, 156.7632188438620062 ) ) ;
#1101 = CARTESIAN_POINT ( 'NONE',  ( 454.3529701087355193, 731.0674648786419993, 160.5701778636088761 ) ) ;
#1102 = CARTESIAN_POINT ( 'NONE',  ( 387.1197567871685692, 158.5761422957376112, 197.3370429463225264 ) ) ;
#1103 = CARTESIAN_POINT ( 'NONE',  ( 457.9829153578723435, 111.8376991951936930, 169.6256571038302923 ) ) ;
#1104 = CARTESIAN_POINT ( 'NONE',  ( 425.0882269083743950, 676.4600780462950524, 197.1925060778690124 ) ) ;
#1105 = CARTESIAN_POINT ( 'NONE',  ( 393.9403686886476521, 65.13022349369130382, 135.1664895446599246 ) ) ;
#1106 = ORIENTED_EDGE ( 'NONE', *, *, #1417, .F. ) ;
#1107 = CARTESIAN_POINT ( 'NONE',  ( 380.2035045157700210, 744.6781328132682347, 140.2311380698235723 ) ) ;
#1108 = CARTESIAN_POINT ( 'NONE',  ( 455.0343228067243331, 130.1085829148576352, 190.3213391933846879 ) ) ;
#1109 = CARTESIAN_POINT ( 'NONE',  ( 435.9371913525989726, 676.5354678659027741, 187.6691012833350101 ) ) ;
#1110 = EDGE_CURVE ( 'NONE', #1643, #2409, #2404, .T. ) ;
#1111 =( NAMED_UNIT ( * ) SI_UNIT ( $, .STERADIAN. ) SOLID_ANGLE_UNIT ( ) );
#1112 = CARTESIAN_POINT ( 'NONE',  ( 378.6465448534369784, 72.66780748481356511, 152.0608372081157995 ) ) ;
#1113 = CARTESIAN_POINT ( 'NONE',  ( 366.2921222378492416, 692.9017483283460024, 186.8249951393508752 ) ) ;
#1114 = CARTESIAN_POINT ( 'NONE',  ( 457.9823736954861033, 111.8171723349100262, 169.6122178542301526 ) ) ;
#1115 = CARTESIAN_POINT ( 'NONE',  ( 371.5036513163338441, 78.96843865881666602, 146.2980268416547460 ) ) ;
#1116 = CARTESIAN_POINT ( 'NONE',  ( 359.2415944997682686, 124.2465849912112503, 186.8416049885430823 ) ) ;
#1117 = CARTESIAN_POINT ( 'NONE',  ( 117.6773091374955271, 407.9999999999999432, 177.1586916147690545 ) ) ;
#1118 = ORIENTED_EDGE ( 'NONE', *, *, #1222, .F. ) ;
#1119 = EDGE_CURVE ( 'NONE', #729, #1467, #1829, .T. ) ;
#1120 = CARTESIAN_POINT ( 'NONE',  ( 388.5703869913702420, 748.2336261441685110, 137.4473709410572724 ) ) ;
#1121 = CARTESIAN_POINT ( 'NONE',  ( 457.9887906106858964, 112.0859546170765810, 179.3484979876257910 ) ) ;
#1122 = UNCERTAINTY_MEASURE_WITH_UNIT (LENGTH_MEASURE( 1.000000000000000082E-05 ), #1208, 'distance_accuracy_value', 'NONE');
#1123 = STYLED_ITEM ( 'NONE', ( #1908 ), #950 ) ;
#1124 = CARTESIAN_POINT ( 'NONE',  ( 438.5494339137853785, 678.1313390273328423, 186.6763573719713065 ) ) ;
#1125 = SURFACE_STYLE_FILL_AREA ( #943 ) ;
#1126 = CARTESIAN_POINT ( 'NONE',  ( 378.7142969468648630, 72.61879774500083329, 152.0234970456151871 ) ) ;
#1127 = CIRCLE ( 'NONE', #666, 49.99999999999998579 ) ;
#1128 = CARTESIAN_POINT ( 'NONE',  ( 456.3895650419082131, 726.1696541909680036, 164.1190370587863185 ) ) ;
#1129 = CARTESIAN_POINT ( 'NONE',  ( 361.8850524343204711, 731.5340385138829333, 160.2293223174975481 ) ) ;
#1130 = CARTESIAN_POINT ( 'NONE',  ( 450.1656285750736401, 86.27352773894997995, 151.8267853636832001 ) ) ;
#1131 = CARTESIAN_POINT ( 'NONE',  ( 362.3005184662384295, 92.85356901844747313, 156.6260723022260208 ) ) ;
#1132 = CARTESIAN_POINT ( 'NONE',  ( 408.0000000000000568, 755.9679455970148183, 141.6425137518164661 ) ) ;
#1133 = VERTEX_POINT ( 'NONE', #2345 ) ;
#1134 = CARTESIAN_POINT ( 'NONE',  ( 381.7179142020978020, 745.4783833245559208, 139.6084476194045862 ) ) ;
#1135 = CARTESIAN_POINT ( 'NONE',  ( 454.3513449955426040, 94.39492305892488844, 167.7249779505497713 ) ) ;
#1136 = CARTESIAN_POINT ( 'NONE',  ( 454.2132809617387466, 695.3937948479918987, 175.5840502550368569 ) ) ;
#1137 = CARTESIAN_POINT ( 'NONE',  ( 377.6996099746564255, 73.36847650799182929, 152.5938304017665246 ) ) ;
#1138 = CARTESIAN_POINT ( 'NONE',  ( 362.3518540059562838, 698.8664357696940215, 182.9275856049359561 ) ) ;
#1139 = CARTESIAN_POINT ( 'NONE',  ( 430.4383915530347622, 68.46039017364491031, 137.9305681406922304 ) ) ;
#1140 = CARTESIAN_POINT ( 'NONE',  ( 363.3230947751442272, 90.68257794902061164, 155.0619483214283605 ) ) ;
#1141 = CARTESIAN_POINT ( 'NONE',  ( 408.0000000000000000, 407.9999999999999432, 5.550994969696892614E-14 ) ) ;
#1142 = EDGE_LOOP ( 'NONE', ( #481, #2147, #1348, #220, #2018, #1909 ) ) ;
#1143 = CARTESIAN_POINT ( 'NONE',  ( 553.2589111775467927, 698.5178223550938128, 230.1740895817303851 ) ) ;
#1144 = CARTESIAN_POINT ( 'NONE',  ( 428.7874880342992014, 158.6186578206660727, 206.1325606960423045 ) ) ;
#1145 = CARTESIAN_POINT ( 'NONE',  ( 451.8502094397380802, 691.2537893392467367, 178.3023835277122657 ) ) ;
#1146 = CARTESIAN_POINT ( 'NONE',  ( 514.9310836485785785, 194.1378327028427861, 236.6956189330487916 ) ) ;
#1147 = DIRECTION ( 'NONE',  ( 3.582222452195522381E-17, 0.5735764363510476027, 0.8191520442889906883 ) ) ;
#1148 = ADVANCED_FACE ( 'NONE', ( #2549 ), #361, .F. ) ;
#1149 = CARTESIAN_POINT ( 'NONE',  ( 366.5858779553125828, 738.5255224391603406, 155.0605665364287233 ) ) ;
#1150 = CARTESIAN_POINT ( 'NONE',  ( 450.8638171542210102, 87.39961259747650502, 152.6601557843984835 ) ) ;
#1151 = CARTESIAN_POINT ( 'NONE',  ( 435.7222140451120254, 681.0434499047969439, 194.3582231203087076 ) ) ;
#1152 = CARTESIAN_POINT ( 'NONE',  ( 359.0403164883392151, 102.9982908405803812, 163.7190961735772134 ) ) ;
#1153 = ORIENTED_EDGE ( 'NONE', *, *, #533, .F. ) ;
#1154 = CARTESIAN_POINT ( 'NONE',  ( 428.9161618566249103, 673.1688857639395565, 189.7469378126283459 ) ) ;
#1155 = AXIS2_PLACEMENT_3D ( 'NONE', #300, #61, #703 ) ;
#1156 = SURFACE_SIDE_STYLE ('',( #1192 ) ) ;
#1157 = TOROIDAL_SURFACE ( 'NONE', #1828, 358.0000000000000000, 42.00000000000000000 ) ;
#1158 = CARTESIAN_POINT ( 'NONE',  ( 361.8274746344725372, 731.4225418050843928, 160.3108189625761497 ) ) ;
#1159 = COLOUR_RGB ( '',1.000000000000000000, 1.000000000000000000, 1.000000000000000000 ) ;
#1160 = CARTESIAN_POINT ( 'NONE',  ( 362.4801055321304375, 133.8466740700148989, 192.4984851118229017 ) ) ;
#1161 = CARTESIAN_POINT ( 'NONE',  ( 454.3131939299349256, 94.30091673543998354, 157.6595160512636085 ) ) ;
#1162 = CARTESIAN_POINT ( 'NONE',  ( 448.1444568834036204, 691.0205975572135912, 188.0391600437179704 ) ) ;
#1163 = CARTESIAN_POINT ( 'NONE',  ( 358.6546979561666149, 104.8658071844238577, 164.9927830358876975 ) ) ;
#1164 = DIRECTION ( 'NONE',  ( 0.000000000000000000, 1.000000000000000000, -8.922440622695673988E-23 ) ) ;
#1165 = EDGE_LOOP ( 'NONE', ( #59, #1944 ) ) ;
#1166 = CARTESIAN_POINT ( 'NONE',  ( 483.0741397138564821, 558.1482794277130779, 239.9346279839264184 ) ) ;
#1167 = CARTESIAN_POINT ( 'NONE',  ( 411.5420275513176307, 163.1446980389443979, 208.4807531317885605 ) ) ;
#1168 =( NAMED_UNIT ( * ) SI_UNIT ( $, .STERADIAN. ) SOLID_ANGLE_UNIT ( ) );
#1169 = DIRECTION ( 'NONE',  ( 0.000000000000000000, 1.000000000000000000, -8.922440622756096749E-23 ) ) ;
#1170 = FILL_AREA_STYLE ('',( #2531 ) ) ;
#1171 =( NAMED_UNIT ( * ) PLANE_ANGLE_UNIT ( ) SI_UNIT ( $, .RADIAN. ) );
#1172 = CARTESIAN_POINT ( 'NONE',  ( 388.8048705913029153, 677.1620885691495459, 196.7610655255415963 ) ) ;
#1173 = CARTESIAN_POINT ( 'NONE',  ( 365.0528358897518615, 138.7482381549741888, 195.3035188429341531 ) ) ;
#1174 = CARTESIAN_POINT ( 'NONE',  ( 450.1601026797771965, 86.26485859647334564, 151.8203532120405157 ) ) ;
#1175 = CARTESIAN_POINT ( 'NONE',  ( 441.4923556498902144, 684.8467692824738151, 191.9738627931587018 ) ) ;
#1176 = CARTESIAN_POINT ( 'NONE',  ( 365.8013852659137228, 86.32535880200610734, 151.8652353118719986 ) ) ;
#1177 = LINE ( 'NONE', #966, #1039 ) ;
#1178 = EDGE_LOOP ( 'NONE', ( #1571, #1983, #2087, #350, #589 ) ) ;
#1179 = CARTESIAN_POINT ( 'NONE',  ( 332.9258602861434042, 407.9999999999999432, 239.9346279839265605 ) ) ;
#1180 = CARTESIAN_POINT ( 'NONE',  ( 386.0786986775932519, 673.5521503473662506, 189.5121310667957744 ) ) ;
#1181 = CYLINDRICAL_SURFACE ( 'NONE', #1533, 49.99999999999998579 ) ;
#1182 = CARTESIAN_POINT ( 'NONE',  ( 372.4495299296896178, 686.5121864482251794, 190.9200235947755004 ) ) ;
#1183 = CARTESIAN_POINT ( 'NONE',  ( 361.4596433737570464, 131.4282076644444714, 191.0937552622997657 ) ) ;
#1184 = CARTESIAN_POINT ( 'NONE',  ( 418.7916546870994807, 64.32317717347125097, 134.4862867859814344 ) ) ;
#1185 = CARTESIAN_POINT ( 'NONE',  ( 370.7102184187003218, 146.4534408287215399, 190.6638219847636151 ) ) ;
#1186 = CARTESIAN_POINT ( 'NONE',  ( 456.0452805107011613, 127.0747288353682478, 179.2735712129670276 ) ) ;
#1187 = VERTEX_POINT ( 'NONE', #2175 ) ;
#1188 = CARTESIAN_POINT ( 'NONE',  ( 556.0797268656418737, 704.1594537312837474, 240.3062672616383111 ) ) ;
#1189 = CARTESIAN_POINT ( 'NONE',  ( 327.2854274964342949, 407.9999999999999432, 247.8193113324500416 ) ) ;
#1190 = EDGE_CURVE ( 'NONE', #1531, #619, #1177, .T. ) ;
#1191 = CARTESIAN_POINT ( 'NONE',  ( 372.6635195448633908, 681.7060760875300502, 184.4309566772835751 ) ) ;
#1192 = SURFACE_STYLE_FILL_AREA ( #995 ) ;
#1193 = CARTESIAN_POINT ( 'NONE',  ( 392.0679848307336783, 749.3740332017700894, 136.5486353059112332 ) ) ;
#1194 = FACE_BOUND ( 'NONE', #283, .T. ) ;
#1195 = CARTESIAN_POINT ( 'NONE',  ( 358.7526006307293756, 121.7914205279933952, 185.3586961431287534 ) ) ;
#1196 = CIRCLE ( 'NONE', #2080, 42.00000000000003553 ) ;
#1197 = CARTESIAN_POINT ( 'NONE',  ( 457.9999999999999432, 407.9999999999999432, 241.2788935075005554 ) ) ;
#1198 =( GEOMETRIC_REPRESENTATION_CONTEXT ( 3 ) GLOBAL_UNCERTAINTY_ASSIGNED_CONTEXT ( ( #2269 ) ) GLOBAL_UNIT_ASSIGNED_CONTEXT ( ( #534, #572, #2124 ) ) REPRESENTATION_CONTEXT ( 'NONE', 'WORKASPACE' ) );
#1199 = CARTESIAN_POINT ( 'NONE',  ( 358.0145799149884738, 111.9373085264633829, 169.6908547147880029 ) ) ;
#1200 = CARTESIAN_POINT ( 'NONE',  ( 408.0000000000000000, 163.1446980389444263, 199.7654000959580571 ) ) ;
#1201 = AXIS2_PLACEMENT_3D ( 'NONE', #2096, #269, #1875 ) ;
#1202 = CARTESIAN_POINT ( 'NONE',  ( 427.0713304787511220, 748.3510847195809674, 137.3548108233450478 ) ) ;
#1203 = CARTESIAN_POINT ( 'NONE',  ( 692.3087886464187477, 976.6175772928376091, 202.4773851629069270 ) ) ;
#1204 = CARTESIAN_POINT ( 'NONE',  ( 692.3087886464194298, -160.6175772928386323, 202.4773851629069839 ) ) ;
#1205 = CARTESIAN_POINT ( 'NONE',  ( 378.1386118929208919, 677.6670543279217327, 186.9665079760457331 ) ) ;
#1206 = CARTESIAN_POINT ( 'NONE',  ( 450.2180342971190043, 86.35593877321147716, 162.1246070926332266 ) ) ;
#1207 = CYLINDRICAL_SURFACE ( 'NONE', #584, 49.99999999999998579 ) ;
#1208 =( LENGTH_UNIT ( ) NAMED_UNIT ( * ) SI_UNIT ( .MILLI., .METRE. ) );
#1209 = CARTESIAN_POINT ( 'NONE',  ( 358.0134615287697670, 111.9845055788287169, 179.2843724554564631 ) ) ;
#1210 = CARTESIAN_POINT ( 'NONE',  ( 422.0174047301538280, 65.14202958587260639, 135.1756385632428703 ) ) ;
#1211 = CARTESIAN_POINT ( 'NONE',  ( 368.1684269833082226, 143.3790507900719149, 188.9176582249576484 ) ) ;
#1212 = CARTESIAN_POINT ( 'NONE',  ( 449.9806251262910450, 140.3071571103512269, 187.1498344829390135 ) ) ;
#1213 = VERTEX_POINT ( 'NONE', #1132 ) ;
#1214 = SURFACE_SIDE_STYLE ('',( #2370 ) ) ;
#1215 = CARTESIAN_POINT ( 'NONE',  ( 408.0000000000000000, 407.9999999999999432, 41.08393240782226030 ) ) ;
#1216 = DIRECTION ( 'NONE',  ( -2.869044131126252138E-21, -1.131538266383779192E-22, -1.000000000000000000 ) ) ;
#1217 = CARTESIAN_POINT ( 'NONE',  ( 426.5324020693204261, 66.70393646209313943, 147.4433305046871681 ) ) ;
#1218 = CARTESIAN_POINT ( 'NONE',  ( 436.3053011864541872, 749.0414043499071113, 147.0633430570600240 ) ) ;
#1219 =( LENGTH_UNIT ( ) NAMED_UNIT ( * ) SI_UNIT ( .MILLI., .METRE. ) );
#1220 = CARTESIAN_POINT ( 'NONE',  ( 366.3970902137201051, 692.7690188915743192, 186.9109135114753997 ) ) ;
#1221 = CARTESIAN_POINT ( 'NONE',  ( 359.2567895493036190, 101.9534801948310729, 172.8046820502801495 ) ) ;
#1222 = EDGE_CURVE ( 'NONE', #1768, #1387, #250, .T. ) ;
#1223 = CARTESIAN_POINT ( 'NONE',  ( 383.4210215386139566, 156.6945575679042975, 196.3228270775228737 ) ) ;
#1224 = CARTESIAN_POINT ( 'NONE',  ( 445.1483463083927745, 146.6111830538123684, 190.7528360063249977 ) ) ;
#1225 = CARTESIAN_POINT ( 'NONE',  ( 435.7288737087691857, 744.7138111338246063, 140.2033746582874869 ) ) ;
#1226 = CARTESIAN_POINT ( 'NONE',  ( 360.3365403777969505, 723.5284981684156946, 156.1093849108103200 ) ) ;
#1227 = CARTESIAN_POINT ( 'NONE',  ( 444.3694501609344343, 78.83335929631317640, 156.6813551114414906 ) ) ;
#1228 = CARTESIAN_POINT ( 'NONE',  ( 14.05472490461007240, 407.9999999999999432, 63.84634643007945698 ) ) ;
#1229 = CARTESIAN_POINT ( 'NONE',  ( 224.8145392407237466, 41.62907848144689638, 221.8479540277529907 ) ) ;
#1230 = CARTESIAN_POINT ( 'NONE',  ( 364.9435206156147160, 87.72292344776907669, 163.0926297464503705 ) ) ;
#1231 = CARTESIAN_POINT ( 'NONE',  ( 358.6151179251003214, 120.9635370187419880, 175.4796898210085772 ) ) ;
#1232 = PRODUCT_RELATED_PRODUCT_CATEGORY ( 'part', '', ( #203 ) ) ;
#1233 = CARTESIAN_POINT ( 'NONE',  ( 444.7616532401194718, 147.0366547889474305, 190.9926574592835209 ) ) ;
#1234 = AXIS2_PLACEMENT_3D ( 'NONE', #1887, #2286, #99 ) ;
#1235 = CARTESIAN_POINT ( 'NONE',  ( 425.7190312324039496, 748.7746903294802223, 137.0208206898695380 ) ) ;
#1236 = CARTESIAN_POINT ( 'NONE',  ( 414.2920468724333887, 669.4954425550395172, 191.9877361081378808 ) ) ;
#1237 = SURFACE_STYLE_FILL_AREA ( #2220 ) ;
#1238 = MECHANICAL_DESIGN_GEOMETRIC_PRESENTATION_REPRESENTATION (  '', ( #2082 ), #335 ) ;
#1239 = DIRECTION ( 'NONE',  ( -2.869044131126252138E-21, -1.131538266383779192E-22, -1.000000000000000000 ) ) ;
#1240 = CARTESIAN_POINT ( 'NONE',  ( 358.2898433989595333, 716.3471639238981652, 161.2581265434087356 ) ) ;
#1241 = CARTESIAN_POINT ( 'NONE',  ( 433.6919795601455689, 70.24220283880281102, 150.2017771674759103 ) ) ;
#1242 = B_SPLINE_CURVE_WITH_KNOTS ( 'NONE', 3,
 ( #803, #1629, #640, #2389, #2196, #449, #1423, #2418, #1235, #411, #650, #1817, #1832, #1202, #1049, #2210, #26, #812, #2008, #1808, #1605, #2399, #425, #232, #824, #2219, #437, #1225, #2027, #2048, #288, #2438, #1865, #875, #111, #1498, #1649, #2284, #857, #1836, #889, #2041, #1260, #1056, #1669, #2300, #97, #2454, #1273, #2478, #1440, #457, #2057, #682, #264, #1852, #1244, #514, #305, #670, #1900, #65, #905, #1693, #274, #502, #1303, #53, #1680, #1470, #844, #2238, #1482, #2271, #2466, #1289, #1457, #696, #1069, #1884, #251, #2090, #485, #1636, #2073, #472, #1098, #2256, #655, #709, #82, #1043, #1083, #2423, #1560, #1734, #2505, #2141, #1722, #1136, #149, #2349, #921, #1145, #1710, #1747, #139, #177, #1314, #538, #330, #942, #2358, #1947, #2515, #552, #1759, #721, #2116, #970, #2530, #161, #2541, #343, #2131, #954, #1937, #770, #743, #1538, #2339, #1961, #1124, #1339, #353, #1926, #2102, #1549, #562, #1109, #1351, #757, #2150, #576, #319, #933, #365, #1912, #125, #2494, #1154, #1511, #2315, #527, #732, #1523, #2325, #1328, #465, #1818, #2035, #1772, #1236, #2249, #72 ),
 .UNSPECIFIED., .F., .F.,
 ( 4, 2, 2, 2, 1, 1, 1, 1, 1, 2, 2, 2, 2, 2, 1, 1, 1, 1, 1, 1, 2, 2, 2, 2, 2, 2, 1, 1, 1, 2, 2, 2, 2, 2, 1, 1, 1, 1, 1, 2, 2, 2, 2, 1, 1, 1, 1, 1, 2, 2, 2, 2, 2, 1, 2, 2, 2, 2, 2, 1, 1, 1, 1, 1, 2, 2, 2, 2, 2, 1, 1, 1, 1, 1, 1, 2, 2, 2, 2, 2, 1, 1, 1, 2, 2, 2, 2, 2, 1, 1, 1, 1, 1, 1, 2, 2, 2, 2, 2, 1, 1, 1, 1, 2, 2, 2, 4 ),
 ( 0.000000000000000000, 0.06249999999997034317, 0.09374999999995502209, 0.1093749999999475697, 0.1171874999999441697, 0.1210937499999424766, 0.1230468749999413247, 0.1240234374999403949, 0.1245117187499394235, 0.1247558593749386185, 0.1249999999999378275, 0.1562499999997527811, 0.1718749999996611877, 0.1796874999996153910, 0.1835937499995928257, 0.1855468749995818900, 0.1865234374995764777, 0.1870117187495738686, 0.1872558593745721756, 0.1873779296870713151, 0.1874389648433217037, 0.1874999999995720923, 0.2187499999999698574, 0.2343750000001696698, 0.2421875000002695066, 0.2460937500003195499, 0.2480468750003442802, 0.2490234375003565204, 0.2495117187503619327, 0.2497558593753644585, 0.2500000000003669842, 0.2812500000006903367, 0.2968750000008523182, 0.3046875000009336976, 0.3085937500009737766, 0.3105468750009935941, 0.3115234375010040857, 0.3120117187510093038, 0.3122558593760130785, 0.3123779296885138557, 0.3125000000010146328, 0.3437500000011636248, 0.3593750000012386203, 0.3671875000012759793, 0.3710937500012942980, 0.3730468750013036794, 0.3740234375013087864, 0.3745117187513100632, 0.3747558593763107848, 0.3750000000013114509, 0.4375000000014266366, 0.4687500000014842017, 0.4843750000015130119, 0.4921875000015263901, 0.4960937500015328849, 0.5000000000015394352, 0.5625000000016365798, 0.5937500000016850965, 0.6093750000017086332, 0.6171875000017202906, 0.6210937500017259527, 0.6230468750017287283, 0.6240234375017299495, 0.6245117187517316149, 0.6247558593767322810, 0.6250000000017329471, 0.6562500000018990365, 0.6718750000019821922, 0.6796875000020243807, 0.6835937500020446977, 0.6855468750020556890, 0.6865234375020607960, 0.6870117187520629054, 0.6872558593770631274, 0.6873779296895625723, 0.6874389648458134605, 0.6875000000020643487, 0.7187500000016374679, 0.7343750000014238610, 0.7421875000013169466, 0.7460937500012636558, 0.7480468750012368995, 0.7490234375012227996, 0.7495117187512152501, 0.7500000000012075896, 0.7812500000007434053, 0.7968750000005108136, 0.8046875000003944622, 0.8085937500003361755, 0.8105468750003071987, 0.8115234375002933209, 0.8120117187502861045, 0.8122558593752824407, 0.8123779296877815526, 0.8124389648440316636, 0.8125000000002816636, 0.8437500000002351452, 0.8593750000002119416, 0.8671875000001999512, 0.8710937500001939560, 0.8730468750001916245, 0.8740234375001904032, 0.8745117187501892930, 0.8747558593751892930, 0.8750000000001892930, 0.9375000000000945910, 1.000000000000000000 ),
 .UNSPECIFIED. ) ;
#1243 = DIRECTION ( 'NONE',  ( -2.869044131126252138E-21, -1.131538266383779192E-22, -1.000000000000000000 ) ) ;
#1244 = CARTESIAN_POINT ( 'NONE',  ( 449.4926695294672641, 733.8111688612171974, 148.5310651591094881 ) ) ;
#1245 = CARTESIAN_POINT ( 'NONE',  ( 11.19324007810201849, 407.9999999999999432, 57.14741224141265263 ) ) ;
#1246 = CARTESIAN_POINT ( 'NONE',  ( 803.8793803442068793, 408.0000000000001137, 59.38781077278435561 ) ) ;
#1247 = CARTESIAN_POINT ( 'NONE',  ( 358.0391330903369749, 110.8996770457596313, 178.5984403115369901 ) ) ;
#1248 = CARTESIAN_POINT ( 'NONE',  ( 374.6639657121606319, 745.9096584651310877, 149.4741069975091250 ) ) ;
#1249 = CARTESIAN_POINT ( 'NONE',  ( 457.9908282954303900, 112.1773465995001118, 169.8478655066855652 ) ) ;
#1250 = CARTESIAN_POINT ( 'NONE',  ( 443.4252499559881926, 744.3318533301331854, 150.6787552419503697 ) ) ;
#1251 = DIRECTION ( 'NONE',  ( -2.869044131126252138E-21, -1.131538266383779192E-22, -1.000000000000000000 ) ) ;
#1252 = DIRECTION ( 'NONE',  ( -2.869044131126252138E-21, -1.131538266383779192E-22, -1.000000000000000000 ) ) ;
#1253 = CARTESIAN_POINT ( 'NONE',  ( 399.5039783527820987, 63.86973760232814357, 134.1034985212972686 ) ) ;
#1254 = FILL_AREA_STYLE_COLOUR ( '', #1869 ) ;
#1255 = PRESENTATION_STYLE_ASSIGNMENT (( #106 ) ) ;
#1256 = EDGE_CURVE ( 'NONE', #1665, #35, #1408, .T. ) ;
#1257 = CARTESIAN_POINT ( 'NONE',  ( 358.1471428273052879, 707.9735657536823510, 167.0963602885604189 ) ) ;
#1258 = CARTESIAN_POINT ( 'NONE',  ( 437.1056835261783249, 72.48926399302871459, 151.9247724421973373 ) ) ;
#1259 = CARTESIAN_POINT ( 'NONE',  ( 408.0000000000000000, 49.99999999999998579, 41.08393240782226030 ) ) ;
#1260 = CARTESIAN_POINT ( 'NONE',  ( 443.1504598995814490, 739.9212672009118705, 143.9023055508367577 ) ) ;
#1261 = CARTESIAN_POINT ( 'NONE',  ( 187.7951091221850390, 407.9999999999999432, 210.4316216818835699 ) ) ;
#1262 = CARTESIAN_POINT ( 'NONE',  ( 85.78177492068500953, -236.4364501586302652, 155.0722352762492449 ) ) ;
#1263 = CARTESIAN_POINT ( 'NONE',  ( 358.0099566189230700, 112.1445312700307682, 179.3855157825780111 ) ) ;
#1264 = CARTESIAN_POINT ( 'NONE',  ( 372.8424024275990973, 744.5442466983888608, 150.5169065981450558 ) ) ;
#1265 = CARTESIAN_POINT ( 'NONE',  ( 457.8818375621388554, 109.3966347104500869, 168.0207915321066992 ) ) ;
#1266 = CARTESIAN_POINT ( 'NONE',  ( 443.5437598327783917, 744.2368834121035661, 150.7510922668024023 ) ) ;
#1267 = CARTESIAN_POINT ( 'NONE',  ( 378.7046132187130638, 72.62580741414654995, 141.3097226961664887 ) ) ;
#1268 = CARTESIAN_POINT ( 'NONE',  ( 408.0000000000000000, 63.14469803894445477, 275.0000000000000568 ) ) ;
#1269 = VERTEX_POINT ( 'NONE', #207 ) ;
#1270 = CARTESIAN_POINT ( 'NONE',  ( 366.4223109094986057, 733.7095706950349268, 148.6072250532741350 ) ) ;
#1271 = CARTESIAN_POINT ( 'NONE',  ( 456.9798609564140861, 103.0961414228379880, 173.5558216387015591 ) ) ;
#1272 = UNCERTAINTY_MEASURE_WITH_UNIT (LENGTH_MEASURE( 1.000000000000000082E-05 ), #956, 'distance_accuracy_value', 'NONE');
#1273 = CARTESIAN_POINT ( 'NONE',  ( 446.0214265452233349, 737.4967163085017319, 145.7514566895825681 ) ) ;
#1274 = CARTESIAN_POINT ( 'NONE',  ( 628.2048908778149325, 407.9999999999999432, 210.4316216818835699 ) ) ;
#1275 = CARTESIAN_POINT ( 'NONE',  ( 187.7951091221850390, -32.40978175563053298, 210.4316216818835983 ) ) ;
#1276 = CARTESIAN_POINT ( 'NONE',  ( 373.8888328577103266, 76.55213749003989676, 154.9918039861429975 ) ) ;
#1277 = CARTESIAN_POINT ( 'NONE',  ( 454.4925154770192535, 730.7869632349825224, 160.7748769184869388 ) ) ;
#1278 = CARTESIAN_POINT ( 'NONE',  ( 380.2885551206044283, 749.3591280740305365, 146.8173330123125027 ) ) ;
#1279 = CARTESIAN_POINT ( 'NONE',  ( 457.9527024172244296, 110.7018535347603887, 168.8819639083497748 ) ) ;
#1280 = CARTESIAN_POINT ( 'NONE',  ( 372.4978761955836148, 77.93246534253319169, 145.4961100211413338 ) ) ;
#1281 =( NAMED_UNIT ( * ) SI_UNIT ( $, .STERADIAN. ) SOLID_ANGLE_UNIT ( ) );
#1282 = VECTOR ( 'NONE', #784, 1000.000000000000227 ) ;
#1283 = FACE_OUTER_BOUND ( 'NONE', #511, .T. ) ;
#1284 = CIRCLE ( 'NONE', #1785, 49.99999999999998579 ) ;
#1285 = ORIENTED_EDGE ( 'NONE', *, *, #342, .F. ) ;
#1286 = AXIS2_PLACEMENT_3D ( 'NONE', #612, #228, #625 ) ;
#1287 = CARTESIAN_POINT ( 'NONE',  ( 362.4020178826478968, 694.1997292052274133, 176.3718345468013240 ) ) ;
#1288 = CARTESIAN_POINT ( 'NONE',  ( 457.9840147075227037, 111.8771984800722379, 179.2165044718026365 ) ) ;
#1289 = CARTESIAN_POINT ( 'NONE',  ( 455.4915753021236355, 724.2450144071611930, 155.5975502349849080 ) ) ;
#1290 = CARTESIAN_POINT ( 'NONE',  ( 12.12061965579338363, 1199.758760688413304, 59.38781077278435561 ) ) ;
#1291 =( NAMED_UNIT ( * ) SI_UNIT ( $, .STERADIAN. ) SOLID_ANGLE_UNIT ( ) );
#1292 = DIRECTION ( 'NONE',  ( 0.000000000000000000, -1.000000000000000000, 0.000000000000000000 ) ) ;
#1293 = CARTESIAN_POINT ( 'NONE',  ( 380.5762154432376292, 749.5098039608315048, 146.7006203014142613 ) ) ;
#1294 = CARTESIAN_POINT ( 'NONE',  ( 456.9437665326469755, 102.9217917889140637, 163.6669033959253738 ) ) ;
#1295 = CARTESIAN_POINT ( 'NONE',  ( 435.8048822495067043, 749.3097577970356724, 146.8555649701904429 ) ) ;
#1296 = CARTESIAN_POINT ( 'NONE',  ( 427.0572987701411307, 677.1133952984462212, 196.7910125152755541 ) ) ;
#1297 = CARTESIAN_POINT ( 'NONE',  ( 408.0000000000000000, 407.9999999999999432, 241.2788935075005554 ) ) ;
#1298 = CARTESIAN_POINT ( 'NONE',  ( 427.7492274034507318, 752.7692703572447499, 144.1613764424767794 ) ) ;
#1299 = CARTESIAN_POINT ( 'NONE',  ( 262.7410888224529799, 407.9999999999999432, 230.1740895817305557 ) ) ;
#1300 = ORIENTED_EDGE ( 'NONE', *, *, #2154, .F. ) ;
#1301 = CARTESIAN_POINT ( 'NONE',  ( 380.1960547555476637, 744.6741949916291787, 140.2342021660171554 ) ) ;
#1302 = CARTESIAN_POINT ( 'NONE',  ( 455.4321520892192439, 128.9696821439085284, 189.6518120819932562 ) ) ;
#1303 = CARTESIAN_POINT ( 'NONE',  ( 453.4176693893975880, 728.2012338453212124, 152.6977750617206198 ) ) ;
#1304 = DIRECTION ( 'NONE',  ( -2.869044131126252138E-21, -1.131538266383779192E-22, -1.000000000000000000 ) ) ;
#1305 = CARTESIAN_POINT ( 'NONE',  ( 371.3264551535131659, 79.15844551142021146, 156.9208950635547808 ) ) ;
#1306 = CARTESIAN_POINT ( 'NONE',  ( 383.2262006749315333, 750.7997448914941288, 145.6992725983496086 ) ) ;
#1307 = CARTESIAN_POINT ( 'NONE',  ( 454.6190973617789268, 95.07011528643160148, 158.2060404071497715 ) ) ;
#1308 = EDGE_CURVE ( 'NONE', #2450, #1434, #2240, .T. ) ;
#1309 = CARTESIAN_POINT ( 'NONE',  ( 371.5485512578246698, 78.92053857538603268, 146.2610335223291997 ) ) ;
#1310 = CARTESIAN_POINT ( 'NONE',  ( 411.0832267031996707, 755.9679455970148183, 141.6425137518147892 ) ) ;
#1311 = ORIENTED_EDGE ( 'NONE', *, *, #2348, .F. ) ;
#1312 = CARTESIAN_POINT ( 'NONE',  ( 380.1222279521728638, 744.6351008951954782, 140.2646220109571686 ) ) ;
#1313 = CARTESIAN_POINT ( 'NONE',  ( 457.0759738188423285, 122.8494641086385997, 186.0025146469520791 ) ) ;
#1314 = CARTESIAN_POINT ( 'NONE',  ( 450.0333130634743384, 688.7014445187331830, 179.9596010828034878 ) ) ;
#1315 =( LENGTH_UNIT ( ) NAMED_UNIT ( * ) SI_UNIT ( .MILLI., .METRE. ) );
#1316 = CARTESIAN_POINT ( 'NONE',  ( 384.5373950318371499, 68.98380728980237109, 149.2269857378390157 ) ) ;
#1317 = UNCERTAINTY_MEASURE_WITH_UNIT (LENGTH_MEASURE( 1.000000000000000082E-05 ), #662, 'distance_accuracy_value', 'NONE');
#1318 = CARTESIAN_POINT ( 'NONE',  ( 455.5066853914501053, 702.6055703259224856, 180.4519518955222566 ) ) ;
#1319 = CARTESIAN_POINT ( 'NONE',  ( 362.3413341047128711, 732.3902559000864585, 159.6026365076640730 ) ) ;
#1320 = CARTESIAN_POINT ( 'NONE',  ( 434.4392378424918206, 70.67388973686433928, 139.7389324058258353 ) ) ;
#1321 = CARTESIAN_POINT ( 'NONE',  ( 360.7742635623490060, 96.71693208939967690, 159.3691345699852491 ) ) ;
#1322 = EDGE_CURVE ( 'NONE', #779, #185, #1789, .T. ) ;
#1323 = ORIENTED_EDGE ( 'NONE', *, *, #2348, .T. ) ;
#1324 = CARTESIAN_POINT ( 'NONE',  ( 377.7528502553945486, 743.3026707044188015, 141.2997199536384016 ) ) ;
#1325 =( GEOMETRIC_REPRESENTATION_CONTEXT ( 3 ) GLOBAL_UNCERTAINTY_ASSIGNED_CONTEXT ( ( #1950 ) ) GLOBAL_UNIT_ASSIGNED_CONTEXT ( ( #1999, #162, #1539 ) ) REPRESENTATION_CONTEXT ( 'NONE', 'WORKASPACE' ) );
#1326 = CARTESIAN_POINT ( 'NONE',  ( 454.3163300593905660, 94.30849532314088890, 167.6658982153333000 ) ) ;
#1327 = PRESENTATION_LAYER_ASSIGNMENT (  '', '', ( #1002 ) ) ;
#1328 = CARTESIAN_POINT ( 'NONE',  ( 427.2278535932026671, 672.5380408095928715, 190.1334968545213826 ) ) ;
#1329 = FILL_AREA_STYLE_COLOUR ( '', #1577 ) ;
#1330 = CARTESIAN_POINT ( 'NONE',  ( 367.6691336449984533, 83.55034436077487214, 160.1215569034765736 ) ) ;
#1331 = MECHANICAL_DESIGN_GEOMETRIC_PRESENTATION_REPRESENTATION (  '', ( #1002 ), #1411 ) ;
#1332 = CARTESIAN_POINT ( 'NONE',  ( 361.7700377720619258, 700.0406974874598518, 182.1500141943312201 ) ) ;
#1333 = CARTESIAN_POINT ( 'NONE',  ( 449.2621977616873892, 84.85716249024274305, 150.7758368812160086 ) ) ;
#1334 = CARTESIAN_POINT ( 'NONE',  ( 361.6512889508684907, 94.38844498289338958, 157.7218023161534290 ) ) ;
#1335 = ORIENTED_EDGE ( 'NONE', *, *, #1119, .T. ) ;
#1336 = CARTESIAN_POINT ( 'NONE',  ( 514.9310836485782374, 621.8621672971567023, 236.6956189330486779 ) ) ;
#1337 = FACE_OUTER_BOUND ( 'NONE', #2429, .T. ) ;
#1338 = EDGE_CURVE ( 'NONE', #679, #1269, #603, .T. ) ;
#1339 = CARTESIAN_POINT ( 'NONE',  ( 437.9475616585597777, 677.7447369394252519, 186.9173343159635579 ) ) ;
#1340 = CARTESIAN_POINT ( 'NONE',  ( 460.8261070461869622, 407.9999999999999432, 241.1422276371325495 ) ) ;
#1341 = CARTESIAN_POINT ( 'NONE',  ( 408.0000000000000000, 0.000000000000000000, -1.165130731132179017E-18 ) ) ;
#1342 = UNCERTAINTY_MEASURE_WITH_UNIT (LENGTH_MEASURE( 1.000000000000000082E-05 ), #2372, 'distance_accuracy_value', 'NONE');
#1343 = CARTESIAN_POINT ( 'NONE',  ( 449.5894075938255696, 738.3163058486904902, 155.2169252251895273 ) ) ;
#1344 = CARTESIAN_POINT ( 'NONE',  ( 365.2142661595449340, 694.3290642302140441, 185.8987743634206140 ) ) ;
#1345 = CARTESIAN_POINT ( 'NONE',  ( 432.2641087264919406, 69.41880477659988458, 138.7163495955412031 ) ) ;
#1346 = CARTESIAN_POINT ( 'NONE',  ( 435.7163911149100386, 681.0401531141013720, 194.3602772602246773 ) ) ;
#1347 = CARTESIAN_POINT ( 'NONE',  ( 361.6563020566984505, 94.37606181894885538, 157.7129920293931775 ) ) ;
#1348 = ORIENTED_EDGE ( 'NONE', *, *, #1256, .F. ) ;
#1349 = CARTESIAN_POINT ( 'NONE',  ( 457.9999999999999432, 507.9999999999998295, 241.2788935075004133 ) ) ;
#1350 = CARTESIAN_POINT ( 'NONE',  ( 434.6556034947852822, 155.4804799141638796, 204.4784130649085512 ) ) ;
#1351 = CARTESIAN_POINT ( 'NONE',  ( 435.8848942096858536, 676.5055441373756366, 187.6876741771342552 ) ) ;
#1352 = CARTESIAN_POINT ( 'NONE',  ( 483.0741397138565389, 408.0000000000000000, 239.9346279839265605 ) ) ;
#1353 = CARTESIAN_POINT ( 'NONE',  ( 358.0386504002937613, 717.4452129468239718, 170.3035744374729461 ) ) ;
#1354 = CARTESIAN_POINT ( 'NONE',  ( 365.0321637390775891, 138.7135304547282146, 195.2838455821423906 ) ) ;
#1355 = CARTESIAN_POINT ( 'NONE',  ( 444.5156136809980580, 78.98902245844618619, 146.3139215758483260 ) ) ;
#1356 = CARTESIAN_POINT ( 'NONE',  ( 449.5313240656851690, 692.6790574078080454, 186.9691280727095943 ) ) ;
#1357 = CARTESIAN_POINT ( 'NONE',  ( 362.9767671379047442, 91.38330412473722220, 155.5690627213100186 ) ) ;
#1358 = FILL_AREA_STYLE_COLOUR ( '', #1615 ) ;
#1359 = EDGE_LOOP ( 'NONE', ( #951, #1106 ) ) ;
#1360 =( NAMED_UNIT ( * ) SI_UNIT ( $, .STERADIAN. ) SOLID_ANGLE_UNIT ( ) );
#1361 = CARTESIAN_POINT ( 'NONE',  ( 453.8170003878255443, 133.2280443715757201, 192.1422830991513138 ) ) ;
#1362 = LINE ( 'NONE', #1660, #452 ) ;
#1363 = CARTESIAN_POINT ( 'NONE',  ( 380.2399673599796301, 676.4343902180377199, 187.7318332385194708 ) ) ;
#1364 = VECTOR ( 'NONE', #888, 1000.000000000000000 ) ;
#1365 = MECHANICAL_DESIGN_GEOMETRIC_PRESENTATION_REPRESENTATION (  '', ( #287 ), #1872 ) ;
#1366 = CARTESIAN_POINT ( 'NONE',  ( 388.7185601960559893, 748.2824725291708319, 137.4088818127260652 ) ) ;
#1367 = CARTESIAN_POINT ( 'NONE',  ( 361.8312591209737548, 731.4298935933089751, 160.3054460299279356 ) ) ;
#1368 =( GEOMETRIC_REPRESENTATION_CONTEXT ( 3 ) GLOBAL_UNCERTAINTY_ASSIGNED_CONTEXT ( ( #1096 ) ) GLOBAL_UNIT_ASSIGNED_CONTEXT ( ( #753, #778, #739 ) ) REPRESENTATION_CONTEXT ( 'NONE', 'WORKASPACE' ) );
#1369 = CARTESIAN_POINT ( 'NONE',  ( 361.6870828192433009, 131.9934994098353798, 191.4231059059713118 ) ) ;
#1370 = CARTESIAN_POINT ( 'NONE',  ( 435.8741180491492742, 71.59897987058907631, 140.4870251664038108 ) ) ;
#1371 = CARTESIAN_POINT ( 'NONE',  ( 443.0004924817225742, 686.0489940823773622, 191.2136358373848850 ) ) ;
#1372 = CARTESIAN_POINT ( 'NONE',  ( 361.7165743422510218, 94.22778820298778157, 157.6074670342756860 ) ) ;
#1373 = VERTEX_POINT ( 'NONE', #788 ) ;
#1374 = SURFACE_SIDE_STYLE ('',( #2527 ) ) ;
#1375 = CARTESIAN_POINT ( 'NONE',  ( 451.0849977657134104, 138.5159263022869709, 195.1717961848779055 ) ) ;
#1376 = FACE_OUTER_BOUND ( 'NONE', #1993, .T. ) ;
#1377 = CARTESIAN_POINT ( 'NONE',  ( 388.9380818321315019, 672.4792596081971396, 190.1694807756146304 ) ) ;
#1378 = SURFACE_STYLE_USAGE ( .BOTH. , #1156 ) ;
#1379 = CARTESIAN_POINT ( 'NONE',  ( 388.8452521260539925, 748.3239381035275528, 137.3762051775173347 ) ) ;
#1380 = CARTESIAN_POINT ( 'NONE',  ( 380.1627472547845059, 681.1087850498983016, 194.3175100325697997 ) ) ;
#1381 = CARTESIAN_POINT ( 'NONE',  ( 365.4044873449324768, 139.3305492354747059, 195.6332375428129353 ) ) ;
#1382 = DIRECTION ( 'NONE',  ( -2.869044131126252138E-21, -1.131538266383779192E-22, -1.000000000000000000 ) ) ;
#1383 = CARTESIAN_POINT ( 'NONE',  ( 449.4090998046390837, 692.5264744096244840, 187.0678238477884747 ) ) ;
#1384 = CARTESIAN_POINT ( 'NONE',  ( 370.5105513906615897, 146.2288154296764731, 190.5369758516653462 ) ) ;
#1385 = ADVANCED_FACE ( 'NONE', ( #1582, #1012 ), #497, .F. ) ;
#1386 = CARTESIAN_POINT ( 'NONE',  ( 446.3461254983517392, 145.2718027643283278, 189.9968572986007302 ) ) ;
#1387 = VERTEX_POINT ( 'NONE', #980 ) ;
#1388 = CARTESIAN_POINT ( 'NONE',  ( 483.0741397138565389, 407.9999999999999432, 239.9346279839265605 ) ) ;
#1389 = CARTESIAN_POINT ( 'NONE',  ( 450.9621779889423010, 138.7230451568973422, 195.2892390658097383 ) ) ;
#1390 = CARTESIAN_POINT ( 'NONE',  ( 390.2502781330362041, 672.0322741491950183, 190.4429758582795955 ) ) ;
#1391 = CARTESIAN_POINT ( 'NONE',  ( 408.0000000000000000, -105.1456690841879862, -1088.155178633636069 ) ) ;
#1392 = CARTESIAN_POINT ( 'NONE',  ( 372.2793574826031886, 686.6580340099119439, 190.8274883628611462 ) ) ;
#1393 = CARTESIAN_POINT ( 'NONE',  ( 377.1615666476421893, 152.5389969312451228, 202.9093116558068175 ) ) ;
#1394 = CARTESIAN_POINT ( 'NONE',  ( 418.7151443499348034, 64.30632705513666281, 134.4720729544708036 ) ) ;
#1395 = CARTESIAN_POINT ( 'NONE',  ( 358.0160154194088591, 111.8790645052655037, 169.6527351986799772 ) ) ;
#1396 = CARTESIAN_POINT ( 'NONE',  ( 450.8891707094170442, 138.8456361526633600, 186.3008704310643111 ) ) ;
#1397 = ORIENTED_EDGE ( 'NONE', *, *, #2266, .F. ) ;
#1398 = CARTESIAN_POINT ( 'NONE',  ( 327.2854274964341812, 246.5708549928681350, 247.8193113324504111 ) ) ;
#1399 = CARTESIAN_POINT ( 'NONE',  ( 387.4885159461163084, 672.9927296045727871, 189.8551537310788149 ) ) ;
#1400 = CARTESIAN_POINT ( 'NONE',  ( 437.2499358223226409, 72.59298541435759944, 152.0038275966676906 ) ) ;
#1401 = PRESENTATION_LAYER_ASSIGNMENT (  '', '', ( #2198 ) ) ;
#1402 = CARTESIAN_POINT ( 'NONE',  ( 388.7924988882234061, 748.3067055272072139, 137.3897855411761952 ) ) ;
#1403 = PRESENTATION_STYLE_ASSIGNMENT (( #2374 ) ) ;
#1404 = CARTESIAN_POINT ( 'NONE',  ( 366.1284605555736107, 140.4750119103490533, 196.2789543129176764 ) ) ;
#1405 =( GEOMETRIC_REPRESENTATION_CONTEXT ( 3 ) GLOBAL_UNCERTAINTY_ASSIGNED_CONTEXT ( ( #356 ) ) GLOBAL_UNIT_ASSIGNED_CONTEXT ( ( #1588, #148, #1733 ) ) REPRESENTATION_CONTEXT ( 'NONE', 'WORKASPACE' ) );
#1406 = CARTESIAN_POINT ( 'NONE',  ( 797.8140656277898870, 407.9999999999999432, 72.56105059050645423 ) ) ;
#1407 = VECTOR ( 'NONE', #904, 1000.000000000000000 ) ;
#1408 = CIRCLE ( 'NONE', #1874, 404.1985237165444005 ) ;
#1409 = CARTESIAN_POINT ( 'NONE',  ( 360.4983505598244165, 128.7598478752148310, 180.2990883141445977 ) ) ;
#1410 = CARTESIAN_POINT ( 'NONE',  ( 428.6564463105850677, 158.6783863701298856, 197.3919001370244644 ) ) ;
#1411 =( GEOMETRIC_REPRESENTATION_CONTEXT ( 3 ) GLOBAL_UNCERTAINTY_ASSIGNED_CONTEXT ( ( #2055 ) ) GLOBAL_UNIT_ASSIGNED_CONTEXT ( ( #1037, #412, #1819 ) ) REPRESENTATION_CONTEXT ( 'NONE', 'WORKASPACE' ) );
#1412 = CARTESIAN_POINT ( 'NONE',  ( 408.0000000000000000, 407.9999999999999432, 41.08393240782226030 ) ) ;
#1413 = CARTESIAN_POINT ( 'NONE',  ( 3.801476283455726968, 1216.397047433088574, 60.20712268590796157 ) ) ;
#1414 = CARTESIAN_POINT ( 'NONE',  ( 123.6912113535810818, 407.9999999999998863, 202.4773851629070691 ) ) ;
#1415 = CARTESIAN_POINT ( 'NONE',  ( 408.0000000000000000, 0.000000000000000000, 5.550998610052666334E-14 ) ) ;
#1416 = CARTESIAN_POINT ( 'NONE',  ( 453.7346173223796200, 92.93288075221124700, 166.7226809487278558 ) ) ;
#1417 = EDGE_CURVE ( 'NONE', #2462, #1015, #870, .T. ) ;
#1418 =( NAMED_UNIT ( * ) SI_UNIT ( $, .STERADIAN. ) SOLID_ANGLE_UNIT ( ) );
#1419 = CARTESIAN_POINT ( 'NONE',  ( 388.2248915134561003, 677.3709244042050841, 196.6325893949948522 ) ) ;
#1420 = CARTESIAN_POINT ( 'NONE',  ( 361.4487881216563210, 94.89542010827817364, 168.0667694145670339 ) ) ;
#1421 = CARTESIAN_POINT ( 'NONE',  ( 358.0176020594814759, 111.8172613210601440, 169.6122745973818269 ) ) ;
#1422 = CARTESIAN_POINT ( 'NONE',  ( 454.8644770257637333, 130.5743856862424366, 181.3976701837828500 ) ) ;
#1423 = CARTESIAN_POINT ( 'NONE',  ( 423.9093952917977504, 749.2861593178156454, 136.6170832861487554 ) ) ;
#1424 = DIRECTION ( 'NONE',  ( 0.000000000000000000, 1.000000000000000000, 0.000000000000000000 ) ) ;
#1425 = FILL_AREA_STYLE ('',( #642 ) ) ;
#1426 = CARTESIAN_POINT ( 'NONE',  ( 361.6555541975779420, 726.4701449008680356, 153.9678015747096538 ) ) ;
#1427 = CARTESIAN_POINT ( 'NONE',  ( 420.3214461101915731, 64.65658842691942709, 145.8223029069397967 ) ) ;
#1428 = CARTESIAN_POINT ( 'NONE',  ( 441.7141253842239053, 745.6964191604686221, 149.6391322089780260 ) ) ;
#1429 = CARTESIAN_POINT ( 'NONE',  ( 758.1028796039558983, 1108.205759207912479, 128.8777237091987899 ) ) ;
#1430 = CARTESIAN_POINT ( 'NONE',  ( 380.1635420294737173, 681.1083322614132385, 194.3177922143296428 ) ) ;
#1431 = CARTESIAN_POINT ( 'NONE',  ( 361.6659063401364733, 94.35236425734072441, 167.6958826137220626 ) ) ;
#1432 = CARTESIAN_POINT ( 'NONE',  ( 361.4695789908243455, 131.5185874349738810, 181.9690338750042429 ) ) ;
#1433 = CARTESIAN_POINT ( 'NONE',  ( 420.3813646463522105, 161.6205612200517407, 198.9596017903981249 ) ) ;
#1434 = VERTEX_POINT ( 'NONE', #1769 ) ;
#1435 = CARTESIAN_POINT ( 'NONE',  ( 408.0000000000000000, 407.9999999999999432, 57.14741224141265263 ) ) ;
#1436 = FACE_OUTER_BOUND ( 'NONE', #1178, .T. ) ;
#1437 = ORIENTED_EDGE ( 'NONE', *, *, #1038, .F. ) ;
#1438 = CARTESIAN_POINT ( 'NONE',  ( 366.4408973270654428, 688.0955949411378469, 180.3509431634279281 ) ) ;
#1439 = CARTESIAN_POINT ( 'NONE',  ( 418.6273049439216720, 64.28713873383851762, 145.5274407942634411 ) ) ;
#1440 = CARTESIAN_POINT ( 'NONE',  ( 448.0204214879004780, 735.4762744864164006, 147.2790988603790652 ) ) ;
#1441 = CARTESIAN_POINT ( 'NONE',  ( 730.2182250793149478, 407.9999999999999432, 155.0722352762490459 ) ) ;
#1442 = CARTESIAN_POINT ( 'NONE',  ( 262.7410888224528662, 117.4821776449055193, 230.1740895817307830 ) ) ;
#1443 = CARTESIAN_POINT ( 'NONE',  ( 365.7621554940159854, 86.38712800183031959, 162.1467616745597695 ) ) ;
#1444 = CARTESIAN_POINT ( 'NONE',  ( 389.0450856081133679, 753.0316270870471271, 143.9557761411254262 ) ) ;
#1445 = PRESENTATION_LAYER_ASSIGNMENT (  '', '', ( #501 ) ) ;
#1446 = CARTESIAN_POINT ( 'NONE',  ( 457.9995116300225959, 112.8444181321996211, 170.2832272777564810 ) ) ;
#1447 = CARTESIAN_POINT ( 'NONE',  ( 443.4648557502621884, 744.3001766191755451, 150.7028852502873235 ) ) ;
#1448 = EDGE_CURVE ( 'NONE', #1373, #679, #43, .T. ) ;
#1449 = AXIS2_PLACEMENT_3D ( 'NONE', #1215, #1239, #38 ) ;
#1450 = VERTEX_POINT ( 'NONE', #1587 ) ;
#1451 = CARTESIAN_POINT ( 'NONE',  ( 368.1018483429216417, 82.99939662554817232, 149.3774203166901202 ) ) ;
#1452 = CARTESIAN_POINT ( 'NONE',  ( 387.3766271727367894, 158.6933234535094357, 206.1716502276138669 ) ) ;
#1453 = AXIS2_PLACEMENT_3D ( 'NONE', #1932, #1755, #2537 ) ;
#1454 = CARTESIAN_POINT ( 'NONE',  ( 556.0797268656421011, 111.8405462687155705, 240.3062672616387090 ) ) ;
#1455 = CARTESIAN_POINT ( 'NONE',  ( 366.5643047273068760, 687.9410850411118190, 180.4506274781809054 ) ) ;
#1456 = CARTESIAN_POINT ( 'NONE',  ( 449.8298608038046495, 85.75239151309014574, 161.6954804721095229 ) ) ;
#1457 = CARTESIAN_POINT ( 'NONE',  ( 456.4498522234398479, 721.6270563680524219, 157.4895664549551668 ) ) ;
#1458 = CARTESIAN_POINT ( 'NONE',  ( 663.8543985208659706, 919.7087970417323959, 195.1633597744523172 ) ) ;
#1459 = CARTESIAN_POINT ( 'NONE',  ( 730.2182250793149478, 408.0000000000000568, 155.0722352762490459 ) ) ;
#1460 = CARTESIAN_POINT ( 'NONE',  ( 358.6911589110629848, 104.8471545877265640, 174.7017510642956779 ) ) ;
#1461 = ADVANCED_BREP_SHAPE_REPRESENTATION ( '\X2\88c5914d4f53\X0\1', ( #298, #2369 ), #2332 ) ;
#1462 = CARTESIAN_POINT ( 'NONE',  ( 373.1761553305371990, 744.8045913829453184, 150.3183869099532615 ) ) ;
#1463 = CARTESIAN_POINT ( 'NONE',  ( 458.0006945897349055, 113.4543197383737834, 170.6802551774758570 ) ) ;
#1464 = CARTESIAN_POINT ( 'NONE',  ( 444.2646125316932171, 743.6450185119739444, 151.2013611794749579 ) ) ;
#1465 = CARTESIAN_POINT ( 'NONE',  ( 408.0000000000000000, 812.1985237165442868, 60.20712268590816052 ) ) ;
#1466 = CARTESIAN_POINT ( 'NONE',  ( 408.0000000000000000, 807.9999999999997726, -1.237224051369964717E-18 ) ) ;
#1467 = VERTEX_POINT ( 'NONE', #1572 ) ;
#1468 = CARTESIAN_POINT ( 'NONE',  ( 366.4126364457247291, 733.6979715255524752, 148.6159183633372436 ) ) ;
#1469 = CARTESIAN_POINT ( 'NONE',  ( 456.7416300277245114, 124.3976638809759407, 186.9342553058116039 ) ) ;
#1470 = CARTESIAN_POINT ( 'NONE',  ( 454.0500615327813989, 727.0439631236998821, 153.5476137691503311 ) ) ;
#1471 = CARTESIAN_POINT ( 'NONE',  ( 57.89712039604355454, 407.9999999999999432, 128.8777237091986478 ) ) ;
#1472 = CARTESIAN_POINT ( 'NONE',  ( 663.8543985208665390, -103.7087970417335896, 195.1633597744526583 ) ) ;
#1473 = CARTESIAN_POINT ( 'NONE',  ( 360.1484854966655007, 98.64529874168565016, 170.6019624045551950 ) ) ;
#1474 = CARTESIAN_POINT ( 'NONE',  ( 457.9998155514963400, 715.6060960134439028, 171.5861032043813452 ) ) ;
#1475 = CARTESIAN_POINT ( 'NONE',  ( 372.6725116339965211, 744.4097701360175279, 150.6193912707047957 ) ) ;
#1476 = CARTESIAN_POINT ( 'NONE',  ( 457.2815736064233647, 104.6873838510859969, 164.8665498417531410 ) ) ;
#1477 = CARTESIAN_POINT ( 'NONE',  ( 378.6826247990979937, 72.64171425430114937, 141.3224657198454679 ) ) ;
#1478 =( LENGTH_UNIT ( ) NAMED_UNIT ( * ) SI_UNIT ( .MILLI., .METRE. ) );
#1479 = ORIENTED_EDGE ( 'NONE', *, *, #67, .T. ) ;
#1480 = CARTESIAN_POINT ( 'NONE',  ( 357.9987126581941652, 713.7343931055962685, 163.0995901150842258 ) ) ;
#1481 = CARTESIAN_POINT ( 'NONE',  ( 457.9537011386891550, 110.9732495950497935, 178.6433893761142713 ) ) ;
#1482 = CARTESIAN_POINT ( 'NONE',  ( 454.1582089722033970, 726.8357348325329212, 153.7001767282780520 ) ) ;
#1483 = CARTESIAN_POINT ( 'NONE',  ( 23.85188125055204367, 407.9999999999999432, 83.12984389282236464 ) ) ;
#1484 = CARTESIAN_POINT ( 'NONE',  ( 797.8140656277906828, -371.6281312555807972, 72.56105059050658213 ) ) ;
#1485 = CARTESIAN_POINT ( 'NONE',  ( 408.0000000000000000, 765.9999999999997726, 41.08393240782226030 ) ) ;
#1486 = CARTESIAN_POINT ( 'NONE',  ( 385.2794103507474688, 157.6862725664538800, 196.8584354452113701 ) ) ;
#1487 = CARTESIAN_POINT ( 'NONE',  ( 457.3886997650922694, 120.9393434419740174, 175.4644799827507313 ) ) ;
#1488 = CIRCLE ( 'NONE', #2237, 396.8067599218979353 ) ;
#1489 = CARTESIAN_POINT ( 'NONE',  ( 404.4203578513354387, 63.24052083356003351, 133.5704949959032035 ) ) ;
#1490 = DIRECTION ( 'NONE',  ( 0.000000000000000000, 1.000000000000000000, 0.000000000000000000 ) ) ;
#1491 = COLOUR_RGB ( '',1.000000000000000000, 1.000000000000000000, 1.000000000000000000 ) ;
#1492 = CARTESIAN_POINT ( 'NONE',  ( 31.40588199273602754, 407.9999999999999432, 95.28223909880695430 ) ) ;
#1493 = COLOUR_RGB ( '',1.000000000000000000, 1.000000000000000000, 1.000000000000000000 ) ;
#1494 = ORIENTED_EDGE ( 'NONE', *, *, #1771, .T. ) ;
#1495 = PRESENTATION_LAYER_ASSIGNMENT (  '', '', ( #2082 ) ) ;
#1496 = CARTESIAN_POINT ( 'NONE',  ( 372.6138111176704228, 739.7347043944257621, 144.0450602715042692 ) ) ;
#1497 = CARTESIAN_POINT ( 'NONE',  ( 457.9868471810075903, 111.9970338998152215, 179.2922905427328999 ) ) ;
#1498 = CARTESIAN_POINT ( 'NONE',  ( 440.2141129271511204, 742.0594058739112597, 142.2605616301159728 ) ) ;
#1499 = FACE_OUTER_BOUND ( 'NONE', #2185, .T. ) ;
#1500 = ADVANCED_FACE ( 'NONE', ( #2381, #1532 ), #839, .F. ) ;
#1501 = CARTESIAN_POINT ( 'NONE',  ( 397.0080972900498750, 64.36767533095138560, 145.5917152190778268 ) ) ;
#1502 = CARTESIAN_POINT ( 'NONE',  ( 457.9623232651059652, 714.1745661001677945, 172.5792157519576904 ) ) ;
#1503 = CARTESIAN_POINT ( 'NONE',  ( 388.8950128132573241, 752.9829022505828107, 143.9939688663402819 ) ) ;
#1504 = CARTESIAN_POINT ( 'NONE',  ( 455.8399286831644872, 98.60710142165687841, 160.6919040038465596 ) ) ;
#1505 = CARTESIAN_POINT ( 'NONE',  ( 429.8647359732212863, 678.1627998828015507, 196.1451060047732540 ) ) ;
#1506 = CARTESIAN_POINT ( 'NONE',  ( 371.9900662296312248, 78.45520260884873665, 145.9012308886101721 ) ) ;
#1507 = DIRECTION ( 'NONE',  ( -2.869044131126252138E-21, -1.131538266383779192E-22, -1.000000000000000000 ) ) ;
#1508 = ORIENTED_EDGE ( 'NONE', *, *, #467, .T. ) ;
#1509 = CARTESIAN_POINT ( 'NONE',  ( 380.1855992343092225, 744.6686661870935495, 140.2385042378903961 ) ) ;
#1510 = CARTESIAN_POINT ( 'NONE',  ( 454.3856112002449663, 94.47988952656194783, 167.7830405772141660 ) ) ;
#1511 = CARTESIAN_POINT ( 'NONE',  ( 428.5660250170407153, 673.0326333022421750, 189.8304957472074932 ) ) ;
#1512 = CARTESIAN_POINT ( 'NONE',  ( 483.0741397138567663, 257.8517205722865242, 239.9346279839265037 ) ) ;
#1513 = CARTESIAN_POINT ( 'NONE',  ( 378.5110829643349462, 72.76624074591593683, 152.1358098450782563 ) ) ;
#1514 = CARTESIAN_POINT ( 'NONE',  ( 450.0091624495358928, 737.8048643155997297, 155.5987460296132951 ) ) ;
#1515 = CARTESIAN_POINT ( 'NONE',  ( 366.8754624159527680, 738.8649361046454942, 154.8066487885391211 ) ) ;
#1516 = CARTESIAN_POINT ( 'NONE',  ( 437.2921570144232533, 72.62347247318976429, 141.3078518112837969 ) ) ;
#1517 = CARTESIAN_POINT ( 'NONE',  ( 361.6813885043735013, 94.31420480640198889, 157.6689765711833502 ) ) ;
#1518 = APPLICATION_CONTEXT ( 'automotive_design' ) ;
#1519 = SURFACE_SIDE_STYLE ('',( #1921 ) ) ;
#1520 = EDGE_LOOP ( 'NONE', ( #2280, #766, #1153, #1731 ) ) ;
#1521 = CARTESIAN_POINT ( 'NONE',  ( 369.4508016424358061, 736.9706304002160095, 146.1494941344249696 ) ) ;
#1522 = CARTESIAN_POINT ( 'NONE',  ( 454.3837886162642690, 94.47536048385802587, 167.7799460709306061 ) ) ;
#1523 = CARTESIAN_POINT ( 'NONE',  ( 427.3347476129075062, 672.5761819968020063, 190.1101453859776598 ) ) ;
#1524 = CARTESIAN_POINT ( 'NONE',  ( 408.0000000000000000, 407.9999999999999432, 241.2788935075005554 ) ) ;
#1525 = CARTESIAN_POINT ( 'NONE',  ( 396.6441724222220842, 64.45050066488441587, 145.6578019757776588 ) ) ;
#1526 = CARTESIAN_POINT ( 'NONE',  ( 367.9810807217590423, 740.1006570317865680, 153.8799556796249419 ) ) ;
#1527 = CARTESIAN_POINT ( 'NONE',  ( 437.3196169272387124, 72.64333751828598906, 141.3237661931269429 ) ) ;
#1528 = CARTESIAN_POINT ( 'NONE',  ( 365.8925088665192789, 86.18242917157313343, 151.7591887724446735 ) ) ;
#1529 = EDGE_CURVE ( 'NONE', #2409, #1531, #1127, .T. ) ;
#1530 = CIRCLE ( 'NONE', #408, 404.1985237165444005 ) ;
#1531 = VERTEX_POINT ( 'NONE', #1620 ) ;
#1532 = FACE_OUTER_BOUND ( 'NONE', #1142, .T. ) ;
#1533 = AXIS2_PLACEMENT_3D ( 'NONE', #419, #2002, #579 ) ;
#1534 = MECHANICAL_DESIGN_GEOMETRIC_PRESENTATION_REPRESENTATION (  '', ( #501 ), #2521 ) ;
#1535 = CARTESIAN_POINT ( 'NONE',  ( 445.1900358681428429, 146.5647864504140614, 199.6658380728424333 ) ) ;
#1536 = PRODUCT_DEFINITION_FORMATION_WITH_SPECIFIED_SOURCE ( 'ä»', '', #203, .NOT_KNOWN. ) ;
#1537 = AXIS2_PLACEMENT_3D ( 'NONE', #1704, #900, #119 ) ;
#1538 = CARTESIAN_POINT ( 'NONE',  ( 443.4029078012538321, 681.7623439215632288, 184.3954058190626029 ) ) ;
#1539 =( NAMED_UNIT ( * ) SI_UNIT ( $, .STERADIAN. ) SOLID_ANGLE_UNIT ( ) );
#1540 = COLOUR_RGB ( '',1.000000000000000000, 1.000000000000000000, 1.000000000000000000 ) ;
#1541 = CARTESIAN_POINT ( 'NONE',  ( 449.6358113771024136, 738.2604913299207965, 155.2586210878092459 ) ) ;
#1542 = CARTESIAN_POINT ( 'NONE',  ( 359.5986461371022642, 705.3582442828291050, 178.5998365487791375 ) ) ;
#1543 = CARTESIAN_POINT ( 'NONE',  ( 454.3630412897797441, 94.42381826443724435, 157.7469726158297476 ) ) ;
#1544 = CARTESIAN_POINT ( 'NONE',  ( 452.9297402889719137, 697.6144626708994565, 183.7509367295983509 ) ) ;
#1545 = CARTESIAN_POINT ( 'NONE',  ( 365.8434142547935153, 86.25932155303860327, 151.8162471036563943 ) ) ;
#1546 = ORIENTED_EDGE ( 'NONE', *, *, #1891, .F. ) ;
#1547 = CARTESIAN_POINT ( 'NONE',  ( 262.7410888224529799, 407.9999999999999432, 230.1740895817305557 ) ) ;
#1548 = CARTESIAN_POINT ( 'NONE',  ( 447.2009756867881265, 144.1918881483037751, 198.3561340033997169 ) ) ;
#1549 = CARTESIAN_POINT ( 'NONE',  ( 436.2574466005911518, 676.7202181012962683, 187.5544107881684397 ) ) ;
#1550 = CARTESIAN_POINT ( 'NONE',  ( 408.0000000000000000, 407.9999999999999432, 5.550994969696892614E-14 ) ) ;
#1551 = CARTESIAN_POINT ( 'NONE',  ( 361.2320201335583079, 701.1685570323743377, 181.4018784698928073 ) ) ;
#1552 = CARTESIAN_POINT ( 'NONE',  ( 384.2385019073494732, 157.2641026709899847, 205.4233856034943244 ) ) ;
#1553 = CARTESIAN_POINT ( 'NONE',  ( 450.4644243566165756, 86.74731949296726441, 152.1779810312373797 ) ) ;
#1554 = CARTESIAN_POINT ( 'NONE',  ( 454.1612668295099979, 699.9023356220501455, 182.2416263905853668 ) ) ;
#1555 = CARTESIAN_POINT ( 'NONE',  ( 361.6481707041167510, 94.39615285752586260, 157.7272859790096504 ) ) ;
#1556 = DIRECTION ( 'NONE',  ( -2.869044131126252138E-21, -1.131538266383779192E-22, -1.000000000000000000 ) ) ;
#1557 = ORIENTED_EDGE ( 'NONE', *, *, #1851, .F. ) ;
#1558 = CARTESIAN_POINT ( 'NONE',  ( 357.9999999999999432, 507.9999999999998863, 249.2880578929144804 ) ) ;
#1559 = SURFACE_STYLE_USAGE ( .BOTH. , #1985 ) ;
#1560 = CARTESIAN_POINT ( 'NONE',  ( 454.4876790774188180, 695.9579269253380289, 175.2108488638941708 ) ) ;
#1561 = CARTESIAN_POINT ( 'NONE',  ( 392.0573308825879053, 671.4757024509333405, 190.7830957062726895 ) ) ;
#1562 = CARTESIAN_POINT ( 'NONE',  ( 407.9999999999942588, 63.14469803894445477, 144.6125823588108403 ) ) ;
#1563 = CARTESIAN_POINT ( 'NONE',  ( 449.6087609076997182, 738.2930492635755400, 155.2342997161833580 ) ) ;
#1564 = DIRECTION ( 'NONE',  ( 0.000000000000000000, 1.000000000000000000, 0.000000000000000000 ) ) ;
#1565 = CARTESIAN_POINT ( 'NONE',  ( 366.1841163601415019, 693.0392886979290097, 186.7359283668914145 ) ) ;
#1566 = CARTESIAN_POINT ( 'NONE',  ( 365.7897252399986883, 139.9513602528705292, 195.9840182437914677 ) ) ;
#1567 = CARTESIAN_POINT ( 'NONE',  ( 438.8155327255336715, 73.76760899012629125, 142.2217181376803126 ) ) ;
#1568 = CARTESIAN_POINT ( 'NONE',  ( 439.7589486838122639, 683.5768762805108736, 192.7737304570921140 ) ) ;
#1569 = CARTESIAN_POINT ( 'NONE',  ( 358.0718137116923003, 110.4459404086020413, 168.7112674438652959 ) ) ;
#1570 = SURFACE_STYLE_FILL_AREA ( #156 ) ;
#1571 = ORIENTED_EDGE ( 'NONE', *, *, #1322, .F. ) ;
#1572 = CARTESIAN_POINT ( 'NONE',  ( 408.0000000000000000, 815.9999999999998863, -1.237937846613375710E-18 ) ) ;
#1573 = CARTESIAN_POINT ( 'NONE',  ( 428.8348048500941445, 158.5969981332661405, 206.1212184055149521 ) ) ;
#1574 = FILL_AREA_STYLE ('',( #2430 ) ) ;
#1575 = CARTESIAN_POINT ( 'NONE',  ( 401.7192897093509032, 669.4945744375048662, 191.9882505293929569 ) ) ;
#1576 = PRESENTATION_STYLE_ASSIGNMENT (( #179 ) ) ;
#1577 = COLOUR_RGB ( '',1.000000000000000000, 1.000000000000000000, 1.000000000000000000 ) ;
#1578 = FILL_AREA_STYLE ('',( #382 ) ) ;
#1579 = ADVANCED_FACE ( 'NONE', ( #2431 ), #1644, .F. ) ;
#1580 = SURFACE_STYLE_FILL_AREA ( #215 ) ;
#1581 = CARTESIAN_POINT ( 'NONE',  ( 361.0802236436931025, 130.4233848518658476, 190.5059295798370442 ) ) ;
#1582 = FACE_BOUND ( 'NONE', #1165, .T. ) ;
#1583 = CARTESIAN_POINT ( 'NONE',  ( 444.9166687922546544, 687.6644343527165120, 190.1896097238887648 ) ) ;
#1584 = CARTESIAN_POINT ( 'NONE',  ( 358.8825288462415983, 122.6364458056976474, 176.5309832675175983 ) ) ;
#1585 = CARTESIAN_POINT ( 'NONE',  ( 455.1003423827632446, 129.9243855209326739, 181.0049884960225199 ) ) ;
#1586 = ORIENTED_EDGE ( 'NONE', *, *, #1654, .T. ) ;
#1587 = CARTESIAN_POINT ( 'NONE',  ( 407.9999999999809006, 751.3191226091803401, 135.0033064680430357 ) ) ;
#1588 =( LENGTH_UNIT ( ) NAMED_UNIT ( * ) SI_UNIT ( .MILLI., .METRE. ) );
#1589 = CARTESIAN_POINT ( 'NONE',  ( 373.5701660471018499, 680.9577297063424339, 184.9032250441823635 ) ) ;
#1590 = CARTESIAN_POINT ( 'NONE',  ( 388.8538321068001551, 748.3267371367012402, 137.3739993215884283 ) ) ;
#1591 = CARTESIAN_POINT ( 'NONE',  ( 388.8137742995982080, 677.1589302604891145, 196.7630080671493147 ) ) ;
#1592 = CARTESIAN_POINT ( 'NONE',  ( 362.1535924007964127, 133.1137078764756438, 192.0743217689632161 ) ) ;
#1593 = CARTESIAN_POINT ( 'NONE',  ( 483.0741397138565389, 407.9999999999999432, 239.9346279839265605 ) ) ;
#1594 = CARTESIAN_POINT ( 'NONE',  ( 358.0152495514241195, 111.9098467768620253, 169.6728828955511403 ) ) ;
#1595 = UNCERTAINTY_MEASURE_WITH_UNIT (LENGTH_MEASURE( 1.000000000000000082E-05 ), #595, 'distance_accuracy_value', 'NONE');
#1596 = CARTESIAN_POINT ( 'NONE',  ( 442.8631400978743500, 148.9960828891530298, 192.0914645222933927 ) ) ;
#1597 = CARTESIAN_POINT ( 'NONE',  ( 389.2001404372241495, 672.3874762569262202, 190.2256592144458125 ) ) ;
#1598 = CARTESIAN_POINT ( 'NONE',  ( 444.4779074584322984, 78.94875614832542965, 156.7664188509855023 ) ) ;
#1599 = DIRECTION ( 'NONE',  ( -2.869044131126252138E-21, -1.131538266383779192E-22, -1.000000000000000000 ) ) ;
#1600 = CARTESIAN_POINT ( 'NONE',  ( 404.9012437660948081, 673.8874303028438817, 198.7640690041883715 ) ) ;
#1601 = CARTESIAN_POINT ( 'NONE',  ( 361.0185699490777438, 130.2546322018069134, 190.4070034614235567 ) ) ;
#1602 = FILL_AREA_STYLE ('',( #2386 ) ) ;
#1603 = CARTESIAN_POINT ( 'NONE',  ( 368.6662483335165916, 144.0236825726627501, 189.2856933003457982 ) ) ;
#1604 = CARTESIAN_POINT ( 'NONE',  ( 453.6029936942202312, 133.6629588731394165, 183.2489402347948726 ) ) ;
#1605 = CARTESIAN_POINT ( 'NONE',  ( 433.8946607193389013, 745.6361559326539918, 139.4845683163081844 ) ) ;
#1606 = FILL_AREA_STYLE_COLOUR ( '', #2125 ) ;
#1607 = ADVANCED_FACE ( 'NONE', ( #1809 ), #2204, .T. ) ;
#1608 = CARTESIAN_POINT ( 'NONE',  ( 32.45863553052252826, 407.9999999999999432, 129.4381679179746527 ) ) ;
#1609 = CARTESIAN_POINT ( 'NONE',  ( 382.0848628220366550, 675.4329913677187278, 188.3522827520669694 ) ) ;
#1610 = CARTESIAN_POINT ( 'NONE',  ( 450.1758909138138165, 86.28961611103343898, 162.0775012256302148 ) ) ;
#1611 = SURFACE_STYLE_USAGE ( .BOTH. , #432 ) ;
#1612 = CARTESIAN_POINT ( 'NONE',  ( 380.1590325444572613, 681.1109012434119450, 194.3161912032932435 ) ) ;
#1613 = CARTESIAN_POINT ( 'NONE',  ( 360.0138979957166612, 99.09655092522908149, 170.9042303205219753 ) ) ;
#1614 = AXIS2_PLACEMENT_3D ( 'NONE', #2093, #392, #1949 ) ;
#1615 = COLOUR_RGB ( '',1.000000000000000000, 1.000000000000000000, 1.000000000000000000 ) ;
#1616 = CARTESIAN_POINT ( 'NONE',  ( 381.2310607982471424, 155.4092184171827284, 195.6257390956414781 ) ) ;
#1617 = CARTESIAN_POINT ( 'NONE',  ( 440.3075192372210722, 151.3445866504626451, 193.3971106961240025 ) ) ;
#1618 = ORIENTED_EDGE ( 'NONE', *, *, #1308, .T. ) ;
#1619 =( LENGTH_UNIT ( ) NAMED_UNIT ( * ) SI_UNIT ( .MILLI., .METRE. ) );
#1620 = CARTESIAN_POINT ( 'NONE',  ( 408.0000000000000000, 357.9999999999999432, 249.2880578929145656 ) ) ;
#1621 = FACE_OUTER_BOUND ( 'NONE', #573, .T. ) ;
#1622 = CARTESIAN_POINT ( 'NONE',  ( 361.8715095013514542, 695.2234525748060605, 175.6966166473296767 ) ) ;
#1623 = CARTESIAN_POINT ( 'NONE',  ( 436.0228389292234965, 71.73160367178969921, 151.3462122002596288 ) ) ;
#1624 = CARTESIAN_POINT ( 'NONE',  ( 773.5683877392393697, 1139.136775478478967, 110.7902665383980860 ) ) ;
#1625 = CARTESIAN_POINT ( 'NONE',  ( 367.7401000064316463, 691.1205264089621778, 187.9757399664418074 ) ) ;
#1626 = CARTESIAN_POINT ( 'NONE',  ( 361.6137041010406961, 94.48150917131441417, 167.7841527671634481 ) ) ;
#1627 = CARTESIAN_POINT ( 'NONE',  ( 357.9745276304885238, 113.5999218242053104, 170.7788294491735996 ) ) ;
#1628 = CARTESIAN_POINT ( 'NONE',  ( 454.6127448510384852, 131.2428396345207489, 181.8005109862082804 ) ) ;
#1629 = CARTESIAN_POINT ( 'NONE',  ( 411.0775429237859839, 751.3191226091809085, 135.0033064680409041 ) ) ;
#1630 = SURFACE_SIDE_STYLE ('',( #1050 ) ) ;
#1631 = SURFACE_SIDE_STYLE ('',( #210 ) ) ;
#1632 = CARTESIAN_POINT ( 'NONE',  ( 123.6912113535809539, -160.6175772928386323, 202.4773851629069839 ) ) ;
#1633 = CARTESIAN_POINT ( 'NONE',  ( 358.0918378287081509, 708.6208524402323974, 166.6503133246164339 ) ) ;
#1634 = CARTESIAN_POINT ( 'NONE',  ( 443.0349991553133577, 77.46951108858621637, 155.6724229415809759 ) ) ;
#1635 = CARTESIAN_POINT ( 'NONE',  ( 438.2504370939751652, 747.9344850699382050, 147.9188999518484593 ) ) ;
#1636 = CARTESIAN_POINT ( 'NONE',  ( 457.9936772706757324, 711.8640522376714443, 164.4004145678561599 ) ) ;
#1637 = CARTESIAN_POINT ( 'NONE',  ( 12.12061965579303013, 407.9999999999999432, 59.38781077278435561 ) ) ;
#1638 = CARTESIAN_POINT ( 'NONE',  ( 117.6773091374955271, 407.9999999999998863, 177.1586916147690545 ) ) ;
#1639 = CARTESIAN_POINT ( 'NONE',  ( 361.0360237585165351, 95.98286025511281139, 168.8066719893428456 ) ) ;
#1640 = CARTESIAN_POINT ( 'NONE',  ( 379.4774607478096868, 748.9307374992113182, 147.1490798779226452 ) ) ;
#1641 = CARTESIAN_POINT ( 'NONE',  ( 457.0412850000460594, 122.8971246857317539, 176.6901613036906724 ) ) ;
#1642 = CARTESIAN_POINT ( 'NONE',  ( 446.5621299736822607, 741.5827254143505343, 152.7636087590454963 ) ) ;
#1643 = VERTEX_POINT ( 'NONE', #813 ) ;
#1644 = CYLINDRICAL_SURFACE ( 'NONE', #1005, 49.99999999999998579 ) ;
#1645 = CARTESIAN_POINT ( 'NONE',  ( 389.3312480829936817, 159.5308789786995760, 206.6092125588349120 ) ) ;
#1646 = CARTESIAN_POINT ( 'NONE',  ( 32.45863553052253536, -343.0827289389562793, 129.4381679179747948 ) ) ;
#1647 = CARTESIAN_POINT ( 'NONE',  ( 365.9990119671667230, 733.1947618147820549, 148.9927725796965490 ) ) ;
#1648 = CARTESIAN_POINT ( 'NONE',  ( 449.0831449383711629, 84.64313392660622526, 160.9035263942672884 ) ) ;
#1649 = CARTESIAN_POINT ( 'NONE',  ( 441.3346973636735697, 741.2800059473156580, 142.8602312831210099 ) ) ;
#1650 = CARTESIAN_POINT ( 'NONE',  ( 797.8140656277898870, 407.9999999999999432, 72.56105059050645423 ) ) ;
#1651 = CARTESIAN_POINT ( 'NONE',  ( 773.5683877392398244, -323.1367754784802742, 110.7902665383982708 ) ) ;
#1652 = CARTESIAN_POINT ( 'NONE',  ( 362.9942886533585238, 91.30916666683712890, 165.6042156074751688 ) ) ;
#1653 = CIRCLE ( 'NONE', #1995, 41.99999999999999289 ) ;
#1654 = EDGE_CURVE ( 'NONE', #1269, #619, #1663, .T. ) ;
#1655 = CARTESIAN_POINT ( 'NONE',  ( 454.1737506679836542, 699.9273761147330788, 182.2250496247382046 ) ) ;
#1656 = CARTESIAN_POINT ( 'NONE',  ( 373.4811332330103255, 745.0387903727303183, 150.1396952092885044 ) ) ;
#1657 = CARTESIAN_POINT ( 'NONE',  ( 455.5730509251402509, 97.73228604596222624, 160.0822264262031922 ) ) ;
#1658 = AXIS2_PLACEMENT_3D ( 'NONE', #1550, #320, #553 ) ;
#1659 = STYLED_ITEM ( 'NONE', ( #1943 ), #1071 ) ;
#1660 = CARTESIAN_POINT ( 'NONE',  ( 408.0000000000000000, 163.1446980389444263, 275.0000000000000568 ) ) ;
#1661 = CARTESIAN_POINT ( 'NONE',  ( 372.9372688034683847, 77.49679697848759474, 145.1572047873048064 ) ) ;
#1662 = FILL_AREA_STYLE ('',( #1254 ) ) ;
#1663 = CIRCLE ( 'NONE', #2003, 49.99999999999998579 ) ;
#1664 =( NAMED_UNIT ( * ) PLANE_ANGLE_UNIT ( ) SI_UNIT ( $, .RADIAN. ) );
#1665 = VERTEX_POINT ( 'NONE', #1465 ) ;
#1666 = CARTESIAN_POINT ( 'NONE',  ( 365.4718381622436141, 732.5279331606690221, 149.4911538967378988 ) ) ;
#1667 = CARTESIAN_POINT ( 'NONE',  ( 457.9728288826946141, 115.3922455468926813, 181.4259049949235987 ) ) ;
#1668 = CARTESIAN_POINT ( 'NONE',  ( 692.3087886464188614, 407.9999999999999432, 202.4773851629070691 ) ) ;
#1669 = CARTESIAN_POINT ( 'NONE',  ( 443.2794890117111208, 739.8194177221242853, 143.9802474244043822 ) ) ;
#1670 = CARTESIAN_POINT ( 'NONE',  ( 31.40588199273602754, 407.9999999999999432, 95.28223909880695430 ) ) ;
#1671 = CARTESIAN_POINT ( 'NONE',  ( 42.43161226076053083, 407.9999999999998863, 110.7902665383980434 ) ) ;
#1672 = CARTESIAN_POINT ( 'NONE',  ( 358.0119045726513605, 112.0531343337183472, 179.3277565342746982 ) ) ;
#1673 = CARTESIAN_POINT ( 'NONE',  ( 378.4227073319614760, 748.3528099057873533, 147.5967887035398860 ) ) ;
#1674 = CARTESIAN_POINT ( 'NONE',  ( 457.3909762859711350, 120.9249022881368774, 175.4554006635437133 ) ) ;
#1675 = CARTESIAN_POINT ( 'NONE',  ( 395.6117735259922483, 64.67349137487657629, 134.7817872775481476 ) ) ;
#1676 = CARTESIAN_POINT ( 'NONE',  ( 387.9901603024396763, 158.9671168098861358, 206.3148854598010757 ) ) ;
#1677 = ORIENTED_EDGE ( 'NONE', *, *, #618, .T. ) ;
#1678 = CARTESIAN_POINT ( 'NONE',  ( 358.0367806382920435, 709.5844706894041565, 165.9841657983931782 ) ) ;
#1679 = CARTESIAN_POINT ( 'NONE',  ( 456.9001082591349245, 102.7135556534178562, 173.3042970052018177 ) ) ;
#1680 = CARTESIAN_POINT ( 'NONE',  ( 453.9216111262421123, 727.2876612974409909, 153.3689444312869341 ) ) ;
#1681 = DIRECTION ( 'NONE',  ( -2.869044131126252138E-21, -1.131538266383779192E-22, -1.000000000000000000 ) ) ;
#1682 = B_SPLINE_CURVE_WITH_KNOTS ( 'NONE', 3,
 ( #270, #1092, #75, #2489, #1895, #1492, #2264, #1078, #301, #1117, #717, #704, #2295, #1299, #2111, #4, #792, #2511 ),
 .UNSPECIFIED., .F., .F.,
 ( 4, 1, 1, 1, 1, 1, 1, 1, 1, 1, 1, 1, 1, 1, 1, 4 ),
 ( 6.303292774167370143E-15, 0.01529354927395685029, 0.03058709854790740354, 0.06117419709580859677, 0.09176129564370980041, 0.1223483941916109902, 0.1835225912874134946, 0.2446967883832154855, 0.3670451825748200503, 0.4282193796706225131, 0.4893935767664249759, 0.6117419709580299569, 0.6729161680538320311, 0.7340903651496339943, 0.8564387593412390309, 0.8742353033176399890 ),
 .UNSPECIFIED. ) ;
#1683 = CARTESIAN_POINT ( 'NONE',  ( 453.6397583769258404, 732.4641254428929642, 159.5497972079091085 ) ) ;
#1684 = CARTESIAN_POINT ( 'NONE',  ( 396.9248438904649561, 755.0140493055879460, 142.3977681879539148 ) ) ;
#1685 = CARTESIAN_POINT ( 'NONE',  ( 454.4169260334068099, 94.55758033534219464, 157.8421078499948749 ) ) ;
#1686 = CARTESIAN_POINT ( 'NONE',  ( 427.0324461455960545, 677.1046588516029487, 196.7963851154299562 ) ) ;
#1687 = CARTESIAN_POINT ( 'NONE',  ( 374.4163620999548812, 76.09369308170991530, 144.0608855704926157 ) ) ;
#1688 = ORIENTED_EDGE ( 'NONE', *, *, #769, .T. ) ;
#1689 = EDGE_CURVE ( 'NONE', #630, #1643, #874, .T. ) ;
#1690 = CARTESIAN_POINT ( 'NONE',  ( 379.6952603895882135, 744.4061087872729559, 140.4427827333022947 ) ) ;
#1691 = CARTESIAN_POINT ( 'NONE',  ( 456.5538436306629251, 101.1963223323362655, 172.3032320143027505 ) ) ;
#1692 = CARTESIAN_POINT ( 'NONE',  ( 408.0000000000000000, 407.9999999999999432, 60.20712268590816052 ) ) ;
#1693 = CARTESIAN_POINT ( 'NONE',  ( 451.4197878438901625, 731.3652458261667562, 150.3588784718659781 ) ) ;
#1694 = CARTESIAN_POINT ( 'NONE',  ( 698.3226908625043734, 408.0000000000000568, 177.1586916147690545 ) ) ;
#1695 = CARTESIAN_POINT ( 'NONE',  ( 376.3163690968823403, 74.45668901870591583, 153.4177607132288585 ) ) ;
#1696 = CARTESIAN_POINT ( 'NONE',  ( 450.7626508324763108, 736.8399063195189456, 156.3173716391905543 ) ) ;
#1697 = CARTESIAN_POINT ( 'NONE',  ( 387.1416992416727680, 158.5862218009339131, 197.3424521577526036 ) ) ;
#1698 = CARTESIAN_POINT ( 'NONE',  ( 457.9337635593812479, 115.8276537806737565, 172.2147680048636005 ) ) ;
#1699 = CARTESIAN_POINT ( 'NONE',  ( 435.7974437141247108, 749.3136966162599037, 146.8525149627061808 ) ) ;
#1700 = CARTESIAN_POINT ( 'NONE',  ( 427.0714644188053057, 677.1183813303055103, 196.7879462388805507 ) ) ;
#1701 = CARTESIAN_POINT ( 'NONE',  ( 387.3874532850648507, 67.59117881859525312, 137.2141410975553413 ) ) ;
#1702 = CARTESIAN_POINT ( 'NONE',  ( 432.7995642646506553, 750.8058807381712541, 145.6948469339865255 ) ) ;
#1703 = PRESENTATION_LAYER_ASSIGNMENT (  '', '', ( #2000 ) ) ;
#1704 = CARTESIAN_POINT ( 'NONE',  ( 5.551115123125782702E-14, 407.9999999999999432, -5.722564392896546220E-22 ) ) ;
#1705 = COLOUR_RGB ( '',1.000000000000000000, 1.000000000000000000, 1.000000000000000000 ) ;
#1706 = ORIENTED_EDGE ( 'NONE', *, *, #996, .F. ) ;
#1707 = CIRCLE ( 'NONE', #923, 404.1985237165444005 ) ;
#1708 = CARTESIAN_POINT ( 'NONE',  ( 387.1515481986643863, 747.7433918105857629, 137.8333502761049374 ) ) ;
#1709 = CARTESIAN_POINT ( 'NONE',  ( 454.3775547204855911, 94.45987810060623246, 167.7693672025303329 ) ) ;
#1710 = CARTESIAN_POINT ( 'NONE',  ( 451.4427021516250420, 690.6415884998295951, 178.7012436506771280 ) ) ;
#1711 = CARTESIAN_POINT ( 'NONE',  ( 301.0689163514215920, 194.1378327028427861, 236.6956189330487916 ) ) ;
#1712 = CARTESIAN_POINT ( 'NONE',  ( 383.8066331097737702, 69.37960372636604234, 149.5344112940319690 ) ) ;
#1713 = CARTESIAN_POINT ( 'NONE',  ( 457.9831516901626856, 714.6547412813783922, 172.2467283721665297 ) ) ;
#1714 = CARTESIAN_POINT ( 'NONE',  ( 358.0064955286900386, 716.4814531193568428, 170.9765819454230211 ) ) ;
#1715 = CARTESIAN_POINT ( 'NONE',  ( 454.3118775676059045, 94.29768128605908828, 157.6572131592477319 ) ) ;
#1716 = CARTESIAN_POINT ( 'NONE',  ( 369.5333258506154266, 81.16467627991417544, 147.9872782973779692 ) ) ;
#1717 = DIRECTION ( 'NONE',  ( -1.000000000000000000, 6.245004513516506772E-17, 2.943534393218535946E-21 ) ) ;
#1718 = ORIENTED_EDGE ( 'NONE', *, *, #965, .F. ) ;
#1719 = B_SPLINE_CURVE_WITH_KNOTS ( 'NONE', 3,
 ( #143, #881, #1728, #132, #479, #675, #491, #1104, #297, #714, #897, #117, #2064, #1686, #1296, #1700, #927, #1505, #2307, #520, #2130, #461, #1892, #103, #896, #599, #2145, #2173, #963, #1346, #1151, #1753, #169, #2, #1568, #2182, #1175, #2520, #2364, #751, #1371, #585, #2535, #2158, #183, #1583, #1765, #2547, #1162, #386, #372, #976, #1980, #1383, #763, #776, #193, #2377, #1356, #570, #989, #1779, #790, #154, #1544, #947, #2354, #1739, #2343, #557, #359, #1953, #1554, #1967, #1655, #1318, #2482, #114, #333, #892, #87, #1502, #1713, #2061, #1915, #1474, #128, #517, #860, #1128, #2275, #308, #488, #908, #1277, #1101, #2443, #292, #1888, #100, #2106, #1683, #2470, #1903, #2303, #1696, #924, #724, #1514, #69, #958, #1541, #1563, #566, #1343, #163, #674, #2292, #296, #1642, #509, #478, #311, #1464, #2247, #895, #1266, #1447, #1250, #2047, #1062, #863, #1428, #842, #1635, #1850, #417, #634, #1218, #1088, #848, #1856, #420, #2213, #1295, #911, #1699, #2306, #867, #1702, #74, #2085, #689, #1860, #1846, #1298, #314, #853, #2097, #2449, #2110, #522, #325, #677, #899, #1310, #716 ),
 .UNSPECIFIED., .F., .F.,
 ( 4, 2, 2, 2, 1, 1, 1, 1, 1, 2, 2, 2, 2, 2, 1, 1, 1, 1, 1, 1, 2, 2, 2, 2, 2, 1, 1, 1, 2, 2, 2, 2, 2, 1, 1, 1, 1, 1, 1, 2, 2, 2, 2, 2, 1, 1, 1, 1, 2, 2, 2, 2, 2, 1, 2, 2, 2, 2, 2, 1, 1, 1, 1, 1, 2, 2, 2, 2, 2, 1, 1, 1, 1, 1, 1, 2, 2, 2, 2, 2, 1, 1, 1, 1, 1, 2, 2, 2, 2, 2, 1, 1, 1, 1, 1, 1, 2, 2, 2, 2, 2, 1, 1, 1, 1, 2, 2, 2, 4 ),
 ( 0.000000000000000000, 0.06250000000236151376, 0.09375000000354227758, 0.1093750000041321530, 0.1171875000044274168, 0.1210937500045743270, 0.1230468750046476156, 0.1240234375046839893, 0.1245117187547017251, 0.1247558593797110926, 0.1250000000047204740, 0.1562500000059846017, 0.1718750000066171513, 0.1796875000069338424, 0.1835937500070922157, 0.1855468750071717354, 0.1865234375072118977, 0.1870117187572319095, 0.1872558593822419015, 0.1873779296947472861, 0.1874389648509999506, 0.1875000000072526429, 0.2187500000081048779, 0.2343750000085311203, 0.2421875000087444496, 0.2460937500088510865, 0.2480468750089039887, 0.2490234375089303842, 0.2495117187589443453, 0.2500000000089583341, 0.2812500000098107078, 0.2968750000102364783, 0.3046875000104491416, 0.3085937500105554454, 0.3105468750106088471, 0.3115234375106346598, 0.3120117187606473719, 0.3122558593856525344, 0.3123779296981548659, 0.3124389648544048659, 0.3125000000106548104, 0.3437500000101392228, 0.3593750000098808739, 0.3671875000097525876, 0.3710937500096891384, 0.3730468750096562758, 0.3740234375096406771, 0.3745117187596330721, 0.3747558593846289088, 0.3750000000096247454, 0.4375000000085009777, 0.4687500000079381501, 0.4843750000076559314, 0.4921875000075155437, 0.4960937500074453776, 0.5000000000073752116, 0.5625000000062509997, 0.5937500000056887828, 0.6093750000054067861, 0.6171875000052664539, 0.6210937500051963989, 0.6230468750051622040, 0.6240234375051439963, 0.6245117187551347815, 0.6247558593801310067, 0.6250000000051272320, 0.6562500000046774806, 0.6718750000044527715, 0.6796875000043399728, 0.6835937500042826853, 0.6855468750042549297, 0.6865234375042409409, 0.6870117187542339465, 0.6872558593792300607, 0.6873779296917289505, 0.6874389648479783954, 0.6875000000042278403, 0.7187500000033467673, 0.7343750000029058977, 0.7421875000026860736, 0.7460937500025764946, 0.7480468750025220936, 0.7490234375024940050, 0.7495117187524794611, 0.7497558593774726887, 0.7498779296899690250, 0.7500000000024652502, 0.7812500000016057156, 0.7968750000011753931, 0.8046875000009604539, 0.8085937500008529843, 0.8105468750007990275, 0.8115234375007729373, 0.8120117187507599477, 0.8122558593757543965, 0.8123779296882532863, 0.8124389648445019541, 0.8125000000007507328, 0.8437500000005662137, 0.8593750000004743983, 0.8671875000004289902, 0.8710937500004061196, 0.8730468750003952394, 0.8740234375003889111, 0.8745117187503859135, 0.8747558593753843592, 0.8750000000003828049, 0.9375000000001914024, 1.000000000000000000 ),
 .UNSPECIFIED. ) ;
#1720 = CARTESIAN_POINT ( 'NONE',  ( 372.6251933025861263, 739.7437656266605472, 144.0381285460831293 ) ) ;
#1721 = CARTESIAN_POINT ( 'NONE',  ( 457.3633220358455560, 121.0986731003047794, 184.9376323438782208 ) ) ;
#1722 = CARTESIAN_POINT ( 'NONE',  ( 454.2236079173521830, 695.4146761367775298, 175.5702471790765458 ) ) ;
#1723 = CARTESIAN_POINT ( 'NONE',  ( 262.7410888224529799, 407.9999999999999432, 230.1740895817305557 ) ) ;
#1724 = CARTESIAN_POINT ( 'NONE',  ( 371.5324984602464724, 78.93765920578897521, 156.7582403437176310 ) ) ;
#1725 = EDGE_CURVE ( 'NONE', #1434, #2450, #1973, .T. ) ;
#1726 = CARTESIAN_POINT ( 'NONE',  ( 361.0097478164669837, 701.6708464960818219, 181.0676189320481626 ) ) ;
#1727 = CARTESIAN_POINT ( 'NONE',  ( 444.4935004490872643, 78.96539921000814388, 146.2956794557271678 ) ) ;
#1728 = CARTESIAN_POINT ( 'NONE',  ( 414.2606468747464987, 674.1331706619665738, 198.6158776137741597 ) ) ;
#1729 = CARTESIAN_POINT ( 'NONE',  ( 366.9323999676875587, 84.62076995516444811, 150.5955665893766309 ) ) ;
#1730 = DIRECTION ( 'NONE',  ( 0.000000000000000000, -0.8191520442889899112, 0.5735764363510487129 ) ) ;
#1731 = ORIENTED_EDGE ( 'NONE', *, *, #2523, .F. ) ;
#1732 = CARTESIAN_POINT ( 'NONE',  ( 355.1738929538129810, 407.9999999999999432, 241.1422276371325495 ) ) ;
#1733 =( NAMED_UNIT ( * ) SI_UNIT ( $, .STERADIAN. ) SOLID_ANGLE_UNIT ( ) );
#1734 = CARTESIAN_POINT ( 'NONE',  ( 454.3465682730872572, 695.6653266408037553, 175.4044964139390288 ) ) ;
#1735 = CARTESIAN_POINT ( 'NONE',  ( 369.1026660081081445, 81.71861737388837810, 158.7945544030836800 ) ) ;
#1736 = UNCERTAINTY_MEASURE_WITH_UNIT (LENGTH_MEASURE( 1.000000000000000082E-05 ), #1478, 'distance_accuracy_value', 'NONE');
#1737 = CARTESIAN_POINT ( 'NONE',  ( 366.4425643992061623, 738.3546560478187075, 155.1882720080394620 ) ) ;
#1738 = CARTESIAN_POINT ( 'NONE',  ( 429.2471011927345899, 67.88287723386200412, 137.4549660242772120 ) ) ;
#1739 = CARTESIAN_POINT ( 'NONE',  ( 453.8144019322056693, 699.2231712486802735, 182.6907385221803963 ) ) ;
#1740 = CARTESIAN_POINT ( 'NONE',  ( 359.5478399817110358, 100.7891307411809976, 162.2050576468531631 ) ) ;
#1741 = DIRECTION ( 'NONE',  ( -2.869044131126252138E-21, -1.131538266383779192E-22, -1.000000000000000000 ) ) ;
#1742 = CIRCLE ( 'NONE', #542, 49.99999999999998579 ) ;
#1743 = ORIENTED_EDGE ( 'NONE', *, *, #1308, .F. ) ;
#1744 = CARTESIAN_POINT ( 'NONE',  ( 301.0689163514216489, 621.8621672971567023, 236.6956189330486779 ) ) ;
#1745 = AXIS2_PLACEMENT_3D ( 'NONE', #2310, #728, #884 ) ;
#1746 = CARTESIAN_POINT ( 'NONE',  ( 425.4765332188177922, 160.1280517442793609, 206.9228316362743954 ) ) ;
#1747 = CARTESIAN_POINT ( 'NONE',  ( 450.7872826464599711, 689.7142228658940439, 179.3035958775992924 ) ) ;
#1748 = CARTESIAN_POINT ( 'NONE',  ( 408.0000000000000000, 407.9999999999999432, 249.2880578929145656 ) ) ;
#1749 = CARTESIAN_POINT ( 'NONE',  ( 408.0000000000000000, 407.9999999999999432, 41.08393240782226030 ) ) ;
#1750 = CARTESIAN_POINT ( 'NONE',  ( 367.3545042010222232, 739.4112233182338514, 154.3973782245221003 ) ) ;
#1751 = CARTESIAN_POINT ( 'NONE',  ( 360.9612584807156281, 130.0963035014231650, 190.3141342701944723 ) ) ;
#1752 = CARTESIAN_POINT ( 'NONE',  ( 437.8191679717427292, 73.00891527169925155, 141.6163832344368814 ) ) ;
#1753 = CARTESIAN_POINT ( 'NONE',  ( 435.7261572962691503, 681.0456831048053346, 194.3568316615865967 ) ) ;
#1754 = CARTESIAN_POINT ( 'NONE',  ( 360.6474559224305381, 97.08546400228760831, 159.6280835853329449 ) ) ;
#1755 = DIRECTION ( 'NONE',  ( -2.869044131126252138E-21, -1.131538266383779192E-22, -1.000000000000000000 ) ) ;
#1756 = EDGE_LOOP ( 'NONE', ( #398, #327, #429, #1933, #1118 ) ) ;
#1757 = CARTESIAN_POINT ( 'NONE',  ( 262.7410888224528094, 698.5178223550938128, 230.1740895817303851 ) ) ;
#1758 = CARTESIAN_POINT ( 'NONE',  ( 408.0000000000000000, 163.1446980389444263, 208.4807531317885321 ) ) ;
#1759 = CARTESIAN_POINT ( 'NONE',  ( 449.6056129235304297, 688.1541614036405008, 180.3131436005130581 ) ) ;
#1760 =( NAMED_UNIT ( * ) SI_UNIT ( $, .STERADIAN. ) SOLID_ANGLE_UNIT ( ) );
#1761 = FILL_AREA_STYLE ('',( #816 ) ) ;
#1762 = CARTESIAN_POINT ( 'NONE',  ( 366.4740663904860867, 738.3923562022096121, 155.1601009764744674 ) ) ;
#1763 = CARTESIAN_POINT ( 'NONE',  ( 358.0060304312829658, 114.0183105725218269, 180.5646682562648948 ) ) ;
#1764 = CARTESIAN_POINT ( 'NONE',  ( 448.3320076763773727, 83.55236694215805926, 149.7966296811880511 ) ) ;
#1765 = CARTESIAN_POINT ( 'NONE',  ( 446.1818312280662440, 688.9067388227929314, 189.3958386413511334 ) ) ;
#1766 = CARTESIAN_POINT ( 'NONE',  ( 359.3624990100083778, 101.5489461930986295, 162.7274023821790649 ) ) ;
#1767 = PRESENTATION_STYLE_ASSIGNMENT (( #587 ) ) ;
#1768 = VERTEX_POINT ( 'NONE', #518 ) ;
#1769 = CARTESIAN_POINT ( 'NONE',  ( 407.9999999999896545, 63.14469803894445477, 133.4884944535348268 ) ) ;
#1770 = CARTESIAN_POINT ( 'NONE',  ( 431.7361711266602811, 157.1594183428216240, 205.3659226526387727 ) ) ;
#1771 = EDGE_CURVE ( 'NONE', #1213, #915, #438, .T. ) ;
#1772 = CARTESIAN_POINT ( 'NONE',  ( 420.7355170686950032, 670.5654046661629764, 191.3384950255099284 ) ) ;
#1773 = CARTESIAN_POINT ( 'NONE',  ( 380.3154372246972912, 676.3915872439254144, 187.7583929611435849 ) ) ;
#1774 = CARTESIAN_POINT ( 'NONE',  ( 417.1096697121705574, 63.97796129887972683, 145.2805801254923210 ) ) ;
#1775 = PRESENTATION_STYLE_ASSIGNMENT (( #1611 ) ) ;
#1776 = FACE_OUTER_BOUND ( 'NONE', #2490, .T. ) ;
#1777 = CARTESIAN_POINT ( 'NONE',  ( 368.7513558659441060, 144.1645672884098133, 198.3424450320612209 ) ) ;
#1778 = CARTESIAN_POINT ( 'NONE',  ( 792.1481187494479173, 407.9999999999999432, 83.12984389282236464 ) ) ;
#1779 = CARTESIAN_POINT ( 'NONE',  ( 450.5431390660576199, 693.9475501298763902, 186.1483826456430393 ) ) ;
#1780 = CARTESIAN_POINT ( 'NONE',  ( 358.0287050998895211, 111.4397646639343975, 169.3648851780297093 ) ) ;
#1781 = SURFACE_STYLE_FILL_AREA ( #940 ) ;
#1782 = ORIENTED_EDGE ( 'NONE', *, *, #658, .T. ) ;
#1783 = CARTESIAN_POINT ( 'NONE',  ( 446.0523746086741426, 145.5838002948437406, 199.1258983820340802 ) ) ;
#1784 = AXIS2_PLACEMENT_3D ( 'NONE', #2019, #2553, #426 ) ;
#1785 = AXIS2_PLACEMENT_3D ( 'NONE', #2309, #1907, #1490 ) ;
#1786 = CARTESIAN_POINT ( 'NONE',  ( 374.4786494341209959, 680.2429487897812805, 185.3533103893979330 ) ) ;
#1787 = DIRECTION ( 'NONE',  ( -2.869044131126252138E-21, -1.131538266383779192E-22, -1.000000000000000000 ) ) ;
#1788 = PRESENTATION_LAYER_ASSIGNMENT (  '', '', ( #500 ) ) ;
#1789 = CIRCLE ( 'NONE', #1286, 396.8067599218979353 ) ;
#1790 = CARTESIAN_POINT ( 'NONE',  ( 408.0000000000000000, 407.9999999999999432, 41.08393240782226030 ) ) ;
#1791 = CARTESIAN_POINT ( 'NONE',  ( 369.2630371375694835, 689.4954906994340718, 189.0182559207807742 ) ) ;
#1792 = AXIS2_PLACEMENT_3D ( 'NONE', #326, #1717, #2279 ) ;
#1793 = CARTESIAN_POINT ( 'NONE',  ( 371.8893345974899489, 147.7330309072830801, 200.3063543597372416 ) ) ;
#1794 = CARTESIAN_POINT ( 'NONE',  ( 591.1854607592764523, 407.9999999999999432, 221.8479540277530759 ) ) ;
#1795 = CARTESIAN_POINT ( 'NONE',  ( 359.7883528665319659, 126.4198666856322433, 178.8698489369744209 ) ) ;
#1796 = DIRECTION ( 'NONE',  ( 0.000000000000000000, 1.000000000000000000, 0.000000000000000000 ) ) ;
#1797 = ORIENTED_EDGE ( 'NONE', *, *, #769, .F. ) ;
#1798 = DIRECTION ( 'NONE',  ( -2.869044131126252138E-21, -1.131538266383779192E-22, -1.000000000000000000 ) ) ;
#1799 = CARTESIAN_POINT ( 'NONE',  ( 367.8356882249096316, 686.4232929221723225, 181.4270068627212993 ) ) ;
#1800 = PRESENTATION_STYLE_ASSIGNMENT (( #1378 ) ) ;
#1801 = FACE_OUTER_BOUND ( 'NONE', #2550, .T. ) ;
#1802 = CARTESIAN_POINT ( 'NONE',  ( 372.5231610428432418, 686.4494682180450127, 190.9598023081403255 ) ) ;
#1803 = CARTESIAN_POINT ( 'NONE',  ( 358.2413987886557720, 118.2840312301744063, 183.2171907955189454 ) ) ;
#1804 = CARTESIAN_POINT ( 'NONE',  ( 514.9310836485783511, 407.9999999999999432, 236.6956189330485643 ) ) ;
#1805 = ADVANCED_FACE ( 'NONE', ( #1194, #1776 ), #616, .F. ) ;
#1806 = CARTESIAN_POINT ( 'NONE',  ( 359.9960987604627576, 127.1514371575750459, 179.3182896868707417 ) ) ;
#1807 = CARTESIAN_POINT ( 'NONE',  ( 450.9829632426150852, 138.6881839578909421, 186.2090974465178590 ) ) ;
#1808 = CARTESIAN_POINT ( 'NONE',  ( 432.7815841003224477, 746.1576227670350363, 139.0772765110968123 ) ) ;
#1809 = FACE_OUTER_BOUND ( 'NONE', #464, .T. ) ;
#1810 = CARTESIAN_POINT ( 'NONE',  ( 327.2854274964342949, 407.9999999999999432, 247.8193113324500416 ) ) ;
#1811 = CARTESIAN_POINT ( 'NONE',  ( 388.8614166343299416, 672.5063494143417984, 190.1528979200481047 ) ) ;
#1812 = CARTESIAN_POINT ( 'NONE',  ( 450.1266601192010626, 86.21238851071601061, 162.0226346677467006 ) ) ;
#1813 = CARTESIAN_POINT ( 'NONE',  ( 380.1404376822257518, 681.1214990906042885, 194.3095864839561671 ) ) ;
#1814 = CARTESIAN_POINT ( 'NONE',  ( 361.6606010614026445, 94.36545063656804189, 167.7048289761718536 ) ) ;
#1815 = CARTESIAN_POINT ( 'NONE',  ( 370.7344588269787096, 146.4805590341015034, 190.6791288372397446 ) ) ;
#1816 = CARTESIAN_POINT ( 'NONE',  ( 453.9263040564380276, 132.9292287529429188, 182.8115123090255167 ) ) ;
#1817 = CARTESIAN_POINT ( 'NONE',  ( 426.9463091993414423, 748.3915514564345131, 137.3229168198666059 ) ) ;
#1818 = CARTESIAN_POINT ( 'NONE',  ( 427.1976350969463851, 672.5272933648503795, 190.1400765097077397 ) ) ;
#1819 =( NAMED_UNIT ( * ) SI_UNIT ( $, .STERADIAN. ) SOLID_ANGLE_UNIT ( ) );
#1820 = CARTESIAN_POINT ( 'NONE',  ( 457.9999999999999432, 407.9999999999999432, 249.2880578929145656 ) ) ;
#1821 = CARTESIAN_POINT ( 'NONE',  ( 381.7161650773676911, 675.6250899402415371, 188.2334317024027825 ) ) ;
#1822 = CARTESIAN_POINT ( 'NONE',  ( 450.2110135716840205, 86.34487758877718022, 162.1167516221901508 ) ) ;
#1823 = AXIS2_PLACEMENT_3D ( 'NONE', #258, #233, #244 ) ;
#1824 = CARTESIAN_POINT ( 'NONE',  ( 42.43161226076064452, 1139.136775478478967, 110.7902665383980860 ) ) ;
#1825 = CARTESIAN_POINT ( 'NONE',  ( 379.1608345617792111, 681.6934830779009644, 193.9529034988488547 ) ) ;
#1826 = AXIS2_PLACEMENT_3D ( 'NONE', #1790, #1382, #2437 ) ;
#1827 = CARTESIAN_POINT ( 'NONE',  ( 360.1499638642905552, 98.64042126658449661, 170.5986928001646561 ) ) ;
#1828 = AXIS2_PLACEMENT_3D ( 'NONE', #381, #1787, #2169 ) ;
#1829 = CIRCLE ( 'NONE', #2202, 407.9999999999999432 ) ;
#1830 = CARTESIAN_POINT ( 'NONE',  ( 360.9141680068577784, 129.9650603739579822, 181.0295886721897318 ) ) ;
#1831 = CARTESIAN_POINT ( 'NONE',  ( 455.0917259506639425, 129.9485521074093413, 181.0196048845265864 ) ) ;
#1832 = CARTESIAN_POINT ( 'NONE',  ( 427.0338286954946625, 748.3632527645489745, 137.3452207992375520 ) ) ;
#1833 = SURFACE_STYLE_FILL_AREA ( #1425 ) ;
#1834 = CARTESIAN_POINT ( 'NONE',  ( 361.8184069189889556, 695.3299187179935643, 175.6262678864174518 ) ) ;
#1835 = CARTESIAN_POINT ( 'NONE',  ( 418.4607314724383400, 64.25115403422439897, 145.4987194051473125 ) ) ;
#1836 = CARTESIAN_POINT ( 'NONE',  ( 442.5137314237528017, 740.4133773350393994, 143.5253910528026893 ) ) ;
#1837 = CARTESIAN_POINT ( 'NONE',  ( 801.9452750953898885, 407.9999999999999432, 63.84634643007945698 ) ) ;
#1838 = CARTESIAN_POINT ( 'NONE',  ( 18.18593437220951614, -371.6281312555822751, 72.56105059050658213 ) ) ;
#1839 = CARTESIAN_POINT ( 'NONE',  ( 358.4269459384484549, 106.5676346813619659, 175.8193141425977046 ) ) ;
#1840 = EDGE_CURVE ( 'NONE', #1531, #630, #1742, .T. ) ;
#1841 = CARTESIAN_POINT ( 'NONE',  ( 400.8696654936120467, 162.7630855921096895, 199.5640122153800746 ) ) ;
#1842 = CARTESIAN_POINT ( 'NONE',  ( 454.3878368727253587, 131.8083486795295585, 182.1400627118936768 ) ) ;
#1843 = ORIENTED_EDGE ( 'NONE', *, *, #10, .F. ) ;
#1844 = PRESENTATION_STYLE_ASSIGNMENT (( #2211 ) ) ;
#1845 = CARTESIAN_POINT ( 'NONE',  ( 783.5413644694773438, 1159.082728938954915, 129.4381679179745674 ) ) ;
#1846 = CARTESIAN_POINT ( 'NONE',  ( 428.0056081070147229, 752.6814870001895770, 144.2301326215973631 ) ) ;
#1847 = CARTESIAN_POINT ( 'NONE',  ( 488.7145725035656483, 408.0000000000000000, 247.8193113324500416 ) ) ;
#1848 = CARTESIAN_POINT ( 'NONE',  ( 365.2460033734084277, 732.2320996994518509, 149.7118661955489074 ) ) ;
#1849 = CARTESIAN_POINT ( 'NONE',  ( 424.4743594561996929, 65.92863889125406729, 146.8320138453123604 ) ) ;
#1850 = CARTESIAN_POINT ( 'NONE',  ( 437.6647090954007240, 748.2791670195746292, 147.6528165919891933 ) ) ;
#1851 = EDGE_CURVE ( 'NONE', #779, #1187, #1653, .T. ) ;
#1852 = CARTESIAN_POINT ( 'NONE',  ( 449.4177565415229765, 733.9002071049482083, 148.4642989401734496 ) ) ;
#1853 = CARTESIAN_POINT ( 'NONE',  ( 18.18593437221005615, 407.9999999999999432, 72.56105059050645423 ) ) ;
#1854 = CARTESIAN_POINT ( 'NONE',  ( 57.89712039604355454, 407.9999999999998863, 128.8777237091986478 ) ) ;
#1855 = CARTESIAN_POINT ( 'NONE',  ( 359.8528863652187511, 99.65606894479718392, 171.2782821360697483 ) ) ;
#1856 = CARTESIAN_POINT ( 'NONE',  ( 435.8786068215425189, 749.2706491365116790, 146.8858485879432578 ) ) ;
#1857 = CARTESIAN_POINT ( 'NONE',  ( 375.7882423201570532, 746.6928184918612033, 148.8741541967314106 ) ) ;
#1858 = CARTESIAN_POINT ( 'NONE',  ( 457.9835058281198030, 111.8603929544450324, 169.6405137437700716 ) ) ;
#1859 = CARTESIAN_POINT ( 'NONE',  ( 380.4323571164966893, 71.42890910328725340, 140.3477118224489004 ) ) ;
#1860 = CARTESIAN_POINT ( 'NONE',  ( 428.5209055860207172, 752.5022876120265209, 144.3704507831905630 ) ) ;
#1861 = SURFACE_STYLE_USAGE ( .BOTH. , #1519 ) ;
#1862 = CARTESIAN_POINT ( 'NONE',  ( 364.1801207291943001, 730.7593422300360544, 150.8077301987576391 ) ) ;
#1863 = CARTESIAN_POINT ( 'NONE',  ( 428.4837174523248677, 67.53309124188703549, 148.0942791567727852 ) ) ;
#1864 = CARTESIAN_POINT ( 'NONE',  ( 408.0000000000000000, 163.1446980389444263, 199.7654000959580571 ) ) ;
#1865 = CARTESIAN_POINT ( 'NONE',  ( 436.5374784310245673, 744.2870715670679829, 140.5354436188396221 ) ) ;
#1866 =( NAMED_UNIT ( * ) PLANE_ANGLE_UNIT ( ) SI_UNIT ( $, .RADIAN. ) );
#1867 = CARTESIAN_POINT ( 'NONE',  ( 12.12061965579303013, 407.9999999999998863, 59.38781077278435561 ) ) ;
#1868 = CARTESIAN_POINT ( 'NONE',  ( 360.1238841439486578, 98.72669111512975348, 170.6565173553990462 ) ) ;
#1869 = COLOUR_RGB ( '',1.000000000000000000, 1.000000000000000000, 1.000000000000000000 ) ;
#1870 = MECHANICAL_DESIGN_GEOMETRIC_PRESENTATION_REPRESENTATION (  '', ( #500 ), #869 ) ;
#1871 = CARTESIAN_POINT ( 'NONE',  ( 408.0000000000000000, 163.1446980389444263, 199.7654000959580571 ) ) ;
#1872 =( GEOMETRIC_REPRESENTATION_CONTEXT ( 3 ) GLOBAL_UNCERTAINTY_ASSIGNED_CONTEXT ( ( #957 ) ) GLOBAL_UNIT_ASSIGNED_CONTEXT ( ( #28, #2233, #428 ) ) REPRESENTATION_CONTEXT ( 'NONE', 'WORKASPACE' ) );
#1873 = CARTESIAN_POINT ( 'NONE',  ( 456.9415093627228543, 102.9109951498655136, 163.6595356846913774 ) ) ;
#1874 = AXIS2_PLACEMENT_3D ( 'NONE', #649, #1004, #1796 ) ;
#1875 = DIRECTION ( 'NONE',  ( -2.220446049250313870E-15, 1.000000000000000000, 0.000000000000000000 ) ) ;
#1876 = CARTESIAN_POINT ( 'NONE',  ( 400.9100275246144065, 162.7674530153982744, 208.2863073579752324 ) ) ;
#1877 = COLOUR_RGB ( '',1.000000000000000000, 1.000000000000000000, 1.000000000000000000 ) ;
#1878 =( LENGTH_UNIT ( ) NAMED_UNIT ( * ) SI_UNIT ( .MILLI., .METRE. ) );
#1879 = ORIENTED_EDGE ( 'NONE', *, *, #229, .F. ) ;
#1880 = CARTESIAN_POINT ( 'NONE',  ( 358.3712060328168150, 706.0193860807660258, 168.4387337779937752 ) ) ;
#1881 = CARTESIAN_POINT ( 'NONE',  ( 456.1523712145418017, 126.6333258756572349, 188.2684759976913824 ) ) ;
#1882 = PRODUCT_DEFINITION_CONTEXT ( 'detailed design', #1518, 'design' ) ;
#1883 = CARTESIAN_POINT ( 'NONE',  ( 0.000000000000000000, 0.000000000000000000, 0.000000000000000000 ) ) ;
#1884 = CARTESIAN_POINT ( 'NONE',  ( 457.8484826405094168, 714.4459291912330627, 162.5924015899056201 ) ) ;
#1885 = CARTESIAN_POINT ( 'NONE',  ( 57.89712039604405192, 1108.205759207912479, 128.8777237091987899 ) ) ;
#1886 = CARTESIAN_POINT ( 'NONE',  ( 57.89712039604398086, -292.2057592079137862, 128.8777237091988468 ) ) ;
#1887 = CARTESIAN_POINT ( 'NONE',  ( 408.0000000000000000, 407.9999999999999432, -1.201534288872777363E-18 ) ) ;
#1888 = CARTESIAN_POINT ( 'NONE',  ( 454.2314247232209823, 731.3075694917270084, 160.3948275130022978 ) ) ;
#1889 = CARTESIAN_POINT ( 'NONE',  ( 369.9764975195380430, 742.1199348469555162, 152.3585902815907787 ) ) ;
#1890 = CARTESIAN_POINT ( 'NONE',  ( 455.9463866702451469, 98.96163722693182763, 160.9388695774065923 ) ) ;
#1891 = EDGE_CURVE ( 'NONE', #2161, #1269, #819, .T. ) ;
#1892 = CARTESIAN_POINT ( 'NONE',  ( 434.7979491677932060, 680.5318929498130274, 194.6767229590923307 ) ) ;
#1893 = CARTESIAN_POINT ( 'NONE',  ( 407.9999999999896545, 63.14469803894445477, 133.4884944535348268 ) ) ;
#1894 = CARTESIAN_POINT ( 'NONE',  ( 395.6882855533807515, 161.6379250678155017, 207.7029700365351346 ) ) ;
#1895 = CARTESIAN_POINT ( 'NONE',  ( 23.85188125055204367, 407.9999999999999432, 83.12984389282236464 ) ) ;
#1896 = ORIENTED_EDGE ( 'NONE', *, *, #504, .F. ) ;
#1897 = CARTESIAN_POINT ( 'NONE',  ( 385.3842813073559910, 747.0762341243994342, 138.3576424832670853 ) ) ;
#1898 = CARTESIAN_POINT ( 'NONE',  ( 457.9893179305650506, 112.1112101293016252, 179.3644578187887078 ) ) ;
#1899 = CARTESIAN_POINT ( 'NONE',  ( 556.0797268656418737, 407.9999999999999432, 240.3062672616385385 ) ) ;
#1900 = CARTESIAN_POINT ( 'NONE',  ( 449.5612653527178963, 733.7292434622124802, 148.5924800400269419 ) ) ;
#1901 = CARTESIAN_POINT ( 'NONE',  ( 804.8067599218979922, 408.0000000000001137, 57.14741224141265263 ) ) ;
#1902 = CARTESIAN_POINT ( 'NONE',  ( 371.1115742514141971, 79.39115635914005509, 157.0921785585821056 ) ) ;
#1903 = CARTESIAN_POINT ( 'NONE',  ( 451.8289697004181562, 735.3638967351317888, 157.4125114842973687 ) ) ;
#1904 = CARTESIAN_POINT ( 'NONE',  ( 380.2679923234447870, 749.3482821457828322, 146.8257324663600514 ) ) ;
#1905 = CARTESIAN_POINT ( 'NONE',  ( 457.3787666362476330, 121.0020853185104528, 175.5039207104734373 ) ) ;
#1906 = CARTESIAN_POINT ( 'NONE',  ( 385.8673824413895659, 68.28101390468225418, 137.7839551728847027 ) ) ;
#1907 = DIRECTION ( 'NONE',  ( -2.869044131126252138E-21, -1.131538266383779192E-22, -1.000000000000000000 ) ) ;
#1908 = PRESENTATION_STYLE_ASSIGNMENT (( #1861 ) ) ;
#1909 = ORIENTED_EDGE ( 'NONE', *, *, #1110, .F. ) ;
#1910 = CARTESIAN_POINT ( 'NONE',  ( 378.3372167413411944, 743.6459601294967570, 141.0334623824659275 ) ) ;
#1911 = CARTESIAN_POINT ( 'NONE',  ( 455.0226885985444483, 130.1407825041521562, 190.3402286591524728 ) ) ;
#1912 = CARTESIAN_POINT ( 'NONE',  ( 432.8606613003375401, 674.8790643530663829, 188.6950176183857479 ) ) ;
#1913 = CARTESIAN_POINT ( 'NONE',  ( 457.9999999999999432, 407.9999999999999432, 241.2788935075005554 ) ) ;
#1914 = CARTESIAN_POINT ( 'NONE',  ( 369.5859714009504842, 81.13031967837201819, 158.3662420391291334 ) ) ;
#1915 = CARTESIAN_POINT ( 'NONE',  ( 457.9985404518176324, 715.4494881611224173, 171.6949655516366136 ) ) ;
#1916 = CARTESIAN_POINT ( 'NONE',  ( 366.4556665082661766, 738.3703457706253630, 155.1765484500127457 ) ) ;
#1917 = CARTESIAN_POINT ( 'NONE',  ( 456.4314157956219447, 100.6965351778747078, 162.1416679040272584 ) ) ;
#1918 = AXIS2_PLACEMENT_3D ( 'NONE', #188, #450, #982 ) ;
#1919 = CARTESIAN_POINT ( 'NONE',  ( 371.4933413358183998, 78.97945256491516375, 146.3065317796914542 ) ) ;
#1920 = CARTESIAN_POINT ( 'NONE',  ( 358.9950111987355967, 123.0779539399285341, 186.1373732184627556 ) ) ;
#1921 = SURFACE_STYLE_FILL_AREA ( #134 ) ;
#1922 =( GEOMETRIC_REPRESENTATION_CONTEXT ( 3 ) GLOBAL_UNCERTAINTY_ASSIGNED_CONTEXT ( ( #565 ) ) GLOBAL_UNIT_ASSIGNED_CONTEXT ( ( #1878, #1664, #282 ) ) REPRESENTATION_CONTEXT ( 'NONE', 'WORKASPACE' ) );
#1923 = ORIENTED_EDGE ( 'NONE', *, *, #1771, .F. ) ;
#1924 = CARTESIAN_POINT ( 'NONE',  ( 370.9312464171022157, 738.3290024473217272, 145.1177167998755237 ) ) ;
#1925 = CARTESIAN_POINT ( 'NONE',  ( 456.9467972276199248, 102.9359521032601066, 173.4505452732347237 ) ) ;
#1926 = CARTESIAN_POINT ( 'NONE',  ( 436.8365321908356123, 677.0621949845749441, 187.3419726135533665 ) ) ;
#1927 = SURFACE_SIDE_STYLE ('',( #733 ) ) ;
#1928 = CARTESIAN_POINT ( 'NONE',  ( 387.3973797079191286, 67.58667836929292605, 148.1362598116420486 ) ) ;
#1929 = CARTESIAN_POINT ( 'NONE',  ( 366.7387562873391857, 738.7060012193704779, 154.9256018404321082 ) ) ;
#1930 = CARTESIAN_POINT ( 'NONE',  ( 451.0415469898470633, 87.69769589342395477, 152.8799398147242528 ) ) ;
#1931 = CARTESIAN_POINT ( 'NONE',  ( 361.6638237436329746, 94.35749276441934796, 157.6997800807615420 ) ) ;
#1932 = CARTESIAN_POINT ( 'NONE',  ( 408.0000000000000000, 407.9999999999999432, 41.08393240782226030 ) ) ;
#1933 = ORIENTED_EDGE ( 'NONE', *, *, #965, .T. ) ;
#1934 = CARTESIAN_POINT ( 'NONE',  ( 358.0000000000000000, 407.9999999999999432, 249.2880578929145656 ) ) ;
#1935 = CARTESIAN_POINT ( 'NONE',  ( 375.8241982850541945, 742.1027018218542253, 142.2278083330796221 ) ) ;
#1936 = PRESENTATION_STYLE_ASSIGNMENT (( #1559 ) ) ;
#1937 = CARTESIAN_POINT ( 'NONE',  ( 443.5515887257487293, 681.8889522254152098, 184.3153881853613427 ) ) ;
#1938 = SURFACE_STYLE_USAGE ( .BOTH. , #515 ) ;
#1939 = CARTESIAN_POINT ( 'NONE',  ( 385.6375983697017773, 68.42230410438781973, 148.7895208877382061 ) ) ;
#1940 = CARTESIAN_POINT ( 'NONE',  ( 363.4346864447645657, 734.2438492424473679, 158.2399308696778348 ) ) ;
#1941 = CARTESIAN_POINT ( 'NONE',  ( 429.8890747133341961, 68.18740844735350493, 137.7060337914279842 ) ) ;
#1942 = CARTESIAN_POINT ( 'NONE',  ( 360.1462912251424200, 98.65254294363505494, 160.7235558602593528 ) ) ;
#1943 = PRESENTATION_STYLE_ASSIGNMENT (( #195 ) ) ;
#1944 = ORIENTED_EDGE ( 'NONE', *, *, #37, .F. ) ;
#1945 = CARTESIAN_POINT ( 'NONE',  ( 457.9999999999999432, 407.9999999999999432, 241.2788935075005554 ) ) ;
#1946 = CARTESIAN_POINT ( 'NONE',  ( 450.9375424247289175, 138.7643785475815719, 195.3126670967441214 ) ) ;
#1947 = CARTESIAN_POINT ( 'NONE',  ( 449.6180961726699934, 688.1699149120559014, 180.3029748577636155 ) ) ;
#1948 = FILL_AREA_STYLE ('',( #2495 ) ) ;
#1949 = DIRECTION ( 'NONE',  ( 0.000000000000000000, 1.000000000000000000, -8.922440622770907977E-23 ) ) ;
#1950 = UNCERTAINTY_MEASURE_WITH_UNIT (LENGTH_MEASURE( 1.000000000000000082E-05 ), #1999, 'distance_accuracy_value', 'NONE');
#1951 = CARTESIAN_POINT ( 'NONE',  ( 366.4411918121624012, 738.3530120237913934, 155.1895004281600734 ) ) ;
#1952 = CARTESIAN_POINT ( 'NONE',  ( 426.9794509001813481, 66.85256422241329233, 136.6039285731775124 ) ) ;
#1953 = CARTESIAN_POINT ( 'NONE',  ( 454.1479844199736249, 699.8757247500269614, 182.2592417968686220 ) ) ;
#1954 = CARTESIAN_POINT ( 'NONE',  ( 361.4039957618239214, 94.99999939118706038, 158.1568695772909905 ) ) ;
#1955 = DIRECTION ( 'NONE',  ( 0.000000000000000000, 1.000000000000000000, -8.922440622770905626E-23 ) ) ;
#1956 = ORIENTED_EDGE ( 'NONE', *, *, #151, .T. ) ;
#1957 = CARTESIAN_POINT ( 'NONE',  ( 327.2854274964342949, 407.9999999999999432, 247.8193113324500416 ) ) ;
#1958 = PRESENTATION_LAYER_ASSIGNMENT (  '', '', ( #7 ) ) ;
#1959 = CARTESIAN_POINT ( 'NONE',  ( 429.4015338132774673, 158.3337493809767693, 205.9832813302058696 ) ) ;
#1960 = MECHANICAL_DESIGN_GEOMETRIC_PRESENTATION_REPRESENTATION (  '', ( #2525 ), #1368 ) ;
#1961 = CARTESIAN_POINT ( 'NONE',  ( 440.4617387300392011, 679.4271291468852496, 185.8664319926122062 ) ) ;
#1962 = CARTESIAN_POINT ( 'NONE',  ( 332.9258602861434042, 407.9999999999999432, 239.9346279839265605 ) ) ;
#1963 = SURFACE_SIDE_STYLE ('',( #564 ) ) ;
#1964 = CARTESIAN_POINT ( 'NONE',  ( 361.7545853944258170, 700.0719893007985775, 182.1292901986409163 ) ) ;
#1965 = CARTESIAN_POINT ( 'NONE',  ( 358.6421941881126259, 121.1326446109848689, 184.9583038581247365 ) ) ;
#1966 = CARTESIAN_POINT ( 'NONE',  ( 444.7019046976099048, 79.18907718966519838, 146.4683301391884243 ) ) ;
#1967 = CARTESIAN_POINT ( 'NONE',  ( 454.1701104739826746, 699.9200705818461756, 182.2298859937602344 ) ) ;
#1968 = CARTESIAN_POINT ( 'NONE',  ( 365.7971420977786465, 86.33203663946738970, 151.8701883426356574 ) ) ;
#1969 = ADVANCED_FACE ( 'NONE', ( #354 ), #2542, .F. ) ;
#1970 = CARTESIAN_POINT ( 'NONE',  ( 407.9999999999999432, -146.1032712986379920, -1059.476356816084035 ) ) ;
#1971 = ORIENTED_EDGE ( 'NONE', *, *, #1190, .F. ) ;
#1972 = CARTESIAN_POINT ( 'NONE',  ( 355.1738929538130378, 513.6522140923738107, 241.1422276371322937 ) ) ;
#1973 = B_SPLINE_CURVE_WITH_KNOTS ( 'NONE', 3,
 ( #1893, #676, #1489, #280, #299, #1253, #2050, #73, #91, #118, #898, #1063, #104, #1675, #1105, #1076, #480, #2460, #2262, #2278, #882, #688, #2448, #1701, #313, #521, #1906, #2294, #2500, #2487, #1859, #510, #866, #912, #2065, #2109, #1267, #1477, #492, #2084, #928, #1687, #715, #1661, #1280, #1506, #2473, #702, #1309, #324, #1115, #1919, #133, #1716, #1451, #2250, #1729, #1981, #2331, #586, #1528, #1545, #2344, #387, #1176, #1968, #155, #2321, #1140, #1357, #348, #1131, #548, #764, #532, #1372, #1517, #1931, #1347, #1334, #1555, #1954, #558, #1321, #1754, #939, #2522, #2146, #738, #2510, #2136, #990, #777, #1942, #2365, #144, #948, #2159, #2174, #1740, #1766, #2123, #571, #360, #337, #752, #184, #1152, #374, #2548, #171, #1163, #964, #2355, #194, #1569, #2536, #977, #1780, #727, #1421, #1395, #1594, #1013, #15, #810, #1199, #1627, #2033, #2208, #218, #396, #2025, #834, #626, #2416, #1231, #2194, #241, #613, #1584, #648, #1795, #1806, #801, #1409, #255, #2407, #423, #2016, #638, #24, #1830, #1432, #2217, #206, #407, #1047, #2228, #3, #791, #435, #1003, #2378, #2387, #447, #2006, #230, #1211, #1603, #600, #1033, #47, #1384, #2183, #2397, #1185, #1023, #1815, #33, #820, #1991, #1616, #1223, #2079, #1486, #115, #57, #489, #2107, #909, #1102, #1697, #2484, #322, #1841, #2045, #1871 ),
 .UNSPECIFIED., .F., .F.,
 ( 4, 2, 2, 1, 1, 1, 1, 2, 2, 2, 2, 1, 1, 1, 1, 1, 2, 2, 2, 2, 1, 1, 1, 1, 1, 2, 2, 2, 2, 1, 1, 1, 1, 1, 2, 2, 2, 2, 1, 1, 1, 1, 1, 1, 2, 2, 2, 2, 2, 1, 1, 1, 1, 1, 2, 2, 2, 2, 1, 1, 1, 1, 1, 1, 1, 2, 2, 2, 2, 2, 1, 1, 1, 1, 1, 2, 2, 2, 2, 2, 1, 1, 1, 1, 1, 1, 2, 2, 2, 2, 1, 1, 1, 1, 1, 2, 2, 2, 2, 1, 1, 1, 1, 1, 2, 2, 2, 2, 1, 1, 1, 1, 1, 2, 2, 2, 2, 1, 1, 1, 1, 1, 2, 2, 2, 2, 2, 1, 1, 1, 1, 2, 2, 2, 4 ),
 ( 0.000000000000000000, 0.03124999999975501541, 0.04687499999963300884, 0.05468749999957246699, 0.05859374999954223423, 0.06054687499952660784, 0.06152343749951839913, 0.06201171874951432600, 0.06249999999951023899, 0.09374999999927162431, 0.1093749999991524141, 0.1171874999990928784, 0.1210937499990632354, 0.1230468749990487609, 0.1240234374990410587, 0.1245117187490376309, 0.1247558593740356325, 0.1249999999990336341, 0.1562499999987725374, 0.1718749999986418919, 0.1796874999985763333, 0.1835937499985435817, 0.1855468749985272059, 0.1865234374985190458, 0.1870117187485149657, 0.1872558593735132448, 0.1874999999985115240, 0.2187499999982495946, 0.2343749999981185328, 0.2421874999980535015, 0.2460937499980213605, 0.2480468749980055954, 0.2490234374979976573, 0.2495117187479936882, 0.2497558593729916343, 0.2499999999979895804, 0.2812499999977445819, 0.2968749999976222909, 0.3046874999975611731, 0.3085937499975306975, 0.3105468749975154319, 0.3115234374975080489, 0.3120117187475041631, 0.3122558593725025533, 0.3123779296850019427, 0.3124999999975013321, 0.3437499999972989384, 0.3593749999971976306, 0.3671874999971468934, 0.3710937499971215803, 0.3730468749971090348, 0.3740234374971028175, 0.3745117187470999309, 0.3747558593720985431, 0.3748779296845978215, 0.3749999999970970999, 0.3906249999969970688, 0.3984374999969472197, 0.4023437499969225173, 0.4042968749969103603, 0.4052734374969042541, 0.4057617187469012010, 0.4060058593718996467, 0.4061279296843988695, 0.4061889648406486475, 0.4062194824187737030, 0.4062499999968987585, 0.4218749999968454123, 0.4296874999968188225, 0.4335937499968053332, 0.4355468749967986719, 0.4365234374967953412, 0.4370117187467937869, 0.4372558593717930653, 0.4373779296842926212, 0.4374389648405423991, 0.4374999999967921771, 0.4687499999967564279, 0.4843749999967385533, 0.4921874999967298381, 0.4960937499967255637, 0.4980468749967232878, 0.4990234374967218445, 0.4995117187467211228, 0.4997558593717205677, 0.4998779296842203457, 0.4999389648404704012, 0.4999999999967204012, 0.5312499999968748332, 0.5468749999969519937, 0.5546874999969906295, 0.5585937499970102804, 0.5605468749970201614, 0.5615234374970249354, 0.5620117187470273779, 0.5622558593720288211, 0.5624999999970302644, 0.5937499999972097875, 0.6093749999972993825, 0.6171874999973443465, 0.6210937499973668841, 0.6230468749973783193, 0.6240234374973840925, 0.6245117187473868681, 0.6247558593723886444, 0.6249999999973903098, 0.6562499999976004750, 0.6718749999977053911, 0.6796874999977575715, 0.6835937499977836618, 0.6855468749977969845, 0.6865234374978034237, 0.6870117187478067544, 0.6872558593728085308, 0.6874999999978104182, 0.7187499999980222487, 0.7343749999981278309, 0.7421874999981810106, 0.7460937499982075449, 0.7480468749982209786, 0.7490234374982278620, 0.7495117187482309706, 0.7497558593732325249, 0.7499999999982340793, 0.8124999999986437516, 0.8437499999988489208, 0.8593749999989512833, 0.8671874999990017985, 0.8710937499990270005, 0.8730468749990399902, 0.8740234374990467625, 0.8745117187490500932, 0.8749999999990533128, 0.9374999999995267119, 1.000000000000000000 ),
 .UNSPECIFIED. ) ;
#1974 = FILL_AREA_STYLE ('',( #2167 ) ) ;
#1975 = CARTESIAN_POINT ( 'NONE',  ( 404.9056460960831032, 669.2469347514735318, 192.1367545322037529 ) ) ;
#1976 = CARTESIAN_POINT ( 'NONE',  ( 414.2277996747494058, 63.52600307317408834, 144.9190472840267319 ) ) ;
#1977 = CARTESIAN_POINT ( 'NONE',  ( 388.6764005887488906, 677.2078098835175979, 196.7329428935914564 ) ) ;
#1978 = CARTESIAN_POINT ( 'NONE',  ( 365.0729615206778931, 138.7819866658027195, 195.3226465902129974 ) ) ;
#1979 = CARTESIAN_POINT ( 'NONE',  ( 804.8067599218979922, 407.9999999999999432, 57.14741224141265263 ) ) ;
#1980 = CARTESIAN_POINT ( 'NONE',  ( 449.2770017086217536, 692.3628940292704783, 187.1735754056268775 ) ) ;
#1981 = CARTESIAN_POINT ( 'NONE',  ( 366.5864703937113518, 85.12301181001576822, 150.9710839332327055 ) ) ;
#1982 = CARTESIAN_POINT ( 'NONE',  ( 408.0000000000000000, 407.9999999999999432, 249.2880578929145656 ) ) ;
#1983 = ORIENTED_EDGE ( 'NONE', *, *, #1851, .T. ) ;
#1984 =( NAMED_UNIT ( * ) PLANE_ANGLE_UNIT ( ) SI_UNIT ( $, .RADIAN. ) );
#1985 = SURFACE_SIDE_STYLE ('',( #768 ) ) ;
#1986 = CARTESIAN_POINT ( 'NONE',  ( 380.8837626470146915, 676.0738142268490947, 187.9554783671829341 ) ) ;
#1987 = LINE ( 'NONE', #985, #823 ) ;
#1988 = CARTESIAN_POINT ( 'NONE',  ( 381.6604106942926933, 680.2558430920365709, 194.8490677614381070 ) ) ;
#1989 = CARTESIAN_POINT ( 'NONE',  ( 359.4224439016627457, 125.0115573781712612, 187.3003630824710797 ) ) ;
#1990 = CARTESIAN_POINT ( 'NONE',  ( 801.9452750953898885, 407.9999999999999432, 63.84634643007945698 ) ) ;
#1991 = CARTESIAN_POINT ( 'NONE',  ( 379.8061963358775301, 154.4731579479101526, 195.1157154905081654 ) ) ;
#1992 = CARTESIAN_POINT ( 'NONE',  ( 445.2398536014096635, 146.5092524557294666, 190.6953226227464882 ) ) ;
#1993 = EDGE_LOOP ( 'NONE', ( #120, #93, #2137, #196 ) ) ;
#1994 = FILL_AREA_STYLE ('',( #1606 ) ) ;
#1995 = AXIS2_PLACEMENT_3D ( 'NONE', #2506, #2516, #2326 ) ;
#1996 = SURFACE_STYLE_FILL_AREA ( #222 ) ;
#1997 = MECHANICAL_DESIGN_GEOMETRIC_PRESENTATION_REPRESENTATION (  '', ( #286 ), #129 ) ;
#1998 = CARTESIAN_POINT ( 'NONE',  ( 371.0594383754421983, 683.0641456802873108, 183.5729299939380610 ) ) ;
#1999 =( LENGTH_UNIT ( ) NAMED_UNIT ( * ) SI_UNIT ( .MILLI., .METRE. ) );
#2000 = STYLED_ITEM ( 'NONE', ( #744 ), #2001 ) ;
#2001 = ADVANCED_FACE ( 'NONE', ( #1499 ), #2301, .F. ) ;
#2002 = DIRECTION ( 'NONE',  ( -2.869044131126252138E-21, -1.131538266383779192E-22, -1.000000000000000000 ) ) ;
#2003 = AXIS2_PLACEMENT_3D ( 'NONE', #1297, #1090, #466 ) ;
#2004 = CARTESIAN_POINT ( 'NONE',  ( 358.6493395402765714, 121.1767246421005666, 184.9851250359840549 ) ) ;
#2005 = CARTESIAN_POINT ( 'NONE',  ( 460.8261070461869622, 407.9999999999999432, 241.1422276371325495 ) ) ;
#2006 = CARTESIAN_POINT ( 'NONE',  ( 365.8013970737599720, 140.0162021381853492, 186.9836890381214118 ) ) ;
#2007 = CARTESIAN_POINT ( 'NONE',  ( 428.4769118884212276, 158.7595888599495311, 197.4354508205921377 ) ) ;
#2008 = CARTESIAN_POINT ( 'NONE',  ( 432.0472972919794756, 746.4809101534241336, 138.8242732738238487 ) ) ;
#2009 = CARTESIAN_POINT ( 'NONE',  ( 32.45863553052252826, 407.9999999999999432, 129.4381679179746527 ) ) ;
#2010 = CARTESIAN_POINT ( 'NONE',  ( 3.801476283455562655, 407.9999999999999432, 60.20712268590816052 ) ) ;
#2011 = CARTESIAN_POINT ( 'NONE',  ( 367.0708937834241965, 687.3208658055759770, 180.8501835882411797 ) ) ;
#2012 = CARTESIAN_POINT ( 'NONE',  ( 450.2222615263860916, 86.36260217679979689, 162.1293391222369848 ) ) ;
#2013 = SURFACE_SIDE_STYLE ('',( #1580 ) ) ;
#2014 = CARTESIAN_POINT ( 'NONE',  ( 360.1450229294691212, 98.65672884324976621, 170.6096243789655205 ) ) ;
#2015 = CARTESIAN_POINT ( 'NONE',  ( 553.2589111775470201, 407.9999999999999432, 230.1740895817305557 ) ) ;
#2016 = CARTESIAN_POINT ( 'NONE',  ( 360.8915995308154265, 129.9017717617889502, 180.9913104089074807 ) ) ;
#2017 = CARTESIAN_POINT ( 'NONE',  ( 451.0296973417561048, 138.6093077537778981, 186.1631035589279293 ) ) ;
#2018 = ORIENTED_EDGE ( 'NONE', *, *, #843, .F. ) ;
#2019 = CARTESIAN_POINT ( 'NONE',  ( 408.0000000000000000, 407.9999999999999432, 41.08393240782226030 ) ) ;
#2020 = CARTESIAN_POINT ( 'NONE',  ( 408.0000000000000000, 407.9999999999999432, 41.08393240782226030 ) ) ;
#2021 = CARTESIAN_POINT ( 'NONE',  ( 783.5413644694774575, 408.0000000000000568, 129.4381679179746527 ) ) ;
#2022 = CARTESIAN_POINT ( 'NONE',  ( 444.4882424460993775, 78.95978483315320773, 156.7745464524467423 ) ) ;
#2023 = CARTESIAN_POINT ( 'NONE',  ( 388.7513702305295737, 677.1810920608203332, 196.7493770462467637 ) ) ;
#2024 = CARTESIAN_POINT ( 'NONE',  ( 358.0139497500078960, 111.9636880010783102, 179.2712102253030650 ) ) ;
#2025 = CARTESIAN_POINT ( 'NONE',  ( 358.4461702612348404, 119.8258063898333887, 174.7628976098129101 ) ) ;
#2026 = CARTESIAN_POINT ( 'NONE',  ( 455.0485163778462265, 130.0692869049004798, 181.0926095908879176 ) ) ;
#2027 = CARTESIAN_POINT ( 'NONE',  ( 435.7495052008624725, 744.7029375879998270, 140.2118363050253151 ) ) ;
#2028 = DIRECTION ( 'NONE',  ( 2.869044131126252138E-21, 1.131538266383779192E-22, 1.000000000000000000 ) ) ;
#2029 = CARTESIAN_POINT ( 'NONE',  ( 361.7262849896025045, 726.6100533980976479, 153.8654187362830044 ) ) ;
#2030 = CARTESIAN_POINT ( 'NONE',  ( 421.9891196402758169, 65.10984011877204125, 146.1836028062134574 ) ) ;
#2031 = CARTESIAN_POINT ( 'NONE',  ( 31.40588199273602754, 407.9999999999998863, 95.28223909880695430 ) ) ;
#2032 = CARTESIAN_POINT ( 'NONE',  ( 365.3921307894632378, 86.97985105650194271, 162.5671446127735464 ) ) ;
#2033 = CARTESIAN_POINT ( 'NONE',  ( 358.0187571177777386, 115.1919811982241271, 171.8079000880736373 ) ) ;
#2034 = CARTESIAN_POINT ( 'NONE',  ( 447.3702875853744558, 144.0101145477787554, 189.2795456160532694 ) ) ;
#2035 = CARTESIAN_POINT ( 'NONE',  ( 423.9866219028120327, 671.3872349361761280, 190.8380091152023965 ) ) ;
#2036 =( LENGTH_UNIT ( ) NAMED_UNIT ( * ) SI_UNIT ( .MILLI., .METRE. ) );
#2037 = EDGE_CURVE ( 'NONE', #1768, #729, #814, .T. ) ;
#2038 = CARTESIAN_POINT ( 'NONE',  ( 358.0000000000000000, 407.9999999999999432, 249.2880578929145656 ) ) ;
#2039 = CARTESIAN_POINT ( 'NONE',  ( 359.6167026831859630, 721.5775828930077296, 157.5193637849525601 ) ) ;
#2040 = CARTESIAN_POINT ( 'NONE',  ( 437.1826724810135261, 72.54453903831645789, 151.9669066733999045 ) ) ;
#2041 = CARTESIAN_POINT ( 'NONE',  ( 442.9706345852950449, 740.0621334449895130, 143.7944726807213556 ) ) ;
#2042 = SURFACE_STYLE_USAGE ( .BOTH. , #2376 ) ;
#2043 = CARTESIAN_POINT ( 'NONE',  ( 14.05472490460994806, -379.8905501907803455, 63.84634643007957067 ) ) ;
#2044 = CARTESIAN_POINT ( 'NONE',  ( 365.8293743142935455, 86.28137068670801568, 162.0716415826852881 ) ) ;
#2045 = CARTESIAN_POINT ( 'NONE',  ( 404.4403079674372066, 163.1446980389444263, 199.7654000959581140 ) ) ;
#2046 = CARTESIAN_POINT ( 'NONE',  ( 455.8762603860909621, 98.72714670189546382, 160.7755577180260502 ) ) ;
#2047 = CARTESIAN_POINT ( 'NONE',  ( 443.4082430489384592, 744.3454354564299820, 150.6684081722237067 ) ) ;
#2048 = CARTESIAN_POINT ( 'NONE',  ( 435.7583479296984592, 744.6982738920560223, 140.2154654510305534 ) ) ;
#2049 = CARTESIAN_POINT ( 'NONE',  ( 11.19324007810201849, 407.9999999999999432, 57.14741224141265263 ) ) ;
#2050 = CARTESIAN_POINT ( 'NONE',  ( 398.8359785379290656, 63.98801587800484469, 134.2034366823085918 ) ) ;
#2051 = SURFACE_STYLE_FILL_AREA ( #1662 ) ;
#2052 = DIRECTION ( 'NONE',  ( -2.869044131126252138E-21, -1.131538266383779192E-22, -1.000000000000000000 ) ) ;
#2053 = CARTESIAN_POINT ( 'NONE',  ( 358.0041864722391551, 710.6210006010608140, 165.2655293361407303 ) ) ;
#2054 = CARTESIAN_POINT ( 'NONE',  ( 442.1450149917772592, 76.60980416699523232, 155.0331843918394839 ) ) ;
#2055 = UNCERTAINTY_MEASURE_WITH_UNIT (LENGTH_MEASURE( 1.000000000000000082E-05 ), #1037, 'distance_accuracy_value', 'NONE');
#2056 = CARTESIAN_POINT ( 'NONE',  ( 358.0000000000000000, 407.9999999999999432, 241.2788935075005554 ) ) ;
#2057 = CARTESIAN_POINT ( 'NONE',  ( 448.8461481376028814, 734.5633784272764615, 147.9663320898861230 ) ) ;
#2058 = CARTESIAN_POINT ( 'NONE',  ( 18.18593437221031905, 1187.628131255579319, 72.56105059050646844 ) ) ;
#2059 = CARTESIAN_POINT ( 'NONE',  ( 85.78177492068500953, 407.9999999999998863, 155.0722352762490459 ) ) ;
#2060 = CARTESIAN_POINT ( 'NONE',  ( 359.9752279352526898, 99.22912458043879269, 170.9929308402712707 ) ) ;
#2061 = CARTESIAN_POINT ( 'NONE',  ( 457.9937355151467386, 715.1319922704932424, 171.9154944686897011 ) ) ;
#2062 = CARTESIAN_POINT ( 'NONE',  ( 372.7518537508202598, 744.4727114332649762, 150.5714276565888952 ) ) ;
#2063 = CARTESIAN_POINT ( 'NONE',  ( 457.9700241154446871, 115.0499401274896485, 171.7139834833656948 ) ) ;
#2064 = CARTESIAN_POINT ( 'NONE',  ( 426.9951647856333352, 677.0915682786337584, 196.8044352376706740 ) ) ;
#2065 = CARTESIAN_POINT ( 'NONE',  ( 378.8146080224545926, 72.54644631617181005, 141.2461333294121175 ) ) ;
#2066 = CARTESIAN_POINT ( 'NONE',  ( 393.9650983822057242, 161.1677429004453188, 207.4599128192683963 ) ) ;
#2067 = FACE_BOUND ( 'NONE', #1359, .T. ) ;
#2068 = EDGE_LOOP ( 'NONE', ( #1093, #1036, #1782, #302 ) ) ;
#2069 = MECHANICAL_DESIGN_GEOMETRIC_PRESENTATION_REPRESENTATION (  '', ( #1082 ), #786 ) ;
#2070 = CARTESIAN_POINT ( 'NONE',  ( 364.5580428294701960, 690.6080842535460533, 178.7241812015243454 ) ) ;
#2071 = CARTESIAN_POINT ( 'NONE',  ( 457.6131167456625803, 106.7572213572853315, 175.9438263592619194 ) ) ;
#2072 = DIRECTION ( 'NONE',  ( 1.000000000000000000, 6.001463477957032695E-17, -2.943534393218535946E-21 ) ) ;
#2073 = CARTESIAN_POINT ( 'NONE',  ( 457.9985515209286291, 711.5433261340123181, 164.6239739115188740 ) ) ;
#2074 = CARTESIAN_POINT ( 'NONE',  ( 224.8145392407234908, 407.9999999999999432, 221.8479540277530759 ) ) ;
#2075 = CARTESIAN_POINT ( 'NONE',  ( 591.1854607592764523, 408.0000000000000568, 221.8479540277530759 ) ) ;
#2076 = EDGE_CURVE ( 'NONE', #174, #1450, #14, .T. ) ;
#2077 = CARTESIAN_POINT ( 'NONE',  ( 397.1900713977793771, 64.32717654570564036, 145.5593955412678611 ) ) ;
#2078 =( GEOMETRIC_REPRESENTATION_CONTEXT ( 3 ) GLOBAL_UNCERTAINTY_ASSIGNED_CONTEXT ( ( #1272 ) ) GLOBAL_UNIT_ASSIGNED_CONTEXT ( ( #956, #2103, #1028 ) ) REPRESENTATION_CONTEXT ( 'NONE', 'WORKASPACE' ) );
#2079 = CARTESIAN_POINT ( 'NONE',  ( 384.1597860837159146, 157.1032287471402640, 196.5438651671801153 ) ) ;
#2080 = AXIS2_PLACEMENT_3D ( 'NONE', #1485, #505, #1292 ) ;
#2081 = CARTESIAN_POINT ( 'NONE',  ( 457.9868594137804507, 111.9964038875498886, 169.7295253441602938 ) ) ;
#2082 = STYLED_ITEM ( 'NONE', ( #363 ), #1500 ) ;
#2083 = DIRECTION ( 'NONE',  ( 0.000000000000000000, 1.000000000000000000, 0.000000000000000000 ) ) ;
#2084 = CARTESIAN_POINT ( 'NONE',  ( 377.4357809454173207, 73.54524546398029372, 142.0461932487403658 ) ) ;
#2085 = CARTESIAN_POINT ( 'NONE',  ( 429.9179652590920000, 751.9897660841185143, 144.7713462758535172 ) ) ;
#2086 =( LENGTH_UNIT ( ) NAMED_UNIT ( * ) SI_UNIT ( .MILLI., .METRE. ) );
#2087 = ORIENTED_EDGE ( 'NONE', *, *, #2266, .T. ) ;
#2088 = CARTESIAN_POINT ( 'NONE',  ( 366.3720745164128516, 733.6492568852730756, 148.6524255729603397 ) ) ;
#2089 = CARTESIAN_POINT ( 'NONE',  ( 457.9892308176671918, 112.1070050783286973, 179.3618006240480725 ) ) ;
#2090 = CARTESIAN_POINT ( 'NONE',  ( 457.9617067628132645, 712.8290529343458957, 163.7263942580123341 ) ) ;
#2091 = CARTESIAN_POINT ( 'NONE',  ( 803.8793803442068793, 407.9999999999999432, 59.38781077278435561 ) ) ;
#2092 = CARTESIAN_POINT ( 'NONE',  ( 14.05472490461007240, 407.9999999999998863, 63.84634643007945698 ) ) ;
#2093 = CARTESIAN_POINT ( 'NONE',  ( 408.0000000000000000, 407.9999999999999432, -1.201534288872777363E-18 ) ) ;
#2094 = CARTESIAN_POINT ( 'NONE',  ( 401.7436451917163254, 755.7445891435079375, 141.8207418898207095 ) ) ;
#2095 = CARTESIAN_POINT ( 'NONE',  ( 457.2781176137384023, 121.6145675204066805, 175.8884374223687814 ) ) ;
#2096 = CARTESIAN_POINT ( 'NONE',  ( 408.0000000000000000, 407.9999999999999432, 249.2880578929145656 ) ) ;
#2097 = CARTESIAN_POINT ( 'NONE',  ( 427.2308229554045624, 752.9417400378605407, 144.0262307409583684 ) ) ;
#2098 = EDGE_LOOP ( 'NONE', ( #1285, #1923 ) ) ;
#2099 = CARTESIAN_POINT ( 'NONE',  ( 379.1145531723227577, 744.0869005405866119, 140.6909919600101375 ) ) ;
#2100 = CARTESIAN_POINT ( 'NONE',  ( 455.1153449743900978, 129.8826468514095893, 190.1887337674194782 ) ) ;
#2101 = CARTESIAN_POINT ( 'NONE',  ( 408.0000000000000000, 815.9999999999998863, 5.550991329341118263E-14 ) ) ;
#2102 = CARTESIAN_POINT ( 'NONE',  ( 436.4477602179929931, 676.8318343829254218, 187.4850904659194555 ) ) ;
#2103 =( NAMED_UNIT ( * ) PLANE_ANGLE_UNIT ( ) SI_UNIT ( $, .RADIAN. ) );
#2104 = CARTESIAN_POINT ( 'NONE',  ( 377.2376578398959168, 73.72602312319608586, 152.8649104169175814 ) ) ;
#2105 = UNCERTAINTY_MEASURE_WITH_UNIT (LENGTH_MEASURE( 1.000000000000000082E-05 ), #2086, 'distance_accuracy_value', 'NONE');
#2106 = CARTESIAN_POINT ( 'NONE',  ( 454.2154590665991805, 731.3388344374483268, 160.3719857772418607 ) ) ;
#2107 = CARTESIAN_POINT ( 'NONE',  ( 387.0009959632630512, 158.5214169392705230, 197.3076703684882887 ) ) ;
#2108 = CARTESIAN_POINT ( 'NONE',  ( 457.0996637550830997, 103.6940116231125018, 164.1929327808822165 ) ) ;
#2109 = CARTESIAN_POINT ( 'NONE',  ( 378.7376009615896919, 72.60196390805816691, 141.2906203301615733 ) ) ;
#2110 = CARTESIAN_POINT ( 'NONE',  ( 427.1781932576276404, 752.9589904206092115, 144.0127107166052554 ) ) ;
#2111 = CARTESIAN_POINT ( 'NONE',  ( 301.0689163514215920, 407.9999999999999432, 236.6956189330485643 ) ) ;
#2112 = ORIENTED_EDGE ( 'NONE', *, *, #2523, .T. ) ;
#2113 = CARTESIAN_POINT ( 'NONE',  ( 388.0158682721956325, 748.0466905106691229, 137.5946179605320481 ) ) ;
#2114 = CARTESIAN_POINT ( 'NONE',  ( 455.2222521379633235, 129.5799629525556611, 190.0109154245556908 ) ) ;
#2115 = UNCERTAINTY_MEASURE_WITH_UNIT (LENGTH_MEASURE( 1.000000000000000082E-05 ), #1219, 'distance_accuracy_value', 'NONE');
#2116 = CARTESIAN_POINT ( 'NONE',  ( 448.2601504751650054, 686.5010743546746426, 181.3780140341160916 ) ) ;
#2117 = CARTESIAN_POINT ( 'NONE',  ( 301.0689163514215920, 407.9999999999999432, 236.6956189330485643 ) ) ;
#2118 = CARTESIAN_POINT ( 'NONE',  ( 387.1554488000024321, 67.69667665398037570, 148.2224072505606784 ) ) ;
#2119 = CARTESIAN_POINT ( 'NONE',  ( 361.8401965328033612, 731.4472412814642439, 160.2927673126832246 ) ) ;
#2120 = STYLED_ITEM ( 'NONE', ( #1844 ), #198 ) ;
#2121 = CARTESIAN_POINT ( 'NONE',  ( 446.9071498657695543, 81.73088077551970798, 148.4161395142107835 ) ) ;
#2122 = MECHANICAL_DESIGN_GEOMETRIC_PRESENTATION_REPRESENTATION (  '', ( #1123 ), #960 ) ;
#2123 = CARTESIAN_POINT ( 'NONE',  ( 359.2983909092440626, 101.8203231721833077, 162.9136359214057279 ) ) ;
#2124 =( NAMED_UNIT ( * ) SI_UNIT ( $, .STERADIAN. ) SOLID_ANGLE_UNIT ( ) );
#2125 = COLOUR_RGB ( '',1.000000000000000000, 1.000000000000000000, 1.000000000000000000 ) ;
#2126 = ORIENTED_EDGE ( 'NONE', *, *, #1338, .F. ) ;
#2127 = ADVANCED_FACE ( 'NONE', ( #1801 ), #1181, .F. ) ;
#2128 = CARTESIAN_POINT ( 'NONE',  ( 379.8578498782123347, 744.4940575698244629, 140.3743654799834246 ) ) ;
#2129 = CARTESIAN_POINT ( 'NONE',  ( 454.3812952697933270, 94.46916698249769695, 167.7757141992825893 ) ) ;
#2130 = CARTESIAN_POINT ( 'NONE',  ( 433.8717640373978384, 680.0424132595969695, 194.9810132918318288 ) ) ;
#2131 = CARTESIAN_POINT ( 'NONE',  ( 444.0549409786142405, 682.3243561723552375, 184.0399568982820426 ) ) ;
#2132 = CARTESIAN_POINT ( 'NONE',  ( 457.9999999999999432, 307.9999999999998863, 241.2788935075005270 ) ) ;
#2133 = CARTESIAN_POINT ( 'NONE',  ( 371.4877461163963517, 78.98542109921525878, 156.7934388900468150 ) ) ;
#2134 = CARTESIAN_POINT ( 'NONE',  ( 361.7862961605023884, 700.0078262552899560, 182.1717825953412557 ) ) ;
#2135 = CARTESIAN_POINT ( 'NONE',  ( 437.3484542924505263, 72.66421858437212222, 141.3404933658756022 ) ) ;
#2136 = CARTESIAN_POINT ( 'NONE',  ( 360.1579656142561703, 98.61403872232774859, 160.6967325120684507 ) ) ;
#2137 = ORIENTED_EDGE ( 'NONE', *, *, #1725, .T. ) ;
#2138 = CARTESIAN_POINT ( 'NONE',  ( 358.0000000000001137, 507.9999999999998295, 241.2788935075004133 ) ) ;
#2139 = CARTESIAN_POINT ( 'NONE',  ( 450.9990967620113906, 138.6610013245104085, 195.2540677233184852 ) ) ;
#2140 = UNCERTAINTY_MEASURE_WITH_UNIT (LENGTH_MEASURE( 1.000000000000000082E-05 ), #389, 'distance_accuracy_value', 'NONE');
#2141 = CARTESIAN_POINT ( 'NONE',  ( 454.2390814453393091, 695.4459994111942933, 175.5495405503588984 ) ) ;
#2142 = DIRECTION ( 'NONE',  ( 2.869044131126252138E-21, 1.131538266383779192E-22, 1.000000000000000000 ) ) ;
#2143 = CARTESIAN_POINT ( 'NONE',  ( 362.5810801666304997, 732.8146874225208194, 159.2911939151933609 ) ) ;
#2144 = CARTESIAN_POINT ( 'NONE',  ( 428.6504717986584865, 67.60835899759214840, 137.2283334557920398 ) ) ;
#2145 = CARTESIAN_POINT ( 'NONE',  ( 435.6465235197327956, 681.0006593315379178, 194.3848834542025372 ) ) ;
#2146 = CARTESIAN_POINT ( 'NONE',  ( 360.2535622173652428, 98.30228273704237552, 160.4793984678590562 ) ) ;
#2147 = ORIENTED_EDGE ( 'NONE', *, *, #2320, .T. ) ;
#2148 = CARTESIAN_POINT ( 'NONE',  ( 224.8145392407238035, 774.3709215185522226, 221.8479540277526212 ) ) ;
#2149 = FILL_AREA_STYLE_COLOUR ( '', #2163 ) ;
#2150 = CARTESIAN_POINT ( 'NONE',  ( 435.8458748133963923, 676.4832627890876893, 187.7015030957212218 ) ) ;
#2151 = CARTESIAN_POINT ( 'NONE',  ( 514.9310836485783511, 408.0000000000000000, 236.6956189330485643 ) ) ;
#2152 = B_SPLINE_CURVE_WITH_KNOTS ( 'NONE', 3,
 ( #1091, #1064, #1876, #1894, #2066, #281, #92, #1645, #2432, #1676, #663, #105, #1452, #2251, #468, #1552, #2192, #1393, #2533, #204, #761, #165, #1793, #774, #987, #597, #22, #2180, #394, #2558, #12, #1777, #2375, #404, #1404, #1566, #1381, #1000, #808, #1978, #1173, #2205, #1354, #191, #961, #1160, #1592, #1369, #1183, #787, #1581, #1601, #2395, #2385, #582, #1751, #624, #798, #1989, #1116, #1920, #611, #1195, #2352, #568, #2004, #1965, #2156, #216, #1011, #181, #1803, #368, #974, #1763, #2545, #2362, #2171, #384, #1263, #1672, #1072, #1209, #818, #1046, #2024, #1247, #434, #240, #1839, #85, #1460, #1059, #833, #2226, #1032, #475, #421, #56, #277, #1221, #2406, #637, #1855, #2060, #1613, #2259, #32, #1868, #859, #2014, #1473, #1827, #847, #2216, #460, #46, #1639, #227, #1022, #1420, #877, #1626, #2415, #647, #1814, #68, #1431, #2426, #1652, #446, #2457, #1230, #2441, #2032, #254, #657, #1443, #2243, #685, #2044, #266, #671, #907, #1330, #1735, #1914, #113, #2317, #1902, #1305, #321, #2133, #944, #1100, #1724, #307, #1276, #331, #1695, #2104, #1137, #722, #1513, #1112, #1126, #127, #922, #734, #2517, #2480, #1712, #1316, #1939, #516, #2302, #2118, #2497, #1928, #699, #745, #140, #711, #529, #935, #2507, #150, #2274, #1525, #1501, #2077, #487, #2327, #541, #291, #1086, #345 ),
 .UNSPECIFIED., .F., .F.,
 ( 4, 2, 2, 2, 1, 1, 1, 1, 2, 2, 2, 2, 2, 1, 1, 1, 1, 1, 2, 2, 2, 2, 1, 1, 1, 1, 1, 2, 2, 2, 2, 1, 1, 1, 1, 1, 2, 2, 2, 2, 1, 1, 1, 1, 1, 1, 2, 2, 2, 2, 2, 1, 1, 1, 1, 1, 1, 2, 2, 2, 2, 2, 1, 1, 1, 1, 2, 2, 2, 2, 2, 1, 1, 1, 1, 1, 2, 2, 2, 2, 1, 1, 1, 1, 1, 2, 2, 2, 2, 2, 1, 1, 1, 1, 1, 2, 2, 2, 2, 1, 1, 1, 1, 1, 2, 2, 2, 2, 1, 1, 1, 1, 1, 2, 2, 2, 2, 1, 1, 1, 1, 1, 2, 2, 2, 2, 1, 1, 1, 1, 2, 2, 4 ),
 ( 0.000000000000000000, 0.06249999999999580891, 0.09374999999999324152, 0.1093749999999915901, 0.1171874999999906741, 0.1210937499999907296, 0.1230468749999902300, 0.1240234374999896749, 0.1245117187499898970, 0.1249999999999901329, 0.1875000000000840716, 0.2187500000001306455, 0.2343750000001540990, 0.2421875000001658951, 0.2460937500001716405, 0.2480468750001743883, 0.2490234375001758038, 0.2495117187501766920, 0.2497558593751768585, 0.2500000000001770251, 0.2812500000002857159, 0.2968750000003397838, 0.3046875000003665401, 0.3085937500003796408, 0.3105468750003861356, 0.3115234375003894662, 0.3120117187503911316, 0.3122558593753920753, 0.3125000000003929634, 0.3437500000005606071, 0.3593750000006444845, 0.3671875000006861178, 0.3710937500007067125, 0.3730468750007172041, 0.3740234375007228107, 0.3745117187507253087, 0.3747558593757267520, 0.3750000000007282508, 0.4062500000009071077, 0.4218750000009965362, 0.4296875000010413337, 0.4335937500010635381, 0.4355468750010746959, 0.4365234375010801915, 0.4370117187510830226, 0.4372558593760845214, 0.4373779296885854095, 0.4375000000010862422, 0.4687500000012559398, 0.4843750000013407608, 0.4921875000013831158, 0.4960937500014042101, 0.4980468750014147572, 0.4990234375014200308, 0.4995117187514226953, 0.4997558593764239721, 0.4998779296889246382, 0.4999389648451749713, 0.5000000000014253043, 0.5312500000014771517, 0.5468750000015031310, 0.5546875000015162316, 0.5585937500015228929, 0.5605468750015262236, 0.5615234375015278889, 0.5620117187515285551, 0.5622558593765288881, 0.5625000000015293322, 0.5781250000015643042, 0.5859375000015817347, 0.5898437500015905055, 0.5917968750015949464, 0.5927734375015974999, 0.5932617187515990542, 0.5935058593766000534, 0.5936279296891001644, 0.5936889648453501644, 0.5937500000016001644, 0.6093750000016209256, 0.6171875000016314727, 0.6210937500016369128, 0.6230468750016394663, 0.6240234375016404655, 0.6245117187516411317, 0.6247558593766415758, 0.6248779296891417978, 0.6250000000016419088, 0.6562500000016967538, 0.6718750000017240653, 0.6796875000017376101, 0.6835937500017443824, 0.6855468750017481572, 0.6865234375017503776, 0.6870117187517517099, 0.6872558593767519319, 0.6873779296892515989, 0.6875000000017512658, 0.7187500000015835111, 0.7343750000014994672, 0.7421875000014573898, 0.7460937500014365176, 0.7480468750014261925, 0.7490234375014207524, 0.7495117187514184209, 0.7497558593764169776, 0.7500000000014155344, 0.7812500000012652102, 0.7968750000011901591, 0.8046875000011525225, 0.8085937500011340928, 0.8105468750011247669, 0.8115234375011205481, 0.8120117187511182166, 0.8122558593761169954, 0.8125000000011158852, 0.8437500000010152990, 0.8593750000009650059, 0.8671875000009402479, 0.8710937500009273693, 0.8730468750009214851, 0.8740234375009188206, 0.8745117187509170442, 0.8747558593759156009, 0.8750000000009140466, 0.9062500000007014389, 0.9218750000005946355, 0.9296875000005412337, 0.9335937500005141443, 0.9355468750005007106, 0.9365234375004938272, 0.9370117187504899414, 0.9375000000004860556, 1.000000000000000000 ),
 .UNSPECIFIED. ) ;
#2153 = CARTESIAN_POINT ( 'NONE',  ( 804.8067599218979922, 407.9999999999999432, 57.14741224141265263 ) ) ;
#2154 = EDGE_CURVE ( 'NONE', #1643, #2161, #1987, .T. ) ;
#2155 = CARTESIAN_POINT ( 'NONE',  ( 360.5821590084016748, 702.6759810236441126, 180.3976503785885939 ) ) ;
#2156 = CARTESIAN_POINT ( 'NONE',  ( 358.6391418336239667, 121.1137457742342889, 184.9468031735843283 ) ) ;
#2157 = CARTESIAN_POINT ( 'NONE',  ( 454.3170220051106867, 94.31032790389210163, 157.6662145049028538 ) ) ;
#2158 = CARTESIAN_POINT ( 'NONE',  ( 443.2811877993083272, 686.2838356258886279, 191.0648184616308924 ) ) ;
#2159 = CARTESIAN_POINT ( 'NONE',  ( 359.9589232929093896, 99.26588978466733693, 161.1514599212908934 ) ) ;
#2160 = STYLED_ITEM ( 'NONE', ( #825 ), #298 ) ;
#2161 = VERTEX_POINT ( 'NONE', #2203 ) ;
#2162 = CARTESIAN_POINT ( 'NONE',  ( 259.9202731343580126, 407.9999999999999432, 240.3062672616385385 ) ) ;
#2163 = COLOUR_RGB ( '',1.000000000000000000, 1.000000000000000000, 1.000000000000000000 ) ;
#2164 = CARTESIAN_POINT ( 'NONE',  ( 442.7937616559243565, 149.2221722694555979, 201.1256477850509157 ) ) ;
#2165 = VECTOR ( 'NONE', #1243, 1000.000000000000000 ) ;
#2166 =( GEOMETRIC_REPRESENTATION_CONTEXT ( 3 ) GLOBAL_UNCERTAINTY_ASSIGNED_CONTEXT ( ( #499 ) ) GLOBAL_UNIT_ASSIGNED_CONTEXT ( ( #54, #1866, #2424 ) ) REPRESENTATION_CONTEXT ( 'NONE', 'WORKASPACE' ) );
#2167 = FILL_AREA_STYLE_COLOUR ( '', #39 ) ;
#2168 = CARTESIAN_POINT ( 'NONE',  ( 379.2782504677041970, 676.9808815057339189, 187.3927069111982746 ) ) ;
#2169 = DIRECTION ( 'NONE',  ( -3.246433222313155121E-43, 1.000000000000000000, -1.131538266383779192E-22 ) ) ;
#2170 = CARTESIAN_POINT ( 'NONE',  ( 358.0173631575044624, 716.9624853107197850, 170.6410645577736886 ) ) ;
#2171 = CARTESIAN_POINT ( 'NONE',  ( 358.0013131448195054, 112.6903082472517070, 179.7300027094968868 ) ) ;
#2172 = CARTESIAN_POINT ( 'NONE',  ( 450.2319610516124158, 86.37784452477160357, 151.9041674280826442 ) ) ;
#2173 = CARTESIAN_POINT ( 'NONE',  ( 435.6872778296817046, 681.0236814381189561, 194.3705400742124141 ) ) ;
#2174 = CARTESIAN_POINT ( 'NONE',  ( 359.6619704830911246, 100.3549953505969938, 161.9053023331083239 ) ) ;
#2175 = CARTESIAN_POINT ( 'NONE',  ( 408.0000000000000000, 7.999999999999952038, 41.08393240782226030 ) ) ;
#2176 = ORIENTED_EDGE ( 'NONE', *, *, #580, .F. ) ;
#2177 = CARTESIAN_POINT ( 'NONE',  ( 445.2480594965691694, 146.5001530025790260, 199.6303202625655047 ) ) ;
#2178 = CARTESIAN_POINT ( 'NONE',  ( 383.1867516050553490, 674.8749458434145936, 188.6972189213887816 ) ) ;
#2179 = CARTESIAN_POINT ( 'NONE',  ( 371.9455002485760247, 686.9476974363589079, 190.6435812302513568 ) ) ;
#2180 = CARTESIAN_POINT ( 'NONE',  ( 370.8881362126715544, 146.6515593209776398, 199.7135091663645881 ) ) ;
#2181 = CARTESIAN_POINT ( 'NONE',  ( 419.4163773936115263, 64.46465826862727511, 134.6056049357477491 ) ) ;
#2182 = CARTESIAN_POINT ( 'NONE',  ( 440.4356472855654943, 684.0546504604844813, 192.4733422128225300 ) ) ;
#2183 = CARTESIAN_POINT ( 'NONE',  ( 370.6269116844300697, 146.3600056423062767, 190.6110718381831646 ) ) ;
#2184 = CARTESIAN_POINT ( 'NONE',  ( 456.6223933274482647, 124.8263739224060345, 177.8881531913212370 ) ) ;
#2185 = EDGE_LOOP ( 'NONE', ( #1397, #1323, #967, #851 ) ) ;
#2186 =( NAMED_UNIT ( * ) SI_UNIT ( $, .STERADIAN. ) SOLID_ANGLE_UNIT ( ) );
#2187 = EDGE_CURVE ( 'NONE', #1450, #1213, #201, .T. ) ;
#2188 = CARTESIAN_POINT ( 'NONE',  ( 436.0768356288424457, 154.5524195585400093, 203.9853556627100488 ) ) ;
#2189 = CARTESIAN_POINT ( 'NONE',  ( 388.9006617424364549, 672.4924711628791556, 190.1613934877956353 ) ) ;
#2190 = SURFACE_STYLE_FILL_AREA ( #1578 ) ;
#2191 = CARTESIAN_POINT ( 'NONE',  ( 395.2709254381035180, 675.2025581247237369, 197.9637446367484870 ) ) ;
#2192 = CARTESIAN_POINT ( 'NONE',  ( 381.3036302662051185, 155.5591162291244132, 204.5233602756222524 ) ) ;
#2193 = CARTESIAN_POINT ( 'NONE',  ( 411.5627739751778336, 63.14469803894375133, 133.4884944535348836 ) ) ;
#2194 = CARTESIAN_POINT ( 'NONE',  ( 358.6202130762793558, 120.9956062941863024, 175.4998472812292221 ) ) ;
#2195 = CARTESIAN_POINT ( 'NONE',  ( 426.7699055680303672, 159.4900639305193977, 197.8264479232045119 ) ) ;
#2196 = CARTESIAN_POINT ( 'NONE',  ( 420.6837587910986258, 750.0598290353426592, 136.0052505401604606 ) ) ;
#2197 = CARTESIAN_POINT ( 'NONE',  ( 259.9202731343580126, 407.9999999999999432, 240.3062672616385385 ) ) ;
#2198 = STYLED_ITEM ( 'NONE', ( #913 ), #388 ) ;
#2199 = COLOUR_RGB ( '',1.000000000000000000, 1.000000000000000000, 1.000000000000000000 ) ;
#2200 = CARTESIAN_POINT ( 'NONE',  ( 380.2748017863607402, 676.4146160495827189, 187.7441037078233137 ) ) ;
#2201 = CARTESIAN_POINT ( 'NONE',  ( 450.0279946969067169, 86.05841474956133652, 161.9131937165032014 ) ) ;
#2202 = AXIS2_PLACEMENT_3D ( 'NONE', #949, #1741, #1955 ) ;
#2203 = CARTESIAN_POINT ( 'NONE',  ( 408.0000000000000000, 457.9999999999998863, 241.2788935075005554 ) ) ;
#2204 = TOROIDAL_SURFACE ( 'NONE', #293, 358.0000000000000000, 50.00000000000000000 ) ;
#2205 = CARTESIAN_POINT ( 'NONE',  ( 365.0394264798644599, 138.7257319196686751, 195.2907620347627926 ) ) ;
#2206 = CARTESIAN_POINT ( 'NONE',  ( 415.1534926961169845, 63.52701016428066794, 133.8146551999592191 ) ) ;
#2207 =( BOUNDED_SURFACE ( )  B_SPLINE_SURFACE ( 3, 3, ( 
 ( #1820, #2221, #854, #2391 ),
 ( #1847, #838, #1398, #1810 ),
 ( #1052, #1454, #2252, #2197 ),
 ( #1007, #1204, #1632, #1414 ),
 ( #2021, #235, #1646, #2433 ),
 ( #632, #211, #664, #1040 ) ),
 .UNSPECIFIED., .F., .F., .T. ) 
 B_SPLINE_SURFACE_WITH_KNOTS ( ( 4, 1, 1, 4 ),
 ( 4, 4 ),
 ( 0.1037506196896849919, 0.2950262562078309614, 0.5243479125509349359, 0.9787871535328429573 ),
 ( 0.000000000000000000, 1.000000000000000000 ),
 .UNSPECIFIED. ) 
 GEOMETRIC_REPRESENTATION_ITEM ( )  RATIONAL_B_SPLINE_SURFACE ( (
 ( 1.000000000000000000, 0.3333333333333329818, 0.3333333333333329818, 1.000000000000000000),
 ( 1.000000000000000000, 0.3333333333333329818, 0.3333333333333329818, 1.000000000000000000),
 ( 1.000000000000000000, 0.3333333333333329818, 0.3333333333333329818, 1.000000000000000000),
 ( 1.000000000000000000, 0.3333333333333329818, 0.3333333333333329818, 1.000000000000000000),
 ( 1.000000000000000000, 0.3333333333333329818, 0.3333333333333329818, 1.000000000000000000),
 ( 1.000000000000000000, 0.3333333333333329818, 0.3333333333333329818, 1.000000000000000000) ) ) 
 REPRESENTATION_ITEM ( '' )  SURFACE ( )  );
#2208 = CARTESIAN_POINT ( 'NONE',  ( 358.1815298632960207, 117.4689361608378704, 173.2663311158690931 ) ) ;
#2209 = CARTESIAN_POINT ( 'NONE',  ( 415.1313738584019575, 162.7629760575258331, 199.5639505195682091 ) ) ;
#2210 = CARTESIAN_POINT ( 'NONE',  ( 427.1107969431151901, 748.3382582350201346, 137.3649195971118218 ) ) ;
#2211 = SURFACE_STYLE_USAGE ( .BOTH. , #1630 ) ;
#2212 = CARTESIAN_POINT ( 'NONE',  ( 392.8627700813826209, 671.2506468399388950, 190.9204540142698363 ) ) ;
#2213 = CARTESIAN_POINT ( 'NONE',  ( 435.8153223012484432, 749.3042274450633613, 146.8598473758426906 ) ) ;
#2214 = CARTESIAN_POINT ( 'NONE',  ( 453.9819010279433087, 93.50524863804182019, 167.1157615612349048 ) ) ;
#2215 = CARTESIAN_POINT ( 'NONE',  ( 378.8904551472430740, 681.8565829840943024, 193.8510939729091547 ) ) ;
#2216 = CARTESIAN_POINT ( 'NONE',  ( 360.1509644852375800, 98.63712031588785578, 170.5964800065759164 ) ) ;
#2217 = CARTESIAN_POINT ( 'NONE',  ( 362.0876536278327080, 133.0084657410185685, 182.8606595784250146 ) ) ;
#2218 = CARTESIAN_POINT ( 'NONE',  ( 428.1170740364412950, 158.9201504440189581, 197.5215193651922903 ) ) ;
#2219 = CARTESIAN_POINT ( 'NONE',  ( 435.6051283984346014, 744.7788171705474269, 140.1527826785686273 ) ) ;
#2220 = FILL_AREA_STYLE ('',( #60 ) ) ;
#2221 = CARTESIAN_POINT ( 'NONE',  ( 458.0000000000001137, 307.9999999999997158, 249.2880578929146225 ) ) ;
#2222 = CARTESIAN_POINT ( 'NONE',  ( 363.0305253736378859, 729.0112897275241721, 152.1024370305067066 ) ) ;
#2223 = CARTESIAN_POINT ( 'NONE',  ( 418.5983399518841566, 64.28084654290616129, 145.5224188106800511 ) ) ;
#2224 = CARTESIAN_POINT ( 'NONE',  ( 730.2182250793143794, 1052.436450158629214, 155.0722352762489891 ) ) ;
#2225 = CARTESIAN_POINT ( 'NONE',  ( 12.12061965579257006, -383.7587606884147249, 59.38781077278432008 ) ) ;
#2226 = CARTESIAN_POINT ( 'NONE',  ( 358.9554583036514259, 103.4154536081490363, 173.7654946907985334 ) ) ;
#2227 = ADVANCED_FACE ( 'NONE', ( #2543 ), #1207, .F. ) ;
#2228 = CARTESIAN_POINT ( 'NONE',  ( 364.2784986274219250, 137.4076643984242025, 185.4607731568987674 ) ) ;
#2229 = CARTESIAN_POINT ( 'NONE',  ( 443.7847961054351345, 148.0680204894628105, 191.5720419677591906 ) ) ;
#2230 = CARTESIAN_POINT ( 'NONE',  ( 812.1985237165442868, 407.9999999999999432, 60.20712268590816052 ) ) ;
#2231 = CARTESIAN_POINT ( 'NONE',  ( 408.0000000000000568, 669.2469347514728497, 192.1367545322035539 ) ) ;
#2232 = CARTESIAN_POINT ( 'NONE',  ( 812.1985237165442868, 407.9999999999999432, 60.20712268590795446 ) ) ;
#2233 =( NAMED_UNIT ( * ) PLANE_ANGLE_UNIT ( ) SI_UNIT ( $, .RADIAN. ) );
#2234 = CARTESIAN_POINT ( 'NONE',  ( 362.1731876537020298, 694.6332691613653196, 176.0861354738584339 ) ) ;
#2235 = PRESENTATION_LAYER_ASSIGNMENT (  '', '', ( #2120 ) ) ;
#2236 = CARTESIAN_POINT ( 'NONE',  ( 438.4981946331869267, 73.49380703113278912, 152.6902505139858590 ) ) ;
#2237 = AXIS2_PLACEMENT_3D ( 'NONE', #1435, #865, #2447 ) ;
#2238 = CARTESIAN_POINT ( 'NONE',  ( 454.1447905141770320, 726.8617292355734207, 153.6811365871843122 ) ) ;
#2239 = CARTESIAN_POINT ( 'NONE',  ( 117.6773091374955271, 407.9999999999999432, 177.1586916147690545 ) ) ;
#2240 = B_SPLINE_CURVE_WITH_KNOTS ( 'NONE', 3,
 ( #1200, #627, #2209, #1433, #256, #409, #1035, #2195, #601, #2218, #2007, #1410, #1024, #448, #34, #822, #424, #436, #1617, #2398, #1596, #2229, #835, #1233, #219, #1224, #1014, #1992, #2388, #2408, #1386, #2034, #2379, #16, #1212, #614, #639, #1396, #1807, #2017, #1048, #802, #811, #231, #25, #1604, #1816, #1842, #1628, #1422, #58, #2026, #242, #1831, #1585, #48, #2417, #1186, #2184, #397, #1641, #268, #2095, #490, #2291, #1905, #1061, #1487, #1674, #2472, #323, #1698, #2063, #673, #1463, #1446, #508, #1249, #2081, #310, #1858, #1103, #279, #2485, #1114, #1279, #1265, #894, #477, #2459, #1476, #713, #2108, #2261, #116, #1074, #2428, #1294, #1873, #687, #295, #2277, #1917, #701, #1089, #1890, #519, #2046, #71, #1504, #910, #862, #90, #850, #2305, #660, #2246, #1657, #879, #463, #2445, #1307, #102, #1685, #1543, #142, #131, #2157, #1161, #1715, #370, #736, #385, #546, #1930, #1150, #153, #1553, #2363, #2172, #2353, #569, #1130, #1174, #182, #1333, #1764, #2121, #336, #762, #2546, #531, #1966, #2319, #975, #1355, #926, #2499, #1727, #2342, #938, #775, #2509, #1567, #946, #1752, #726, #583, #2135, #1527, #2329, #1516, #1370, #1320, #1345, #347, #1139, #1941, #1738, #2519, #750, #556, #2144, #167, #358, #1952, #962, #2534, #1210, #395, #809, #2181, #192, #217, #1184, #799, #1394, #2206, #2193, #405 ),
 .UNSPECIFIED., .F., .F.,
 ( 4, 2, 2, 2, 1, 1, 1, 1, 2, 2, 2, 2, 2, 1, 1, 1, 1, 1, 2, 2, 2, 2, 1, 1, 1, 1, 1, 2, 2, 2, 2, 1, 1, 1, 1, 1, 2, 2, 2, 2, 1, 1, 1, 1, 1, 2, 2, 2, 2, 2, 1, 1, 1, 1, 1, 1, 2, 2, 2, 2, 2, 1, 1, 1, 1, 1, 1, 2, 2, 2, 2, 2, 1, 1, 1, 1, 1, 1, 2, 2, 2, 2, 1, 1, 1, 1, 1, 2, 2, 2, 2, 2, 1, 1, 1, 1, 1, 2, 2, 2, 2, 1, 1, 1, 1, 1, 1, 2, 2, 2, 2, 1, 1, 1, 1, 1, 2, 2, 2, 2, 1, 1, 1, 1, 1, 2, 2, 2, 2, 1, 1, 1, 1, 2, 2, 4 ),
 ( 0.000000000000000000, 0.06249999999993179067, 0.09374999999989812316, 0.1093749999998813310, 0.1171874999998727962, 0.1210937499998690076, 0.1230468749998670647, 0.1240234374998660932, 0.1245117187498655936, 0.1249999999998651079, 0.1874999999997753464, 0.2187499999997302436, 0.2343749999997076783, 0.2421874999996958544, 0.2460937499996900535, 0.2480468749996867506, 0.2490234374996852518, 0.2495117187496842248, 0.2497558593746836419, 0.2499999999996830313, 0.2812499999995700106, 0.2968749999995134448, 0.3046874999994854116, 0.3085937499994711453, 0.3105468749994640398, 0.3115234374994605981, 0.3120117187494588218, 0.3122558593744577116, 0.3124999999994566013, 0.3437499999992990607, 0.3593749999992202349, 0.3671874999991809885, 0.3710937499991611155, 0.3730468749991509014, 0.3740234374991455724, 0.3745117187491429633, 0.3747558593741418531, 0.3749999999991407984, 0.4062499999990497046, 0.4218749999990043520, 0.4296874999989814814, 0.4335937499989699906, 0.4355468749989642729, 0.4365234374989613308, 0.4370117187489598876, 0.4372558593739590549, 0.4374999999989581667, 0.4687499999988622990, 0.4843749999988145039, 0.4921874999987906896, 0.4960937499987787547, 0.4980468749987727595, 0.4990234374987697619, 0.4995117187487682076, 0.4997558593737673194, 0.4998779296862668198, 0.4999389648425167088, 0.4999999999987665977, 0.5312499999987894128, 0.5468749999988006261, 0.5546874999988062882, 0.5585937499988092858, 0.5605468749988108401, 0.5615234374988113952, 0.5620117187488118393, 0.5622558593738119503, 0.5623779296863120614, 0.5624389648425619503, 0.5624999999988119503, 0.5781249999987893018, 0.5859374999987778665, 0.5898437499987720933, 0.5917968749987692068, 0.5927734374987677635, 0.5932617187487670973, 0.5935058593737668753, 0.5936279296862666532, 0.5936889648425164312, 0.5937194824206413202, 0.5937499999987660981, 0.6093749999987353450, 0.6171874999987196908, 0.6210937499987118082, 0.6230468749987073673, 0.6240234374987053689, 0.6245117187487044808, 0.6247558593737041477, 0.6248779296862040367, 0.6249999999987040367, 0.6562499999987340127, 0.6718749999987490007, 0.6796874999987567723, 0.6835937499987606580, 0.6855468749987625454, 0.6865234374987636556, 0.6870117187487645438, 0.6872558593737653210, 0.6873779296862658761, 0.6874999999987664312, 0.7187499999988752331, 0.7343749999989294119, 0.7421874999989567234, 0.7460937499989702681, 0.7480468749989769295, 0.7490234374989804822, 0.7495117187489823696, 0.7497558593739831467, 0.7498779296864838129, 0.7499999999989844790, 0.7812499999991857624, 0.7968749999992867927, 0.8046874999993371969, 0.8085937499993626210, 0.8105468749993750555, 0.8115234374993814948, 0.8120117187493843813, 0.8122558593743859356, 0.8124999999993873789, 0.8437499999995264899, 0.8593749999995964339, 0.8671874999996314060, 0.8710937499996487254, 0.8730468749996579403, 0.8740234374996628253, 0.8745117187496658229, 0.8747558593746667110, 0.8749999999996677102, 0.9062499999997785105, 0.9218749999998339106, 0.9296874999998615552, 0.9335937499998749889, 0.9355468749998820943, 0.9365234374998856470, 0.9370117187498868683, 0.9374999999998880895, 1.000000000000000000 ),
 .UNSPECIFIED. ) ;
#2241 =( NAMED_UNIT ( * ) PLANE_ANGLE_UNIT ( ) SI_UNIT ( $, .RADIAN. ) );
#2242 = CIRCLE ( 'NONE', #827, 404.1985237165444005 ) ;
#2243 = CARTESIAN_POINT ( 'NONE',  ( 365.8013691543739014, 86.32537072831638625, 162.1028986398286520 ) ) ;
#2244 = COLOUR_RGB ( '',1.000000000000000000, 1.000000000000000000, 1.000000000000000000 ) ;
#2245 = CARTESIAN_POINT ( 'NONE',  ( 381.1850152676404946, 749.8210716282407020, 146.4593399379955656 ) ) ;
#2246 = CARTESIAN_POINT ( 'NONE',  ( 455.8241681983719218, 98.55535470390617547, 160.6558399914052870 ) ) ;
#2247 = CARTESIAN_POINT ( 'NONE',  ( 444.0086281701010762, 743.8588751852037149, 151.0388048480819521 ) ) ;
#2248 = ORIENTED_EDGE ( 'NONE', *, *, #1891, .T. ) ;
#2249 = CARTESIAN_POINT ( 'NONE',  ( 411.0997410180879683, 669.2469347514736455, 192.1367545322036960 ) ) ;
#2250 = CARTESIAN_POINT ( 'NONE',  ( 367.6297122034582117, 83.63387212378340507, 149.8557246372757561 ) ) ;
#2251 = CARTESIAN_POINT ( 'NONE',  ( 387.3256279835137548, 158.6701977687945657, 206.1595448388633542 ) ) ;
#2252 = CARTESIAN_POINT ( 'NONE',  ( 259.9202731343577852, 111.8405462687155705, 240.3062672616387090 ) ) ;
#2253 = CARTESIAN_POINT ( 'NONE',  ( 363.0552832108008374, 693.0255195188550488, 177.1436846029537833 ) ) ;
#2254 = CARTESIAN_POINT ( 'NONE',  ( 428.2170316892571691, 67.41403792098459746, 148.0009805165704506 ) ) ;
#2255 = DIRECTION ( 'NONE',  ( 0.000000000000000000, 1.000000000000000000, 0.000000000000000000 ) ) ;
#2256 = CARTESIAN_POINT ( 'NONE',  ( 457.7186080578288170, 706.0694645611225724, 168.4101910568581104 ) ) ;
#2257 = CARTESIAN_POINT ( 'NONE',  ( 758.1028796039563531, 407.9999999999999432, 128.8777237091986478 ) ) ;
#2258 = CARTESIAN_POINT ( 'NONE',  ( 730.2182250793154026, -236.4364501586302652, 155.0722352762492449 ) ) ;
#2259 = CARTESIAN_POINT ( 'NONE',  ( 360.0683793572167133, 98.91220534511789708, 170.7808044091735269 ) ) ;
#2260 = CARTESIAN_POINT ( 'NONE',  ( 380.9044481194836180, 749.6793504337492777, 146.5692357667673491 ) ) ;
#2261 = CARTESIAN_POINT ( 'NONE',  ( 457.0209988451521212, 103.2975993327058717, 163.9231300206299693 ) ) ;
#2262 = CARTESIAN_POINT ( 'NONE',  ( 388.7670934516273746, 66.98798583923627348, 136.7151261566717153 ) ) ;
#2263 = CYLINDRICAL_SURFACE ( 'NONE', #1155, 407.9999999999999432 ) ;
#2264 = CARTESIAN_POINT ( 'NONE',  ( 42.43161226076053083, 407.9999999999999432, 110.7902665383980434 ) ) ;
#2265 = ORIENTED_EDGE ( 'NONE', *, *, #1038, .T. ) ;
#2266 = EDGE_CURVE ( 'NONE', #1187, #930, #371, .T. ) ;
#2267 = CARTESIAN_POINT ( 'NONE',  ( 366.4184405768809256, 733.7049310131070570, 148.6107024133138736 ) ) ;
#2268 = CARTESIAN_POINT ( 'NONE',  ( 457.3424824621528160, 121.2267485924984669, 185.0155551734401911 ) ) ;
#2269 = UNCERTAINTY_MEASURE_WITH_UNIT (LENGTH_MEASURE( 1.000000000000000082E-05 ), #534, 'distance_accuracy_value', 'NONE');
#2270 =( NAMED_UNIT ( * ) SI_UNIT ( $, .STERADIAN. ) SOLID_ANGLE_UNIT ( ) );
#2271 = CARTESIAN_POINT ( 'NONE',  ( 454.1671437611411761, 726.8184089672836308, 153.7128668503529809 ) ) ;
#2272 = CARTESIAN_POINT ( 'NONE',  ( 23.85188125055252684, 1176.296237498896062, 83.12984389282230779 ) ) ;
#2273 = CARTESIAN_POINT ( 'NONE',  ( 784.5941180072640009, 408.0000000000000568, 95.28223909880695430 ) ) ;
#2274 = CARTESIAN_POINT ( 'NONE',  ( 395.9164672135680689, 64.62348042241467283, 145.7957650934968683 ) ) ;
#2275 = CARTESIAN_POINT ( 'NONE',  ( 455.6707403905674028, 728.1223558358243508, 162.7100997190547957 ) ) ;
#2276 = CARTESIAN_POINT ( 'NONE',  ( 371.1967912278992117, 743.2361072609284065, 151.5136801630923742 ) ) ;
#2277 = CARTESIAN_POINT ( 'NONE',  ( 456.6810661908467637, 101.6672724089726216, 162.8107362645907585 ) ) ;
#2278 = CARTESIAN_POINT ( 'NONE',  ( 388.0506893470762861, 67.29590152578559525, 136.9700439053548564 ) ) ;
#2279 = DIRECTION ( 'NONE',  ( 0.000000000000000000, -1.000000000000000000, 0.000000000000000000 ) ) ;
#2280 = ORIENTED_EDGE ( 'NONE', *, *, #229, .T. ) ;
#2281 = CARTESIAN_POINT ( 'NONE',  ( 358.5981579651618176, 704.7001093117769415, 169.3393378329505481 ) ) ;
#2282 = CARTESIAN_POINT ( 'NONE',  ( 457.9774937398262296, 111.6331603694934387, 179.0620426919770125 ) ) ;
#2283 = DIRECTION ( 'NONE',  ( 1.000000000000000000, 0.000000000000000000, 0.000000000000000000 ) ) ;
#2284 = CARTESIAN_POINT ( 'NONE',  ( 441.7200347182311475, 741.0040709998329476, 143.0722593647142276 ) ) ;
#2285 = CARTESIAN_POINT ( 'NONE',  ( 803.8793803442071066, -383.7587606884147249, 59.38781077278432008 ) ) ;
#2286 = DIRECTION ( 'NONE',  ( -2.869044131126252138E-21, -1.131538266383779192E-22, -1.000000000000000000 ) ) ;
#2287 = VECTOR ( 'NONE', #1507, 1000.000000000000000 ) ;
#2288 =( GEOMETRIC_REPRESENTATION_CONTEXT ( 3 ) GLOBAL_UNCERTAINTY_ASSIGNED_CONTEXT ( ( #1595 ) ) GLOBAL_UNIT_ASSIGNED_CONTEXT ( ( #595, #225, #1418 ) ) REPRESENTATION_CONTEXT ( 'NONE', 'WORKASPACE' ) );
#2289 = CARTESIAN_POINT ( 'NONE',  ( 388.9575358612946161, 753.0032484855365738, 143.9780209642460704 ) ) ;
#2290 = MECHANICAL_DESIGN_GEOMETRIC_PRESENTATION_REPRESENTATION (  '', ( #40 ), #1325 ) ;
#2291 = CARTESIAN_POINT ( 'NONE',  ( 457.3647555422195410, 121.0898488469947978, 175.5590745731879849 ) ) ;
#2292 = CARTESIAN_POINT ( 'NONE',  ( 448.9124780625108428, 739.1288081113709723, 154.6098863918651034 ) ) ;
#2293 = PRESENTATION_LAYER_ASSIGNMENT (  '', '', ( #2525 ) ) ;
#2294 = CARTESIAN_POINT ( 'NONE',  ( 384.4021681915706949, 69.03178409460258536, 138.4011618424012795 ) ) ;
#2295 = CARTESIAN_POINT ( 'NONE',  ( 224.8145392407234908, 407.9999999999999432, 221.8479540277530759 ) ) ;
#2296 = EDGE_LOOP ( 'NONE', ( #2322, #1065, #1546, #2176, #1437, #754 ) ) ;
#2297 = CARTESIAN_POINT ( 'NONE',  ( 380.2035278354653656, 744.6781452271950457, 140.2311284102333104 ) ) ;
#2298 = CARTESIAN_POINT ( 'NONE',  ( 457.7999410758120007, 117.6778694377065193, 182.8412550922930393 ) ) ;
#2299 = CARTESIAN_POINT ( 'NONE',  ( 488.7145725035656483, 407.9999999999999432, 247.8193113324500416 ) ) ;
#2300 = CARTESIAN_POINT ( 'NONE',  ( 443.3053464353934032, 739.7989367921187522, 143.9959186343032229 ) ) ;
#2301 = CYLINDRICAL_SURFACE ( 'NONE', #168, 399.9999999999998863 ) ;
#2302 = CARTESIAN_POINT ( 'NONE',  ( 386.8330195073859272, 67.84534826561757370, 148.3387809200633853 ) ) ;
#2303 = CARTESIAN_POINT ( 'NONE',  ( 451.4193755718398506, 735.9525341351883299, 156.9765128969258114 ) ) ;
#2304 = CARTESIAN_POINT ( 'NONE',  ( 380.2591790408553152, 749.3436303092657909, 146.8293349313152873 ) ) ;
#2305 = CARTESIAN_POINT ( 'NONE',  ( 455.8242251007785626, 98.55554132137186230, 160.6559700506285253 ) ) ;
#2306 = CARTESIAN_POINT ( 'NONE',  ( 435.7974167842037900, 749.3137109628705730, 146.8525038533610712 ) ) ;
#2307 = CARTESIAN_POINT ( 'NONE',  ( 432.0350542387479322, 679.1371620896160266, 195.5424934960543624 ) ) ;
#2308 = DIRECTION ( 'NONE',  ( -3.246433222313155519E-43, 1.000000000000000000, -1.131538266383779192E-22 ) ) ;
#2309 = CARTESIAN_POINT ( 'NONE',  ( 408.0000000000000000, 407.9999999999999432, 241.2788935075005554 ) ) ;
#2310 = CARTESIAN_POINT ( 'NONE',  ( 407.9999999999999432, -146.1032712986379920, -1059.476356816084035 ) ) ;
#2311 = VERTEX_POINT ( 'NONE', #124 ) ;
#2312 = CARTESIAN_POINT ( 'NONE',  ( 371.2519904942582798, 738.6087310597242777, 144.9047190277858874 ) ) ;
#2313 = CARTESIAN_POINT ( 'NONE',  ( 457.9703433359287601, 111.4165058219453783, 178.9246932156151786 ) ) ;
#2314 = CARTESIAN_POINT ( 'NONE',  ( 408.0000000000000000, 807.9999999999997726, 5.550991400720643176E-14 ) ) ;
#2315 = CARTESIAN_POINT ( 'NONE',  ( 428.0449864654182193, 672.8358520715822806, 189.9510990804284916 ) ) ;
#2316 = DIRECTION ( 'NONE',  ( 0.000000000000000000, 1.000000000000000000, 0.000000000000000000 ) ) ;
#2317 = CARTESIAN_POINT ( 'NONE',  ( 370.6824880067797494, 79.86350802590426667, 157.4393464526948492 ) ) ;
#2318 = CARTESIAN_POINT ( 'NONE',  ( 366.4478023747880115, 738.3609296756393405, 155.1835843249782556 ) ) ;
#2319 = CARTESIAN_POINT ( 'NONE',  ( 444.5954644561966234, 79.07454301315651435, 146.3799457358407210 ) ) ;
#2320 = EDGE_CURVE ( 'NONE', #630, #35, #63, .T. ) ;
#2321 = CARTESIAN_POINT ( 'NONE',  ( 364.3734761241506135, 88.66986990615507125, 153.5976461633200643 ) ) ;
#2322 = ORIENTED_EDGE ( 'NONE', *, *, #1448, .T. ) ;
#2323 = CARTESIAN_POINT ( 'NONE',  ( 372.5967489112127851, 739.7211146678881732, 144.0554559659291840 ) ) ;
#2324 = CARTESIAN_POINT ( 'NONE',  ( 457.9881597927846428, 112.0564054296066985, 179.3298223734523447 ) ) ;
#2325 = CARTESIAN_POINT ( 'NONE',  ( 427.2599034533175200, 672.5494532779841848, 190.1265099371357223 ) ) ;
#2326 = DIRECTION ( 'NONE',  ( 0.000000000000000000, 1.000000000000000000, 0.000000000000000000 ) ) ;
#2327 = CARTESIAN_POINT ( 'NONE',  ( 397.3200562652121448, 64.29861825618318960, 145.5366029835268762 ) ) ;
#2328 = CARTESIAN_POINT ( 'NONE',  ( 365.4496291036584807, 737.1646570962224132, 156.0774127053786060 ) ) ;
#2329 = CARTESIAN_POINT ( 'NONE',  ( 437.3003912604322636, 72.62942668640424415, 141.3126220354587304 ) ) ;
#2330 = AXIS2_PLACEMENT_3D ( 'NONE', #1749, #200, #607 ) ;
#2331 = CARTESIAN_POINT ( 'NONE',  ( 366.1884288987992022, 85.72449366020828165, 151.4189811447245404 ) ) ;
#2332 =( GEOMETRIC_REPRESENTATION_CONTEXT ( 3 ) GLOBAL_UNCERTAINTY_ASSIGNED_CONTEXT ( ( #138 ) ) GLOBAL_UNIT_ASSIGNED_CONTEXT ( ( #263, #2453, #2270 ) ) REPRESENTATION_CONTEXT ( 'NONE', 'WORKASPACE' ) );
#2333 = FILL_AREA_STYLE_COLOUR ( '', #456 ) ;
#2334 = COLOUR_RGB ( '',1.000000000000000000, 1.000000000000000000, 1.000000000000000000 ) ;
#2335 = ORIENTED_EDGE ( 'NONE', *, *, #2037, .F. ) ;
#2336 = DIRECTION ( 'NONE',  ( 0.000000000000000000, 1.000000000000000000, -8.922440622770907977E-23 ) ) ;
#2337 = STYLED_ITEM ( 'NONE', ( #427 ), #1607 ) ;
#2338 = CARTESIAN_POINT ( 'NONE',  ( 451.5935107003998610, 137.6369239606783310, 194.6724249206595800 ) ) ;
#2339 = CARTESIAN_POINT ( 'NONE',  ( 441.8806135127887273, 680.4722009393994995, 185.2105590971059428 ) ) ;
#2340 = CARTESIAN_POINT ( 'NONE',  ( 358.0000000000000000, 407.9999999999999432, 241.2788935075005554 ) ) ;
#2341 = CARTESIAN_POINT ( 'NONE',  ( 364.5809198703808534, 735.9847182234656202, 156.9538014248110755 ) ) ;
#2342 = CARTESIAN_POINT ( 'NONE',  ( 443.3351004723454025, 77.72889346098480701, 145.3407650260186301 ) ) ;
#2343 = CARTESIAN_POINT ( 'NONE',  ( 453.9268587866317830, 699.4390324025675909, 182.5481263306918720 ) ) ;
#2344 = CARTESIAN_POINT ( 'NONE',  ( 365.8188915187908492, 86.29782885040816609, 151.8448145256829207 ) ) ;
#2345 = CARTESIAN_POINT ( 'NONE',  ( 408.0000000000000000, 163.1446980389444263, 208.4807531317885321 ) ) ;
#2346 = ORIENTED_EDGE ( 'NONE', *, *, #1222, .T. ) ;
#2347 = CARTESIAN_POINT ( 'NONE',  ( 446.4382605989973740, 145.1237732170086758, 198.8718084454598625 ) ) ;
#2348 = EDGE_CURVE ( 'NONE', #1187, #2462, #318, .T. ) ;
#2349 = CARTESIAN_POINT ( 'NONE',  ( 453.6424946801651004, 694.2422560839594325, 176.3451647772589013 ) ) ;
#2350 = CARTESIAN_POINT ( 'NONE',  ( 460.8261070461869622, 302.3477859076257914, 241.1422276371324074 ) ) ;
#2351 = CARTESIAN_POINT ( 'NONE',  ( 359.2063602157923015, 706.6977477260556952, 177.6957070480918617 ) ) ;
#2352 = CARTESIAN_POINT ( 'NONE',  ( 358.6928590191259900, 121.4407208329956802, 185.1456670265629612 ) ) ;
#2353 = CARTESIAN_POINT ( 'NONE',  ( 450.1932620380864591, 86.31692547518015601, 151.8589816984188019 ) ) ;
#2354 = CARTESIAN_POINT ( 'NONE',  ( 453.5849412331224926, 698.7894244236941859, 182.9771005937328709 ) ) ;
#2355 = CARTESIAN_POINT ( 'NONE',  ( 358.1864105252685704, 108.7668107840050169, 167.6006660028499198 ) ) ;
#2356 = VERTEX_POINT ( 'NONE', #2056 ) ;
#2357 = CARTESIAN_POINT ( 'NONE',  ( 488.7145725035657051, 569.4291450071314102, 247.8193113324502974 ) ) ;
#2358 = CARTESIAN_POINT ( 'NONE',  ( 449.6316913442250893, 688.1870863241773577, 180.2918903342347221 ) ) ;
#2359 = CARTESIAN_POINT ( 'NONE',  ( 395.2810892941379848, 670.6316722364468887, 191.2978505603517760 ) ) ;
#2360 = SURFACE_SIDE_STYLE ('',( #2190 ) ) ;
#2361 = CARTESIAN_POINT ( 'NONE',  ( 366.3464494971486261, 692.8329378549233297, 186.8695415609582255 ) ) ;
#2362 = CARTESIAN_POINT ( 'NONE',  ( 357.9997925103120906, 112.9991802412869930, 179.9244883101345351 ) ) ;
#2363 = CARTESIAN_POINT ( 'NONE',  ( 450.3093995388313147, 86.50024762284233759, 151.9949244910062305 ) ) ;
#2364 = CARTESIAN_POINT ( 'NONE',  ( 442.3990601400713558, 685.5582189222010356, 191.5242997802307912 ) ) ;
#2365 = CARTESIAN_POINT ( 'NONE',  ( 360.1453186707981331, 98.65575474773412168, 160.7257931319734325 ) ) ;
#2366 = AXIS2_PLACEMENT_3D ( 'NONE', #1259, #2072, #1068 ) ;
#2367 = MECHANICAL_DESIGN_GEOMETRIC_PRESENTATION_REPRESENTATION (  '', ( #332 ), #1922 ) ;
#2368 = CARTESIAN_POINT ( 'NONE',  ( 450.9261864693229427, 138.7834029245113072, 195.3234489718179248 ) ) ;
#2369 = AXIS2_PLACEMENT_3D ( 'NONE', #1883, #471, #2283 ) ;
#2370 = SURFACE_STYLE_FILL_AREA ( #1574 ) ;
#2371 = CARTESIAN_POINT ( 'NONE',  ( 389.5498575230719212, 672.2669565744902229, 190.2994116395539379 ) ) ;
#2372 =( LENGTH_UNIT ( ) NAMED_UNIT ( * ) SI_UNIT ( .MILLI., .METRE. ) );
#2373 = CARTESIAN_POINT ( 'NONE',  ( 388.8241550814290122, 748.3170504795813258, 137.3816331053364195 ) ) ;
#2374 = SURFACE_STYLE_USAGE ( .BOTH. , #2013 ) ;
#2375 = CARTESIAN_POINT ( 'NONE',  ( 367.2904112571679889, 142.1860732309596926, 197.2391421307731321 ) ) ;
#2376 = SURFACE_SIDE_STYLE ('',( #2396 ) ) ;
#2377 = CARTESIAN_POINT ( 'NONE',  ( 449.5279970588985066, 692.6748879808462789, 186.9718257203933263 ) ) ;
#2378 = CARTESIAN_POINT ( 'NONE',  ( 364.9259890065833360, 138.5342573205823271, 186.1193282106098934 ) ) ;
#2379 = CARTESIAN_POINT ( 'NONE',  ( 448.8247683446772953, 142.0239580676943660, 188.1407364897885373 ) ) ;
#2380 = ORIENTED_EDGE ( 'NONE', *, *, #996, .T. ) ;
#2381 = FACE_BOUND ( 'NONE', #2098, .T. ) ;
#2382 = CARTESIAN_POINT ( 'NONE',  ( 372.9673180064573899, 681.4510427094547822, 184.5920259699929602 ) ) ;
#2383 = FACE_OUTER_BOUND ( 'NONE', #885, .T. ) ;
#2384 = CARTESIAN_POINT ( 'NONE',  ( 392.0222149902494380, 676.0221704021369078, 197.4621687699844017 ) ) ;
#2385 = CARTESIAN_POINT ( 'NONE',  ( 360.9748132153715119, 130.1338702666930089, 190.3361738186224272 ) ) ;
#2386 = FILL_AREA_STYLE_COLOUR ( '', #1159 ) ;
#2387 = CARTESIAN_POINT ( 'NONE',  ( 364.9381630198263338, 138.5548995231858100, 186.1313695880845671 ) ) ;
#2388 = CARTESIAN_POINT ( 'NONE',  ( 445.2581315416326220, 146.4888402787955215, 190.6838027592297919 ) ) ;
#2389 = CARTESIAN_POINT ( 'NONE',  ( 419.0696627921959134, 750.3682157174000622, 135.7607022371531968 ) ) ;
#2390 = SURFACE_SIDE_STYLE ('',( #1237 ) ) ;
#2391 = CARTESIAN_POINT ( 'NONE',  ( 358.0000000000000000, 407.9999999999999432, 249.2880578929145656 ) ) ;
#2392 = CARTESIAN_POINT ( 'NONE',  ( 373.2935713900782844, 681.1812359833841128, 184.7623110602845600 ) ) ;
#2393 = CARTESIAN_POINT ( 'NONE',  ( 437.2376347447626017, 72.58411498044721100, 151.9970680028008587 ) ) ;
#2394 = CARTESIAN_POINT ( 'NONE',  ( 375.5351240989885468, 684.0562935706918779, 192.4728654705065196 ) ) ;
#2395 = CARTESIAN_POINT ( 'NONE',  ( 360.9879144685784809, 130.1701193044292779, 190.3574380624307025 ) ) ;
#2396 = SURFACE_STYLE_FILL_AREA ( #1602 ) ;
#2397 = CARTESIAN_POINT ( 'NONE',  ( 370.6852088920900883, 146.4254351284045583, 190.6480129700050270 ) ) ;
#2398 = CARTESIAN_POINT ( 'NONE',  ( 442.2342411128524873, 149.5969758515316244, 192.4263918484218436 ) ) ;
#2399 = CARTESIAN_POINT ( 'NONE',  ( 434.2676217777627130, 745.4562450343505589, 139.6249629388534288 ) ) ;
#2400 = SURFACE_SIDE_STYLE ('',( #1996 ) ) ;
#2401 = VECTOR ( 'NONE', #2402, 1000.000000000000000 ) ;
#2402 = DIRECTION ( 'NONE',  ( -2.869044131126252138E-21, -1.131538266383779192E-22, -1.000000000000000000 ) ) ;
#2403 = CARTESIAN_POINT ( 'NONE',  ( 452.7130239085021799, 90.75441860306077047, 165.2167726881268663 ) ) ;
#2404 = CIRCLE ( 'NONE', #86, 49.99999999999998579 ) ;
#2405 = CARTESIAN_POINT ( 'NONE',  ( 366.3931884042807496, 692.7739364986207420, 186.9077308160252073 ) ) ;
#2406 = CARTESIAN_POINT ( 'NONE',  ( 359.4743075354123221, 101.0690360076367256, 172.2188831326734260 ) ) ;
#2407 = CARTESIAN_POINT ( 'NONE',  ( 360.8114642205998166, 129.6751787188229059, 180.8541875396419982 ) ) ;
#2408 = CARTESIAN_POINT ( 'NONE',  ( 445.2680408439200050, 146.4777640379579111, 190.6775512770261685 ) ) ;
#2409 = VERTEX_POINT ( 'NONE', #669 ) ;
#2410 = CYLINDRICAL_SURFACE ( 'NONE', #1745, 50.00000000000000000 ) ;
#2411 = CARTESIAN_POINT ( 'NONE',  ( 359.5290996351915851, 700.7135431345838015, 172.0436963168633895 ) ) ;
#2412 = CARTESIAN_POINT ( 'NONE',  ( 436.6427334329082441, 72.16085446922345170, 151.6742308539616317 ) ) ;
#2413 = EDGE_CURVE ( 'NONE', #2311, #1768, #919, .T. ) ;
#2414 = CARTESIAN_POINT ( 'NONE',  ( 372.5724045722963638, 686.4076095477037143, 190.9863478485665951 ) ) ;
#2415 = CARTESIAN_POINT ( 'NONE',  ( 361.6410735551558560, 94.41368901270232072, 167.7378032158626127 ) ) ;
#2416 = CARTESIAN_POINT ( 'NONE',  ( 358.6032883433099414, 120.8886097875258656, 175.4325829658476721 ) ) ;
#2417 = CARTESIAN_POINT ( 'NONE',  ( 455.6008828303097289, 128.5171061126461041, 180.1537063578053335 ) ) ;
#2418 = CARTESIAN_POINT ( 'NONE',  ( 425.1162275157024624, 748.9496439175484284, 136.8827582108640684 ) ) ;
#2419 = CARTESIAN_POINT ( 'NONE',  ( 408.0000000000000000, 407.9999999999999432, 249.2880578929145656 ) ) ;
#2420 = PRESENTATION_STYLE_ASSIGNMENT (( #260 ) ) ;
#2421 = CARTESIAN_POINT ( 'NONE',  ( 360.5980301293034245, 724.1769754305421429, 155.6392156887103795 ) ) ;
#2422 = CARTESIAN_POINT ( 'NONE',  ( 427.8609346136593103, 67.25755770180990112, 147.8782804410660390 ) ) ;
#2423 = CARTESIAN_POINT ( 'NONE',  ( 454.7623595470982991, 696.5436384595593609, 174.8227140990146893 ) ) ;
#2424 =( NAMED_UNIT ( * ) SI_UNIT ( $, .STERADIAN. ) SOLID_ANGLE_UNIT ( ) );
#2425 = CARTESIAN_POINT ( 'NONE',  ( 628.2048908778149325, 408.0000000000000568, 210.4316216818835699 ) ) ;
#2426 = CARTESIAN_POINT ( 'NONE',  ( 362.3085863595155729, 92.76838715128590707, 166.6129507879657865 ) ) ;
#2427 = CARTESIAN_POINT ( 'NONE',  ( 376.4902391031728257, 747.1500935884473620, 148.5227976578278515 ) ) ;
#2428 = CARTESIAN_POINT ( 'NONE',  ( 456.9490217752186823, 102.9469705918891833, 163.6840841204057710 ) ) ;
#2429 = EDGE_LOOP ( 'NONE', ( #691, #209, #740, #535, #615, #1706 ) ) ;
#2430 = FILL_AREA_STYLE_COLOUR ( '', #369 ) ;
#2431 = FACE_OUTER_BOUND ( 'NONE', #49, .T. ) ;
#2432 = CARTESIAN_POINT ( 'NONE',  ( 388.7096392073822813, 159.2774709206870511, 206.4770501969462089 ) ) ;
#2433 = CARTESIAN_POINT ( 'NONE',  ( 32.45863553052252826, 407.9999999999998863, 129.4381679179746527 ) ) ;
#2434 = CARTESIAN_POINT ( 'NONE',  ( 366.2109729090340693, 733.4544316146258325, 148.7983762552075007 ) ) ;
#2435 = CARTESIAN_POINT ( 'NONE',  ( 449.4304785427423781, 85.14802973999871938, 161.2647286156957591 ) ) ;
#2436 = UNCERTAINTY_MEASURE_WITH_UNIT (LENGTH_MEASURE( 1.000000000000000082E-05 ), #2036, 'distance_accuracy_value', 'NONE');
#2437 = DIRECTION ( 'NONE',  ( 0.000000000000000000, 1.000000000000000000, 0.000000000000000000 ) ) ;
#2438 = CARTESIAN_POINT ( 'NONE',  ( 435.7686400369506146, 744.6928438051367038, 140.2196909308805459 ) ) ;
#2439 = CARTESIAN_POINT ( 'NONE',  ( 152.1456014791340294, 919.7087970417323959, 195.1633597744523172 ) ) ;
#2440 = CARTESIAN_POINT ( 'NONE',  ( 758.1028796039570352, -292.2057592079137862, 128.8777237091988468 ) ) ;
#2441 = CARTESIAN_POINT ( 'NONE',  ( 365.1229391256379131, 87.42162287512279306, 162.8798113341264298 ) ) ;
#2442 = AXIS2_PLACEMENT_3D ( 'NONE', #1141, #338, #1164 ) ;
#2443 = CARTESIAN_POINT ( 'NONE',  ( 454.2822869461106166, 731.2075631614756048, 160.4678778075170840 ) ) ;
#2444 = CARTESIAN_POINT ( 'NONE',  ( 388.9200211453433553, 752.9910460969202859, 143.9875855579820438 ) ) ;
#2445 = CARTESIAN_POINT ( 'NONE',  ( 454.8076374285832344, 95.56151856616055795, 158.5542104340767366 ) ) ;
#2446 = EDGE_CURVE ( 'NONE', #2311, #979, #2242, .T. ) ;
#2447 = DIRECTION ( 'NONE',  ( 0.000000000000000000, 1.000000000000000000, 0.000000000000000000 ) ) ;
#2448 = CARTESIAN_POINT ( 'NONE',  ( 387.4256620797685855, 67.57389612831248371, 137.1998633812982291 ) ) ;
#2449 = CARTESIAN_POINT ( 'NONE',  ( 427.1992409138263156, 752.9520956603726063, 144.0181145405709913 ) ) ;
#2450 = VERTEX_POINT ( 'NONE', #1864 ) ;
#2451 = CARTESIAN_POINT ( 'NONE',  ( 366.3991030452885411, 733.6817329713583149, 148.6280882812201583 ) ) ;
#2452 = CARTESIAN_POINT ( 'NONE',  ( 457.3459698717155675, 121.2054284089407190, 185.0025860792135290 ) ) ;
#2453 =( NAMED_UNIT ( * ) PLANE_ANGLE_UNIT ( ) SI_UNIT ( $, .RADIAN. ) );
#2454 = CARTESIAN_POINT ( 'NONE',  ( 444.7987010051172092, 738.6134716513807916, 144.9029110788129344 ) ) ;
#2455 = CARTESIAN_POINT ( 'NONE',  ( 698.3226908625043734, 407.9999999999999432, 177.1586916147690545 ) ) ;
#2456 = CARTESIAN_POINT ( 'NONE',  ( 758.1028796039563531, 408.0000000000000568, 128.8777237091986478 ) ) ;
#2457 = CARTESIAN_POINT ( 'NONE',  ( 364.4064510967359070, 88.64754197158025306, 163.7442067776886461 ) ) ;
#2458 = CARTESIAN_POINT ( 'NONE',  ( 383.9581642545849149, 751.1224838776890920, 145.4479885030490038 ) ) ;
#2459 = CARTESIAN_POINT ( 'NONE',  ( 457.3530514043311541, 105.1163077142416995, 165.1562852699388486 ) ) ;
#2460 = CARTESIAN_POINT ( 'NONE',  ( 389.3837848147339287, 66.73745374184696288, 136.5072305974111657 ) ) ;
#2461 = FACE_OUTER_BOUND ( 'NONE', #2526, .T. ) ;
#2462 = VERTEX_POINT ( 'NONE', #96 ) ;
#2463 = CARTESIAN_POINT ( 'NONE',  ( 362.5605992448107600, 693.9080317358196908, 176.5637864333856157 ) ) ;
#2464 = CARTESIAN_POINT ( 'NONE',  ( 457.8337574248452597, 109.0020028032248547, 177.3860762825678989 ) ) ;
#2465 = APPLICATION_PROTOCOL_DEFINITION ( 'draft international standard', 'automotive_design', 1998, #1518 ) ;
#2466 = CARTESIAN_POINT ( 'NONE',  ( 454.1709235600894203, 726.8110733774744858, 153.7182395178682555 ) ) ;
#2467 = CARTESIAN_POINT ( 'NONE',  ( 804.8067599218977648, 1201.613519843795302, 57.14741224141261711 ) ) ;
#2468 = CARTESIAN_POINT ( 'NONE',  ( 628.2048908778150462, -32.40978175563053298, 210.4316216818835983 ) ) ;
#2469 = DIRECTION ( 'NONE',  ( 0.000000000000000000, 1.000000000000000000, 0.000000000000000000 ) ) ;
#2470 = CARTESIAN_POINT ( 'NONE',  ( 452.9786999055544925, 733.6123884923474634, 158.7063190844717155 ) ) ;
#2471 = CARTESIAN_POINT ( 'NONE',  ( 392.8896090778916914, 754.1358781619461524, 143.0890831720052176 ) ) ;
#2472 = CARTESIAN_POINT ( 'NONE',  ( 457.6074670882275086, 119.5486223907963534, 174.5900535607780171 ) ) ;
#2473 = CARTESIAN_POINT ( 'NONE',  ( 371.7374415607695823, 78.72019988199923546, 146.1062241793428598 ) ) ;
#2474 = SURFACE_STYLE_USAGE ( .BOTH. , #2488 ) ;
#2475 = EDGE_LOOP ( 'NONE', ( #1311, #1843, #559, #1677 ) ) ;
#2476 = CARTESIAN_POINT ( 'NONE',  ( 367.9202360794438391, 735.4422192881069122, 147.3057657251747514 ) ) ;
#2477 = CARTESIAN_POINT ( 'NONE',  ( 457.5248382477186624, 120.0374140711046635, 184.2905100712606554 ) ) ;
#2478 = CARTESIAN_POINT ( 'NONE',  ( 447.5578803830057382, 735.9638254818964924, 146.9111716361544779 ) ) ;
#2479 = CARTESIAN_POINT ( 'NONE',  ( 187.7951091221850390, 407.9999999999998863, 210.4316216818835699 ) ) ;
#2480 = CARTESIAN_POINT ( 'NONE',  ( 381.6267588238467852, 70.63279292331407078, 150.5040349309872738 ) ) ;
#2481 = CIRCLE ( 'NONE', #539, 399.9999999999998863 ) ;
#2482 = CARTESIAN_POINT ( 'NONE',  ( 456.4640513257563725, 705.3021356949637948, 178.6430061621240952 ) ) ;
#2483 = MECHANICAL_DESIGN_GEOMETRIC_PRESENTATION_REPRESENTATION (  '', ( #789 ), #2288 ) ;
#2484 = CARTESIAN_POINT ( 'NONE',  ( 390.4426529850875909, 160.0991568633406530, 198.1542970513331738 ) ) ;
#2485 = CARTESIAN_POINT ( 'NONE',  ( 457.9824881108096406, 111.8214849884049471, 169.6150415105616673 ) ) ;
#2486 = AXIS2_PLACEMENT_3D ( 'NONE', #1970, #172, #1730 ) ;
#2487 = CARTESIAN_POINT ( 'NONE',  ( 381.5060362353989376, 70.73246151755020605, 139.7851141647606426 ) ) ;
#2488 = SURFACE_SIDE_STYLE ('',( #2051 ) ) ;
#2489 = CARTESIAN_POINT ( 'NONE',  ( 18.18593437221005615, 407.9999999999999432, 72.56105059050645423 ) ) ;
#2490 = EDGE_LOOP ( 'NONE', ( #2126, #1956, #2538, #2265, #6, #157 ) ) ;
#2491 = CARTESIAN_POINT ( 'NONE',  ( 372.6300850895478334, 739.7476583233191150, 144.0351506187686823 ) ) ;
#2492 = CARTESIAN_POINT ( 'NONE',  ( 454.1046303887237627, 93.79422136005629795, 167.3139622222242338 ) ) ;
#2493 = PRODUCT_CONTEXT ( 'NONE', #239, 'mechanical' ) ;
#2494 = CARTESIAN_POINT ( 'NONE',  ( 429.9741993750625397, 673.5934998665670719, 189.4863334786137159 ) ) ;
#2495 = FILL_AREA_STYLE_COLOUR ( '', #406 ) ;
#2496 = EDGE_CURVE ( 'NONE', #930, #1015, #1097, .T. ) ;
#2497 = CARTESIAN_POINT ( 'NONE',  ( 387.3167261783877962, 67.62320130153280218, 148.1648677376426519 ) ) ;
#2498 = CARTESIAN_POINT ( 'NONE',  ( 357.9969819351836122, 713.3097315136531051, 173.1840494628877991 ) ) ;
#2499 = CARTESIAN_POINT ( 'NONE',  ( 444.4965991417244595, 78.96870819152115928, 146.2982347801806213 ) ) ;
#2500 = CARTESIAN_POINT ( 'NONE',  ( 382.2271964316777826, 70.29070981254204753, 139.4266645022269131 ) ) ;
#2501 = FILL_AREA_STYLE_COLOUR ( '', #2244 ) ;
#2502 = ORIENTED_EDGE ( 'NONE', *, *, #1840, .T. ) ;
#2503 = CARTESIAN_POINT ( 'NONE',  ( 372.3207698038538069, 739.4996796495443050, 144.2247808784505594 ) ) ;
#2504 = CARTESIAN_POINT ( 'NONE',  ( 457.7262397952425204, 118.4201297874344903, 183.2987336138531589 ) ) ;
#2505 = CARTESIAN_POINT ( 'NONE',  ( 454.2750680390616367, 695.5190963459717750, 175.5012110458688426 ) ) ;
#2506 = CARTESIAN_POINT ( 'NONE',  ( 408.0000000000000000, 49.99999999999998579, 41.08393240782226030 ) ) ;
#2507 = CARTESIAN_POINT ( 'NONE',  ( 394.0475419983037000, 65.12314569881120008, 146.1935358854344145 ) ) ;
#2508 = CARTESIAN_POINT ( 'NONE',  ( 361.7803506103084032, 700.0198371908192030, 182.1638288623002779 ) ) ;
#2509 = CARTESIAN_POINT ( 'NONE',  ( 439.7315729020138519, 74.49607480819811656, 142.8007326506720460 ) ) ;
#2510 = CARTESIAN_POINT ( 'NONE',  ( 360.1715947266337707, 98.56920827539759955, 160.6654968485672725 ) ) ;
#2511 = CARTESIAN_POINT ( 'NONE',  ( 358.0000000000000000, 407.9999999999999432, 241.2788935075005554 ) ) ;
#2512 = B_SPLINE_CURVE_WITH_KNOTS ( 'NONE', 3,
 ( #2038, #1189, #413, #1017, #1608, #2010 ),
 .UNSPECIFIED., .F., .F.,
 ( 4, 1, 1, 4 ),
 ( 0.1037506196896849919, 0.2950262562078309614, 0.5243479125509349359, 0.9787871535328429573 ),
 .UNSPECIFIED. ) ;
#2513 = CARTESIAN_POINT ( 'NONE',  ( 460.8261070461869053, 513.6522140923738107, 241.1422276371322937 ) ) ;
#2514 = CARTESIAN_POINT ( 'NONE',  ( 452.4312112736128029, 136.0898633447733062, 193.7891731250720966 ) ) ;
#2515 = CARTESIAN_POINT ( 'NONE',  ( 449.6122653419328117, 688.1625552163884549, 180.3077255220970869 ) ) ;
#2516 = DIRECTION ( 'NONE',  ( 1.000000000000000000, 6.001463477957012973E-17, -2.943534393218535946E-21 ) ) ;
#2517 = CARTESIAN_POINT ( 'NONE',  ( 380.1899820796683684, 71.55608156646671603, 151.2135799801265534 ) ) ;
#2518 = CARTESIAN_POINT ( 'NONE',  ( 361.9483783109041610, 731.6557368321945205, 160.1403398340788158 ) ) ;
#2519 = CARTESIAN_POINT ( 'NONE',  ( 428.9258937020497910, 67.73407344112574435, 137.3321543841162509 ) ) ;
#2520 = CARTESIAN_POINT ( 'NONE',  ( 441.8515108465626327, 685.1233895083184962, 191.7992170915983934 ) ) ;
#2521 =( GEOMETRIC_REPRESENTATION_CONTEXT ( 3 ) GLOBAL_UNCERTAINTY_ASSIGNED_CONTEXT ( ( #1342 ) ) GLOBAL_UNIT_ASSIGNED_CONTEXT ( ( #2372, #972, #1760 ) ) REPRESENTATION_CONTEXT ( 'NONE', 'WORKASPACE' ) );
#2522 = CARTESIAN_POINT ( 'NONE',  ( 360.3633143973351025, 97.95185916108927415, 160.2347755610449553 ) ) ;
#2523 = EDGE_CURVE ( 'NONE', #1387, #1467, #110, .T. ) ;
#2524 = SURFACE_SIDE_STYLE ('',( #1781 ) ) ;
#2525 = STYLED_ITEM ( 'NONE', ( #1767 ), #1148 ) ;
#2526 = EDGE_LOOP ( 'NONE', ( #2335, #2346, #2112, #495 ) ) ;
#2527 = SURFACE_STYLE_FILL_AREA ( #952 ) ;
#2528 = PRESENTATION_LAYER_ASSIGNMENT (  '', '', ( #1082 ) ) ;
#2529 = CARTESIAN_POINT ( 'NONE',  ( 445.1485447033376772, 146.6108866518918603, 199.6911664634745875 ) ) ;
#2530 = CARTESIAN_POINT ( 'NONE',  ( 446.1655575019510138, 684.2908773680502463, 182.7908233874688904 ) ) ;
#2531 = FILL_AREA_STYLE_COLOUR ( '', #2199 ) ;
#2532 = CARTESIAN_POINT ( 'NONE',  ( 358.1520373392969532, 719.0602627709452008, 169.1712934628589835 ) ) ;
#2533 = CARTESIAN_POINT ( 'NONE',  ( 375.8242880673668651, 151.4554419750070338, 202.3272936778670328 ) ) ;
#2534 = CARTESIAN_POINT ( 'NONE',  ( 422.8481616409457615, 65.39228573077193118, 135.3855871132872437 ) ) ;
#2535 = CARTESIAN_POINT ( 'NONE',  ( 443.2343075218921058, 686.2444152540386995, 191.0898042466270965 ) ) ;
#2536 = CARTESIAN_POINT ( 'NONE',  ( 358.0559243617892093, 110.7610830493613747, 168.9188872288835341 ) ) ;
#2537 = DIRECTION ( 'NONE',  ( 0.000000000000000000, 1.000000000000000000, 0.000000000000000000 ) ) ;
#2538 = ORIENTED_EDGE ( 'NONE', *, *, #1322, .T. ) ;
#2539 = CARTESIAN_POINT ( 'NONE',  ( 553.2589111775470201, 407.9999999999999432, 230.1740895817305557 ) ) ;
#2540 = CARTESIAN_POINT ( 'NONE',  ( 445.1410704596883647, 146.6191819201494582, 199.6957236661691297 ) ) ;
#2541 = CARTESIAN_POINT ( 'NONE',  ( 444.8654967579959134, 683.0528929912409239, 183.5780936398272445 ) ) ;
#2542 = CYLINDRICAL_SURFACE ( 'NONE', #1658, 399.9999999999998863 ) ;
#2543 = FACE_OUTER_BOUND ( 'NONE', #145, .T. ) ;
#2544 = CARTESIAN_POINT ( 'NONE',  ( 358.0953672228455957, 718.4126530216677793, 169.6261569971534016 ) ) ;
#2545 = CARTESIAN_POINT ( 'NONE',  ( 358.0005202488216582, 113.6134435739525230, 180.3107577149669680 ) ) ;
#2546 = CARTESIAN_POINT ( 'NONE',  ( 445.3397407802575003, 79.88850847786005716, 147.0070891198612912 ) ) ;
#2547 = CARTESIAN_POINT ( 'NONE',  ( 447.7011765282081228, 690.5226775262710817, 188.3593369738636056 ) ) ;
#2548 = CARTESIAN_POINT ( 'NONE',  ( 359.0350530627584931, 103.0237297821777673, 163.7364475096975980 ) ) ;
#2549 = FACE_OUTER_BOUND ( 'NONE', #2068, .T. ) ;
#2550 = EDGE_LOOP ( 'NONE', ( #794, #1688, #1479, #1618 ) ) ;
#2551 = CARTESIAN_POINT ( 'NONE',  ( 460.8261070461869622, 407.9999999999999432, 241.1422276371325495 ) ) ;
#2552 = CARTESIAN_POINT ( 'NONE',  ( 429.0711956553931259, 158.4880954568448601, 206.0641752730045084 ) ) ;
#2553 = DIRECTION ( 'NONE',  ( -2.869044131126252138E-21, -1.131538266383779192E-22, -1.000000000000000000 ) ) ;
#2554 = CARTESIAN_POINT ( 'NONE',  ( 380.2457733312010646, 676.4310924793838922, 187.7338796257602951 ) ) ;
#2555 = CARTESIAN_POINT ( 'NONE',  ( 457.9999999999999432, 407.9999999999999432, 249.2880578929145656 ) ) ;
#2556 =( NAMED_UNIT ( * ) SI_UNIT ( $, .STERADIAN. ) SOLID_ANGLE_UNIT ( ) );
#2557 = FILL_AREA_STYLE_COLOUR ( '', #1540 ) ;
#2558 = CARTESIAN_POINT ( 'NONE',  ( 370.8599062435757787, 146.6202651358163394, 199.6963187245836480 ) ) ;
ENDSEC;
END-ISO-10303-21;
