  0
SECTION
  2
HEADER
  9
$ACADVER
  1
AC1021
  9
$ACADMAINTVER
 70
    50
  9
$DWGCODEPAGE
  3
ANSI_936
  9
$LASTSAVEDBY
  1
jiang
  9
$INSBASE
 10
0.0
 20
0.0
 30
0.0
  9
$EXTMIN
 10
-0.0128164049386896
 20
-0.0090630292066862
 30
-0.0015258207003583
  9
$EXTMAX
 10
253.1304939476895
 20
406.8613594619805
 30
0.0000000349246037
  9
$LIMMIN
 10
0.0
 20
0.0
  9
$LIMMAX
 10
420.0
 20
297.0
  9
$ORTHOMODE
 70
     0
  9
$REGENMODE
 70
     1
  9
$FILLMODE
 70
     1
  9
$QTEXTMODE
 70
     0
  9
$MIRRTEXT
 70
     0
  9
$LTSCALE
 40
1.0
  9
$ATTMODE
 70
     1
  9
$TEXTSIZE
 40
2.5
  9
$TRACEWID
 40
1.0
  9
$TEXTSTYLE
  7
Standard
  9
$CLAYER
  8
0
  9
$CELTYPE
  6
ByLayer
  9
$CECOLOR
 62
   256
  9
$CELTSCALE
 40
1.0
  9
$DISPSILH
 70
     0
  9
$DIMSCALE
 40
1.0
  9
$DIMASZ
 40
2.5
  9
$DIMEXO
 40
0.625
  9
$DIMDLI
 40
3.75
  9
$DIMRND
 40
0.0
  9
$DIMDLE
 40
0.0
  9
$DIMEXE
 40
1.25
  9
$DIMTP
 40
0.0
  9
$DIMTM
 40
0.0
  9
$DIMTXT
 40
2.5
  9
$DIMCEN
 40
2.5
  9
$DIMTSZ
 40
0.0
  9
$DIMTOL
 70
     0
  9
$DIMLIM
 70
     0
  9
$DIMTIH
 70
     0
  9
$DIMTOH
 70
     0
  9
$DIMSE1
 70
     0
  9
$DIMSE2
 70
     0
  9
$DIMTAD
 70
     1
  9
$DIMZIN
 70
     8
  9
$DIMBLK
  1

  9
$DIMASO
 70
     1
  9
$DIMSHO
 70
     1
  9
$DIMPOST
  1

  9
$DIMAPOST
  1

  9
$DIMALT
 70
     0
  9
$DIMALTD
 70
     3
  9
$DIMALTF
 40
0.03937007874016
  9
$DIMLFAC
 40
1.0
  9
$DIMTOFL
 70
     1
  9
$DIMTVP
 40
0.0
  9
$DIMTIX
 70
     0
  9
$DIMSOXD
 70
     0
  9
$DIMSAH
 70
     0
  9
$DIMBLK1
  1

  9
$DIMBLK2
  1

  9
$DIMSTYLE
  2
ISO-25
  9
$DIMCLRD
 70
     0
  9
$DIMCLRE
 70
     0
  9
$DIMCLRT
 70
     0
  9
$DIMTFAC
 40
1.0
  9
$DIMGAP
 40
0.625
  9
$DIMJUST
 70
     0
  9
$DIMSD1
 70
     0
  9
$DIMSD2
 70
     0
  9
$DIMTOLJ
 70
     0
  9
$DIMTZIN
 70
     8
  9
$DIMALTZ
 70
     0
  9
$DIMALTTZ
 70
     0
  9
$DIMUPT
 70
     0
  9
$DIMDEC
 70
     2
  9
$DIMTDEC
 70
     2
  9
$DIMALTU
 70
     2
  9
$DIMALTTD
 70
     3
  9
$DIMTXSTY
  7
Standard
  9
$DIMAUNIT
 70
     0
  9
$DIMADEC
 70
     0
  9
$DIMALTRND
 40
0.0
  9
$DIMAZIN
 70
     0
  9
$DIMDSEP
 70
    44
  9
$DIMATFIT
 70
     3
  9
$DIMFRAC
 70
     0
  9
$DIMLDRBLK
  1

  9
$DIMLUNIT
 70
     2
  9
$DIMLWD
 70
    -2
  9
$DIMLWE
 70
    -2
  9
$DIMTMOVE
 70
     0
  9
$DIMFXL
 40
1.0
  9
$DIMFXLON
 70
     0
  9
$DIMJOGANG
 40
0.7853981633974483
  9
$DIMTFILL
 70
     0
  9
$DIMTFILLCLR
 70
     0
  9
$DIMARCSYM
 70
     0
  9
$DIMLTYPE
  6

  9
$DIMLTEX1
  6

  9
$DIMLTEX2
  6

  9
$LUNITS
 70
     2
  9
$LUPREC
 70
     4
  9
$SKETCHINC
 40
1.0
  9
$FILLETRAD
 40
0.0
  9
$AUNITS
 70
     0
  9
$AUPREC
 70
     0
  9
$MENU
  1
.
  9
$ELEVATION
 40
0.0
  9
$PELEVATION
 40
0.0
  9
$THICKNESS
 40
0.0
  9
$LIMCHECK
 70
     0
  9
$CHAMFERA
 40
0.0
  9
$CHAMFERB
 40
0.0
  9
$CHAMFERC
 40
0.0
  9
$CHAMFERD
 40
0.0
  9
$SKPOLY
 70
     0
  9
$TDCREATE
 40
2460743.819259260
  9
$TDUCREATE
 40
2460743.485925926
  9
$TDUPDATE
 40
2460743.819594908
  9
$TDUUPDATE
 40
2460743.486261574
  9
$TDINDWG
 40
0.0003356481
  9
$TDUSRTIMER
 40
0.0003356481
  9
$USRTIMER
 70
     1
  9
$ANGBASE
 50
0.0
  9
$ANGDIR
 70
     0
  9
$PDMODE
 70
     0
  9
$PDSIZE
 40
0.0
  9
$PLINEWID
 40
0.0
  9
$SPLFRAME
 70
     0
  9
$SPLINETYPE
 70
     6
  9
$SPLINESEGS
 70
     8
  9
$HANDSEED
  5
7E9
  9
$SURFTAB1
 70
     6
  9
$SURFTAB2
 70
     6
  9
$SURFTYPE
 70
     6
  9
$SURFU
 70
     6
  9
$SURFV
 70
     6
  9
$UCSBASE
  2

  9
$UCSNAME
  2

  9
$UCSORG
 10
0.0
 20
0.0
 30
0.0
  9
$UCSXDIR
 10
1.0
 20
0.0
 30
0.0
  9
$UCSYDIR
 10
0.0
 20
1.0
 30
0.0
  9
$UCSORTHOREF
  2

  9
$UCSORTHOVIEW
 70
     0
  9
$UCSORGTOP
 10
0.0
 20
0.0
 30
0.0
  9
$UCSORGBOTTOM
 10
0.0
 20
0.0
 30
0.0
  9
$UCSORGLEFT
 10
0.0
 20
0.0
 30
0.0
  9
$UCSORGRIGHT
 10
0.0
 20
0.0
 30
0.0
  9
$UCSORGFRONT
 10
0.0
 20
0.0
 30
0.0
  9
$UCSORGBACK
 10
0.0
 20
0.0
 30
0.0
  9
$PUCSBASE
  2

  9
$PUCSNAME
  2

  9
$PUCSORG
 10
0.0
 20
0.0
 30
0.0
  9
$PUCSXDIR
 10
1.0
 20
0.0
 30
0.0
  9
$PUCSYDIR
 10
0.0
 20
1.0
 30
0.0
  9
$PUCSORTHOREF
  2

  9
$PUCSORTHOVIEW
 70
     0
  9
$PUCSORGTOP
 10
0.0
 20
0.0
 30
0.0
  9
$PUCSORGBOTTOM
 10
0.0
 20
0.0
 30
0.0
  9
$PUCSORGLEFT
 10
0.0
 20
0.0
 30
0.0
  9
$PUCSORGRIGHT
 10
0.0
 20
0.0
 30
0.0
  9
$PUCSORGFRONT
 10
0.0
 20
0.0
 30
0.0
  9
$PUCSORGBACK
 10
0.0
 20
0.0
 30
0.0
  9
$USERI1
 70
     0
  9
$USERI2
 70
     0
  9
$USERI3
 70
     0
  9
$USERI4
 70
     0
  9
$USERI5
 70
     0
  9
$USERR1
 40
0.0
  9
$USERR2
 40
0.0
  9
$USERR3
 40
0.0
  9
$USERR4
 40
0.0
  9
$USERR5
 40
0.0
  9
$WORLDVIEW
 70
     1
  9
$SHADEDGE
 70
     3
  9
$SHADEDIF
 70
    70
  9
$TILEMODE
 70
     1
  9
$MAXACTVP
 70
    64
  9
$PINSBASE
 10
0.0
 20
0.0
 30
0.0
  9
$PLIMCHECK
 70
     0
  9
$PEXTMIN
 10
0.0
 20
0.0
 30
0.0
  9
$PEXTMAX
 10
0.0
 20
0.0
 30
0.0
  9
$PLIMMIN
 10
0.0
 20
0.0
  9
$PLIMMAX
 10
12.0
 20
9.0
  9
$UNITMODE
 70
     0
  9
$VISRETAIN
 70
     1
  9
$PLINEGEN
 70
     0
  9
$PSLTSCALE
 70
     1
  9
$TREEDEPTH
 70
  3020
  9
$CMLSTYLE
  2
Standard
  9
$CMLJUST
 70
     0
  9
$CMLSCALE
 40
20.0
  9
$PROXYGRAPHICS
 70
     1
  9
$MEASUREMENT
 70
     1
  9
$CELWEIGHT
370
    -1
  9
$ENDCAPS
280
     0
  9
$JOINSTYLE
280
     0
  9
$LWDISPLAY
290
     0
  9
$INSUNITS
 70
     4
  9
$HYPERLINKBASE
  1

  9
$STYLESHEET
  1

  9
$XEDIT
290
     1
  9
$CEPSNTYPE
380
     0
  9
$PSTYLEMODE
290
     1
  9
$FINGERPRINTGUID
  2
{210FF354-2BDA-EE43-8548-C16B85D833F1}
  9
$VERSIONGUID
  2
{3A601BF8-4989-E646-9848-C70F2D16C736}
  9
$EXTNAMES
290
     1
  9
$PSVPSCALE
 40
0.0
  9
$OLESTARTUP
290
     0
  9
$SORTENTS
280
   127
  9
$INDEXCTL
280
     0
  9
$HIDETEXT
280
     1
  9
$XCLIPFRAME
290
     0
  9
$HALOGAP
280
     0
  9
$OBSCOLOR
 70
   257
  9
$OBSLTYPE
280
     0
  9
$INTERSECTIONDISPLAY
280
     0
  9
$INTERSECTIONCOLOR
 70
   257
  9
$DIMASSOC
280
     2
  9
$PROJECTNAME
  1

  9
$CAMERADISPLAY
290
     0
  9
$LENSLENGTH
 40
50.0
  9
$CAMERAHEIGHT
 40
0.0
  9
$STEPSPERSEC
 40
2.0
  9
$STEPSIZE
 40
6.0
  9
$3DDWFPREC
 40
2.0
  9
$PSOLWIDTH
 40
5.0
  9
$PSOLHEIGHT
 40
80.0
  9
$LOFTANG1
 40
1.570796326794896
  9
$LOFTANG2
 40
1.570796326794896
  9
$LOFTMAG1
 40
0.0
  9
$LOFTMAG2
 40
0.0
  9
$LOFTPARAM
 70
     7
  9
$LOFTNORMALS
280
     1
  9
$LATITUDE
 40
37.795
  9
$LONGITUDE
 40
-122.394
  9
$NORTHDIRECTION
 40
0.0
  9
$TIMEZONE
 70
 -8000
  9
$LIGHTGLYPHDISPLAY
280
     1
  9
$TILEMODELIGHTSYNCH
280
     1
  9
$CMATERIAL
347
EC
  9
$SOLIDHIST
280
     0
  9
$SHOWHIST
280
     1
  9
$DWFFRAME
280
     2
  9
$DGNFRAME
280
     0
  9
$REALWORLDSCALE
290
     1
  9
$INTERFERECOLOR
 62
     1
  9
$INTERFEREOBJVS
345
F9
  9
$INTERFEREVPVS
346
F6
  9
$CSHADOW
280
     0
  9
$SHADOWPLANELOCATION
 40
0.0
  0
ENDSEC
  0
SECTION
  2
CLASSES
  0
CLASS
  1
ACDBDICTIONARYWDFLT
  2
AcDbDictionaryWithDefault
  3
ObjectDBX Classes
 90
        0
 91
        1
280
     0
281
     0
  0
CLASS
  1
DICTIONARYVAR
  2
AcDbDictionaryVar
  3
ObjectDBX Classes
 90
        0
 91
       13
280
     0
281
     0
  0
CLASS
  1
TABLESTYLE
  2
AcDbTableStyle
  3
ObjectDBX Classes
 90
     4095
 91
        1
280
     0
281
     0
  0
CLASS
  1
MATERIAL
  2
AcDbMaterial
  3
ObjectDBX Classes
 90
     1153
 91
        3
280
     0
281
     0
  0
CLASS
  1
VISUALSTYLE
  2
AcDbVisualStyle
  3
ObjectDBX Classes
 90
     4095
 91
       24
280
     0
281
     0
  0
CLASS
  1
SCALE
  2
AcDbScale
  3
ObjectDBX Classes
 90
     1153
 91
       17
280
     0
281
     0
  0
CLASS
  1
MLEADERSTYLE
  2
AcDbMLeaderStyle
  3
ACDB_MLEADERSTYLE_CLASS
 90
     4095
 91
        2
280
     0
281
     0
  0
CLASS
  1
CELLSTYLEMAP
  2
AcDbCellStyleMap
  3
ObjectDBX Classes
 90
     1152
 91
        1
280
     0
281
     0
  0
CLASS
  1
EXACXREFPANELOBJECT
  2
ExAcXREFPanelObject
  3
EXAC_ESW
 90
     1025
 91
        1
280
     0
281
     0
  0
CLASS
  1
NPOCOLLECTION
  2
AcDbImpNonPersistentObjectsCollection
  3
ObjectDBX Classes
 90
     1153
 91
        1
280
     0
281
     0
  0
CLASS
  1
LAYER_INDEX
  2
AcDbLayerIndex
  3
ObjectDBX Classes
 90
        0
 91
        0
280
     0
281
     0
  0
CLASS
  1
SPATIAL_INDEX
  2
AcDbSpatialIndex
  3
ObjectDBX Classes
 90
        0
 91
        0
280
     0
281
     0
  0
CLASS
  1
IDBUFFER
  2
AcDbIdBuffer
  3
ObjectDBX Classes
 90
        0
 91
        0
280
     0
281
     0
  0
CLASS
  1
ACDBSECTIONVIEWSTYLE
  2
AcDbSectionViewStyle
  3
ObjectDBX Classes
 90
     1025
 91
        1
280
     0
281
     0
  0
CLASS
  1
ACDBDETAILVIEWSTYLE
  2
AcDbDetailViewStyle
  3
ObjectDBX Classes
 90
     1025
 91
        1
280
     0
281
     0
  0
CLASS
  1
SORTENTSTABLE
  2
AcDbSortentsTable
  3
ObjectDBX Classes
 90
        0
 91
        1
280
     0
281
     0
  0
ENDSEC
  0
SECTION
  2
TABLES
  0
TABLE
  2
VPORT
  5
8
330
0
100
AcDbSymbolTable
 70
     1
  0
VPORT
  5
EA
330
8
100
AcDbSymbolTableRecord
100
AcDbViewportTableRecord
  2
*Active
 70
     0
 10
0.0
 20
0.0
 11
1.0
 21
1.0
 12
209.9935917975306
 22
203.426148216387
 13
0.0
 23
0.0
 14
10.0
 24
10.0
 15
10.0
 25
10.0
 16
0.0
 26
0.0
 36
1.0
 17
0.0
 27
0.0
 37
0.0
 40
408.7866097242697
 41
1.799685781618224
 42
50.0
 43
0.0
 44
0.0
 50
0.0
 51
0.0
 71
     0
 72
  1000
 73
     1
 74
     3
 75
     0
 76
     1
 77
     0
 78
     0
281
     0
 65
     1
110
0.0
120
0.0
130
0.0
111
1.0
121
0.0
131
0.0
112
0.0
122
1.0
132
0.0
 79
     0
146
0.0
348
F5
 60
     3
 61
     5
292
     1
282
     1
141
0.0
142
0.0
 63
   250
421
  3355443
1001
ACAD_NAV_VCDISPLAY
1070
     3
  0
ENDTAB
  0
TABLE
  2
LTYPE
  5
5
330
0
100
AcDbSymbolTable
 70
     1
  0
LTYPE
  5
14
330
5
100
AcDbSymbolTableRecord
100
AcDbLinetypeTableRecord
  2
ByBlock
 70
     0
  3

 72
    65
 73
     0
 40
0.0
  0
LTYPE
  5
15
330
5
100
AcDbSymbolTableRecord
100
AcDbLinetypeTableRecord
  2
ByLayer
 70
     0
  3

 72
    65
 73
     0
 40
0.0
  0
LTYPE
  5
16
330
5
100
AcDbSymbolTableRecord
100
AcDbLinetypeTableRecord
  2
Continuous
 70
     0
  3
Solid line
 72
    65
 73
     0
 40
0.0
  0
ENDTAB
  0
TABLE
  2
LAYER
  5
2
102
{ACAD_XDICTIONARY
360
1FF
102
}
330
0
100
AcDbSymbolTable
 70
     2
  0
LAYER
  5
10
102
{ACAD_XDICTIONARY
360
13C
102
}
330
2
100
AcDbSymbolTableRecord
100
AcDbLayerTableRecord
  2
0
 70
     0
 62
     7
  6
Continuous
370
    -3
390
F
347
EE
  0
LAYER
  5
2BB
102
{ACAD_XDICTIONARY
360
2BC
102
}
330
2
100
AcDbSymbolTableRecord
100
AcDbLayerTableRecord
  2
layer9
 70
     0
 62
   210
  6
Continuous
370
    -3
390
F
347
EE
  0
ENDTAB
  0
TABLE
  2
STYLE
  5
3
330
0
100
AcDbSymbolTable
 70
     2
  0
STYLE
  5
11
330
3
100
AcDbSymbolTableRecord
100
AcDbTextStyleTableRecord
  2
Standard
 70
     0
 40
0.0
 41
1.0
 50
0.0
 71
     0
 42
2.5
  3
arial.ttf
  4

1001
ACAD
1000
Arial
1071
       34
  0
STYLE
  5
132
330
3
100
AcDbSymbolTableRecord
100
AcDbTextStyleTableRecord
  2
Annotative
 70
     0
 40
0.0
 41
1.0
 50
0.0
 71
     0
 42
2.5
  3
arial.ttf
  4

1001
AcadAnnotative
1000
AnnotativeData
1002
{
1070
     1
1070
     1
1002
}
1001
ACAD
1000
Arial
1071
       34
  0
ENDTAB
  0
TABLE
  2
VIEW
  5
6
330
0
100
AcDbSymbolTable
 70
     0
  0
ENDTAB
  0
TABLE
  2
UCS
  5
7
330
0
100
AcDbSymbolTable
 70
     0
  0
ENDTAB
  0
TABLE
  2
APPID
  5
9
330
0
100
AcDbSymbolTable
 70
     8
  0
APPID
  5
12
330
9
100
AcDbSymbolTableRecord
100
AcDbRegAppTableRecord
  2
ACAD
 70
     0
  0
APPID
  5
9E
330
9
100
AcDbSymbolTableRecord
100
AcDbRegAppTableRecord
  2
ACAD_PSEXT
 70
     0
  0
APPID
  5
133
330
9
100
AcDbSymbolTableRecord
100
AcDbRegAppTableRecord
  2
AcadAnnoPO
 70
     0
  0
APPID
  5
134
330
9
100
AcDbSymbolTableRecord
100
AcDbRegAppTableRecord
  2
AcadAnnotative
 70
     0
  0
APPID
  5
135
330
9
100
AcDbSymbolTableRecord
100
AcDbRegAppTableRecord
  2
ACAD_DSTYLE_DIMJAG
 70
     0
  0
APPID
  5
136
330
9
100
AcDbSymbolTableRecord
100
AcDbRegAppTableRecord
  2
ACAD_DSTYLE_DIMTALN
 70
     0
  0
APPID
  5
165
330
9
100
AcDbSymbolTableRecord
100
AcDbRegAppTableRecord
  2
ACAD_MLEADERVER
 70
     0
  0
APPID
  5
217
330
9
100
AcDbSymbolTableRecord
100
AcDbRegAppTableRecord
  2
ACAD_NAV_VCDISPLAY
 70
     0
  0
ENDTAB
  0
TABLE
  2
DIMSTYLE
  5
A
330
0
100
AcDbSymbolTable
 70
     3
100
AcDbDimStyleTable
 71
     2
340
27
340
137
  0
DIMSTYLE
105
1B0
330
A
100
AcDbSymbolTableRecord
100
AcDbDimStyleTableRecord
  2
Standard
 70
     0
340
11
  0
DIMSTYLE
105
137
330
A
100
AcDbSymbolTableRecord
100
AcDbDimStyleTableRecord
  2
Annotative
 70
     0
 40
0.0
 41
2.5
 42
0.625
 43
3.75
 44
1.25
 73
     0
 74
     0
 77
     1
 78
     8
140
2.5
141
2.5
143
0.03937007874016
147
0.625
171
     3
172
     1
271
     2
272
     2
274
     3
278
    44
283
     0
284
     8
340
11
1001
AcadAnnotative
1000
AnnotativeData
1002
{
1070
     1
1070
     1
1002
}
1001
ACAD_DSTYLE_DIMJAG
1070
   388
1040
1.5
1001
ACAD_DSTYLE_DIMTALN
1070
   392
1070
     0
  0
DIMSTYLE
105
27
330
A
100
AcDbSymbolTableRecord
100
AcDbDimStyleTableRecord
  2
ISO-25
 70
     0
 41
2.5
 42
0.625
 43
3.75
 44
1.25
 73
     0
 74
     0
 77
     1
 78
     8
140
2.5
141
2.5
143
0.03937007874016
147
0.625
171
     3
172
     1
271
     2
272
     2
274
     3
278
    44
283
     0
284
     8
340
11
  0
ENDTAB
  0
TABLE
  2
BLOCK_RECORD
  5
1
330
0
100
AcDbSymbolTable
 70
     2
  0
BLOCK_RECORD
  5
1F
102
{ACAD_XDICTIONARY
360
1CE
102
}
330
1
100
AcDbSymbolTableRecord
100
AcDbBlockTableRecord
  2
*Model_Space
340
22
 70
     0
280
     1
281
     0
  0
BLOCK_RECORD
  5
D2
330
1
100
AcDbSymbolTableRecord
100
AcDbBlockTableRecord
  2
*Paper_Space
340
D3
 70
     0
280
     1
281
     0
  0
BLOCK_RECORD
  5
D6
330
1
100
AcDbSymbolTableRecord
100
AcDbBlockTableRecord
  2
*Paper_Space0
340
D7
 70
     0
280
     1
281
     0
  0
ENDTAB
  0
ENDSEC
  0
SECTION
  2
BLOCKS
  0
BLOCK
  5
20
330
1F
100
AcDbEntity
  8
0
100
AcDbBlockBegin
  2
*Model_Space
 70
     0
 10
0.0
 20
0.0
 30
0.0
  3
*Model_Space
  1

  0
ENDBLK
  5
21
330
1F
100
AcDbEntity
  8
0
100
AcDbBlockEnd
  0
BLOCK
  5
D4
330
D2
100
AcDbEntity
 67
     1
  8
0
100
AcDbBlockBegin
  2
*Paper_Space
 70
     0
 10
0.0
 20
0.0
 30
0.0
  3
*Paper_Space
  1

  0
ENDBLK
  5
D5
330
D2
100
AcDbEntity
 67
     1
  8
0
100
AcDbBlockEnd
  0
BLOCK
  5
D8
330
D6
100
AcDbEntity
 67
     1
  8
0
100
AcDbBlockBegin
  2
*Paper_Space0
 70
     0
 10
0.0
 20
0.0
 30
0.0
  3
*Paper_Space0
  1

  0
ENDBLK
  5
D9
330
D6
100
AcDbEntity
 67
     1
  8
0
100
AcDbBlockEnd
  0
ENDSEC
  0
SECTION
  2
ENTITIES
  0
ARC
  5
536
330
1F
100
AcDbEntity
  8
layer9
 62
     7
100
AcDbCircle
 10
6.521608352661132
 20
399.4486236572265
 30
0.0
 40
6.521608217701486
100
AcDbArc
 50
101.767535572534
 51
250.5122759397308
  0
ARC
  5
537
330
1F
100
AcDbEntity
  8
layer9
 62
     7
100
AcDbCircle
 10
10.56310796737671
 20
392.2879338264465
 30
0.0
 40
14.57142969432981
100
AcDbArc
 50
59.23416758855172
 51
111.631411849112
  0
ARC
  5
538
330
1F
100
AcDbEntity
  8
layer9
 62
     7
100
AcDbCircle
 10
5.562833309173583
 20
373.39892578125
 30
0.0
 40
33.78865813725048
100
AcDbArc
 50
34.91220804985282
 51
68.37161693479555
  0
ARC
  5
539
330
1F
100
AcDbEntity
  8
layer9
 62
     7
100
AcDbCircle
 10
-2.028626918792724
 20
363.9427337646484
 30
0.0
 40
30.04198598583657
100
AcDbArc
 50
34.92553209646489
 51
77.74929801497799
  0
ARC
  5
53A
330
1F
100
AcDbEntity
  8
layer9
 62
     7
100
AcDbCircle
 10
8.44234275817871
 20
370.4918975830078
 30
0.0
 40
17.71843239364661
100
AcDbArc
 50
334.828830125914
 51
36.94731376130783
  0
ARC
  5
53B
330
1F
100
AcDbEntity
  8
layer9
 62
     7
100
AcDbCircle
 10
3.337644100189208
 20
371.3481755256653
 30
0.0
 40
36.78933075017865
100
AcDbArc
 50
0.918399064096765
 51
35.54788219266873
  0
ARC
  5
53C
330
1F
100
AcDbEntity
  8
layer9
 62
     7
100
AcDbCircle
 10
-45.61352777481078
 20
370.4927062988281
 30
0.0
 40
85.7479573294761
100
AcDbArc
 50
347.3456438593752
 51
0.9656706093616433
  0
ARC
  5
53D
330
1F
100
AcDbEntity
  8
layer9
 62
     7
100
AcDbCircle
 10
69.04095697402954
 20
342.4930038452148
 30
0.0
 40
49.03633318354967
100
AcDbArc
 50
155.3358039952364
 51
189.2366145174577
  0
ARC
  5
53E
330
1F
100
AcDbEntity
  8
layer9
 62
     7
100
AcDbCircle
 10
75.11775016784667
 20
331.0793304443359
 30
0.0
 40
55.05006989190064
100
AcDbArc
 50
174.1745548978452
 51
219.8566988127131
  0
ARC
  5
53F
330
1F
100
AcDbEntity
  8
layer9
 62
     7
100
AcDbCircle
 10
99.00137519836427
 20
327.0367965698242
 30
0.0
 40
65.75368920442906
100
AcDbArc
 50
157.9629536187784
 51
187.5159763637154
  0
ARC
  5
540
330
1F
100
AcDbEntity
  8
layer9
 62
     7
100
AcDbCircle
 10
62.51642799377441
 20
328.2394633293152
 30
0.0
 40
30.33176605933313
100
AcDbArc
 50
198.8569443133866
 51
244.4057444389504
  0
ARC
  5
541
330
1F
100
AcDbEntity
  8
layer9
 62
     7
100
AcDbCircle
 10
56.50886726379394
 20
306.6789288520813
 30
0.0
 40
9.161297600923667
100
AcDbArc
 50
219.2382703268707
 51
270.3051196910586
  0
ARC
  5
542
330
1F
100
AcDbEntity
  8
layer9
 62
     7
100
AcDbCircle
 10
26.72782707214356
 20
386.8334612846375
 30
0.0
 40
11.00596721025703
100
AcDbArc
 50
87.26169057378148
 51
173.2654827640864
  0
ARC
  5
543
330
1F
100
AcDbEntity
  8
layer9
 62
     7
100
AcDbCircle
 10
34.82100105285645
 20
369.7895698547363
 30
0.0
 40
15.31123838231903
100
AcDbArc
 50
79.70201283531887
 51
130.3291512017396
  0
ARC
  5
544
330
1F
100
AcDbEntity
  8
layer9
 62
     7
100
AcDbCircle
 10
34.26664590835571
 20
367.1203808784485
 30
0.0
 40
9.522468119905935
100
AcDbArc
 50
61.42525148062471
 51
107.8940424552146
  0
ARC
  5
545
330
1F
100
AcDbEntity
  8
layer9
 62
     7
100
AcDbCircle
 10
34.46884727478027
 20
361.3398056030273
 30
0.0
 40
6.789936932819768
100
AcDbArc
 50
35.77543817670337
 51
140.5374510763557
  0
ARC
  5
546
330
1F
100
AcDbEntity
  8
layer9
 62
     7
100
AcDbCircle
 10
31.52344703674316
 20
347.6674914360046
 30
0.0
 40
7.552759053422528
100
AcDbArc
 50
41.45275353777637
 51
126.7516096288814
  0
ARC
  5
547
330
1F
100
AcDbEntity
  8
layer9
 62
     7
100
AcDbCircle
 10
28.58224296569824
 20
339.123649597168
 30
0.0
 40
5.241922212714333
100
AcDbArc
 50
13.85408072471915
 51
172.6594196910268
  0
ARC
  5
548
330
1F
100
AcDbEntity
  8
layer9
 62
     7
100
AcDbCircle
 10
38.61829233169556
 20
492.901138305664
 30
0.0
 40
163.6514476942194
100
AcDbArc
 50
265.1499394696246
 51
268.1334706941802
  0
ARC
  5
549
330
1F
100
AcDbEntity
  8
layer9
 62
     7
100
AcDbCircle
 10
29.31194496154785
 20
315.551353931427
 30
0.0
 40
4.238435245319738
100
AcDbArc
 50
33.46521478403114
 51
164.0270961135456
  0
ARC
  5
54A
330
1F
100
AcDbEntity
  8
layer9
 62
     7
100
AcDbCircle
 10
35.30342626571655
 20
305.2159304618835
 30
0.0
 40
5.314138088234012
100
AcDbArc
 50
40.18101052053959
 51
165.4769394047245
  0
ARC
  5
54B
330
1F
100
AcDbEntity
  8
layer9
 62
     7
100
AcDbCircle
 10
44.03272819519043
 20
291.1816787719727
 30
0.0
 40
9.622577013091078
100
AcDbArc
 50
73.82224170568628
 51
141.0943430648586
  0
ARC
  5
54C
330
1F
100
AcDbEntity
  8
layer9
 62
     7
100
AcDbCircle
 10
45.52016973495483
 20
311.291000366211
 30
0.0
 40
18.07488124757037
100
AcDbArc
 50
244.9126001341114
 51
296.8532189725069
  0
ARC
  5
54D
330
1F
100
AcDbEntity
  8
layer9
 62
     7
100
AcDbCircle
 10
-4.304731845855712
 20
300.6055064201355
 30
0.0
 40
29.8834220517679
100
AcDbArc
 50
282.187972843596
 51
328.887418655043
  0
ARC
  5
54E
330
1F
100
AcDbEntity
  8
layer9
 62
     7
100
AcDbCircle
 10
-69.74196815490723
 20
395.8788537979126
 30
0.0
 40
143.3274800904494
100
AcDbArc
 50
309.4246990809548
 51
316.3179988507622
  0
ARC
  5
54F
330
1F
100
AcDbEntity
  8
layer9
 62
     7
100
AcDbCircle
 10
38.41888999938965
 20
263.708122253418
 30
0.0
 40
23.87928907788906
100
AcDbArc
 50
84.26462486430448
 51
135.0144696992647
  0
ARC
  5
550
330
1F
100
AcDbEntity
  8
layer9
 62
     7
100
AcDbCircle
 10
8.883649826049804
 20
277.5295176506042
 30
0.0
 40
9.216865029993623
100
AcDbArc
 50
221.7211039483436
 51
277.8043797114721
  0
ARC
  5
551
330
1F
100
AcDbEntity
  8
layer9
 62
     7
100
AcDbCircle
 10
15.36501932144165
 20
259.9757995605469
 30
0.0
 40
10.68912875199634
100
AcDbArc
 50
123.3750956401501
 51
200.5212643446346
  0
ARC
  5
552
330
1F
100
AcDbEntity
  8
layer9
 62
     7
100
AcDbCircle
 10
11.48324012756347
 20
256.5077476501465
 30
0.0
 40
6.135390962472293
100
AcDbArc
 50
96.52820400329545
 51
182.6070543133253
  0
ARC
  5
553
330
1F
100
AcDbEntity
  8
layer9
 62
     7
100
AcDbCircle
 10
17.81252431869507
 20
257.4195485115051
 30
0.0
 40
8.733717477200841
100
AcDbArc
 50
143.5935110661508
 51
214.720386296616
  0
ARC
  5
554
330
1F
100
AcDbEntity
  8
layer9
 62
     7
100
AcDbCircle
 10
12.97116327285766
 20
254.4483256340027
 30
0.0
 40
3.077406166867155
100
AcDbArc
 50
76.67698549890015
 51
220.4419905530984
  0
ARC
  5
555
330
1F
100
AcDbEntity
  8
layer9
 62
     7
100
AcDbCircle
 10
-137.3599572181701
 20
174.0332984924316
 30
0.0
 40
172.2572404299621
100
AcDbArc
 50
17.24225478785777
 51
28.79019313561788
  0
ARC
  5
556
330
1F
100
AcDbEntity
  8
layer9
 62
     7
100
AcDbCircle
 10
77.97813224792481
 20
251.6040496826172
 30
0.0
 40
57.32143829097407
100
AcDbArc
 50
207.5490202799665
 51
225.7594014686116
  0
ARC
  5
557
330
1F
100
AcDbEntity
  8
layer9
 62
     7
100
AcDbCircle
 10
45.77049112319946
 20
215.9314427375794
 30
0.0
 40
9.469907320820679
100
AcDbArc
 50
214.7175594240948
 51
276.4421386860169
  0
ARC
  5
558
330
1F
100
AcDbEntity
  8
layer9
 62
     7
100
AcDbCircle
 10
103.7995553016662
 20
211.5844645500183
 30
0.0
 40
57.19110387194039
100
AcDbArc
 50
185.079047262896
 51
207.6796547572877
  0
ARC
  5
559
330
1F
100
AcDbEntity
  8
layer9
 62
     7
100
AcDbCircle
 10
93.22871208190917
 20
206.5919156074524
 30
0.0
 40
45.51345743797849
100
AcDbArc
 50
208.2955968636975
 51
232.1403040346617
  0
ARC
  5
55A
330
1F
100
AcDbEntity
  8
layer9
 62
     7
100
AcDbCircle
 10
54.66348838806152
 20
265.2726826667786
 30
0.0
 40
38.62992466074956
100
AcDbArc
 50
157.4704659111152
 51
166.8145791836798
  0
ARC
  5
55B
330
1F
100
AcDbEntity
  8
layer9
 62
     7
100
AcDbCircle
 10
18.96290016174316
 20
273.222984790802
 30
0.0
 40
2.096072236173245
100
AcDbArc
 50
12.53042569925338
 51
155.7377121332981
  0
ARC
  5
55C
330
1F
100
AcDbEntity
  8
layer9
 62
     7
100
AcDbCircle
 10
27.24268198013306
 20
261.5664176940918
 30
0.0
 40
13.62139509462532
100
AcDbArc
 50
73.49225751089592
 51
117.2346244243316
  0
ARC
  5
55D
330
1F
100
AcDbEntity
  8
layer9
 62
     7
100
AcDbCircle
 10
33.13971090316773
 20
287.488178730011
 30
0.0
 40
13.02050031723311
100
AcDbArc
 50
261.0457724504743
 51
305.6547538151286
  0
ARC
  5
55E
330
1F
100
AcDbEntity
  8
layer9
 62
     7
100
AcDbCircle
 10
14.18770408630371
 20
291.0744857788086
 30
0.0
 40
30.08547644719108
100
AcDbArc
 50
331.9098992136421
 51
353.3124143598684
  0
ARC
  5
55F
330
1F
100
AcDbEntity
  8
layer9
 62
     7
100
AcDbCircle
 10
17.14521980285644
 20
318.8041615486145
 30
0.0
 40
41.72569923321496
100
AcDbArc
 50
310.0158121749132
 51
322.1337624388571
  0
LINE
  5
560
330
1F
100
AcDbEntity
  8
layer9
 62
     7
100
AcDbLine
 10
27.58970832824707
 20
271.2113499641418
 30
0.0
 11
31.87202215194702
 21
271.7642517089844
 31
0.0
  0
LINE
  5
561
330
1F
100
AcDbEntity
  8
layer9
 62
     7
100
AcDbLine
 10
31.87202215194702
 20
271.7642517089844
 30
0.0
 11
30.90714025497437
 21
269.5526313781738
 31
0.0
  0
LINE
  5
562
330
1F
100
AcDbEntity
  8
layer9
 62
     7
100
AcDbLine
 10
30.90714025497437
 20
269.5526313781738
 30
0.0
 11
27.58970832824707
 21
271.0053634643555
 31
0.0
  0
ARC
  5
563
330
1F
100
AcDbEntity
  8
layer9
 62
     7
100
AcDbCircle
 10
31.1161789894104
 20
258.9539608955383
 30
0.0
 40
7.342378899766582
100
AcDbArc
 50
93.32502563474008
 51
164.7079272683948
  0
ARC
  5
564
330
1F
100
AcDbEntity
  8
layer9
 62
     7
100
AcDbCircle
 10
22.59194707870483
 20
269.4743156433105
 30
0.0
 40
8.704126038770986
100
AcDbArc
 50
279.5348240989691
 51
340.97072367112
  0
ARC
  5
565
330
1F
100
AcDbEntity
  8
layer9
 62
     7
100
AcDbCircle
 10
27.20399284362793
 20
252.4603195190429
 30
0.0
 40
2.294130200125251
100
AcDbArc
 50
132.6691943969377
 51
302.7827933327307
  0
ARC
  5
566
330
1F
100
AcDbEntity
  8
layer9
 62
     7
100
AcDbCircle
 10
55.86697626113892
 20
233.0886998176575
 30
0.0
 40
32.49853786152242
100
AcDbArc
 50
130.1606724063807
 51
147.5388027963058
  0
ARC
  5
567
330
1F
100
AcDbEntity
  8
layer9
 62
     7
100
AcDbCircle
 10
35.13177299499512
 20
250.3859896659851
 30
0.0
 40
10.20133107321863
100
AcDbArc
 50
112.8025823246183
 51
158.3649708618763
  0
ARC
  5
568
330
1F
100
AcDbEntity
  8
layer9
 62
     7
100
AcDbCircle
 10
34.49541997909546
 20
256.8862562179565
 30
0.0
 40
4.408638718258013
100
AcDbArc
 50
66.82749699232196
 51
138.8023910654148
  0
ARC
  5
569
330
1F
100
AcDbEntity
  8
layer9
 62
     7
100
AcDbCircle
 10
43.83284473419189
 20
263.9526596069336
 30
0.0
 40
8.178061641396142
100
AcDbArc
 50
115.2908308538731
 51
201.6217724600468
  0
ARC
  5
56A
330
1F
100
AcDbEntity
  8
layer9
 62
     7
100
AcDbCircle
 10
46.96325874328613
 20
261.0900268554687
 30
0.0
 40
12.20993916464654
100
AcDbArc
 50
105.8190541934131
 51
122.8556435361936
  0
ARC
  5
56B
330
1F
100
AcDbEntity
  8
layer9
 62
     7
100
AcDbCircle
 10
38.97894906997681
 20
270.4849815368652
 30
0.0
 40
4.833842494013878
100
AcDbArc
 50
355.433337079676
 51
27.61383565454791
  0
ARC
  5
56C
330
1F
100
AcDbEntity
  8
layer9
 62
     7
100
AcDbCircle
 10
38.49347496032715
 20
279.9330825805664
 30
0.0
 40
10.26326360540428
100
AcDbArc
 50
300.9357608411158
 51
355.8814013247487
  0
ARC
  5
56D
330
1F
100
AcDbEntity
  8
layer9
 62
     7
100
AcDbCircle
 10
20.60095834732056
 20
283.1150894165039
 30
0.0
 40
28.40098193899807
100
AcDbArc
 50
352.0683087545336
 51
0.3936952941783799
  0
ARC
  5
56E
330
1F
100
AcDbEntity
  8
layer9
 62
     7
100
AcDbCircle
 10
36.47106695175171
 20
294.5653686523438
 30
0.0
 40
16.97444144848002
100
AcDbArc
 50
317.5800335213891
 51
351.5649893059267
  0
ARC
  5
56F
330
1F
100
AcDbEntity
  8
layer9
 62
     7
100
AcDbCircle
 10
57.74752616882324
 20
292.1256523132324
 30
0.0
 40
4.485912164395976
100
AcDbArc
 50
102.2442180453637
 51
180.6415046331401
  0
ARC
  5
570
330
1F
100
AcDbEntity
  8
layer9
 62
     7
100
AcDbCircle
 10
72.18419027328491
 20
287.9686965942383
 30
0.0
 40
18.31320271142462
100
AcDbArc
 50
85.63349685013594
 51
148.5717489400063
  0
ARC
  5
571
330
1F
100
AcDbEntity
  8
layer9
 62
     7
100
AcDbCircle
 10
105.9398169517517
 20
262.4133496284485
 30
0.0
 40
54.47058714604864
100
AcDbArc
 50
114.7312604079067
 51
126.4489793120731
  0
ARC
  5
572
330
1F
100
AcDbEntity
  8
layer9
 62
     7
100
AcDbCircle
 10
56.74876976013184
 20
938.5089793205262
 30
0.0
 40
627.1770721478262
100
AcDbArc
 50
272.4127258692393
 51
274.7091140486619
  0
ARC
  5
573
330
1F
100
AcDbEntity
  8
layer9
 62
     7
100
AcDbCircle
 10
162.1310062408447
 20
252.2251286506653
 30
0.0
 40
85.27240931301617
100
AcDbArc
 50
123.097366705161
 51
133.8707876579445
  0
ARC
  5
574
330
1F
100
AcDbEntity
  8
layer9
 62
     7
100
AcDbCircle
 10
121.9333019256592
 20
322.0056915283203
 30
0.0
 40
6.578279751944839
100
AcDbArc
 50
75.41882489097907
 51
165.4209386346011
  0
ARC
  5
575
330
1F
100
AcDbEntity
  8
layer9
 62
     7
100
AcDbCircle
 10
128.6889743804931
 20
352.9294586181641
 30
0.0
 40
25.08126297297704
100
AcDbArc
 50
258.2686858644901
 51
289.5093090746182
  0
ARC
  5
576
330
1F
100
AcDbEntity
  8
layer9
 62
     7
100
AcDbCircle
 10
122.0693950653076
 20
349.6752586364746
 30
0.0
 40
25.23092821813656
100
AcDbArc
 50
305.7576653177592
 51
325.6401039598977
  0
ARC
  5
577
330
1F
100
AcDbEntity
  8
layer9
 62
     7
100
AcDbCircle
 10
134.3001036643982
 20
333.4649357795715
 30
0.0
 40
8.820507142507262
100
AcDbArc
 50
313.6943294382789
 51
12.90718897030372
  0
ARC
  5
578
330
1F
100
AcDbEntity
  8
layer9
 62
     7
100
AcDbCircle
 10
150.0433940887451
 20
307.9048843383789
 30
0.0
 40
21.47302860998793
100
AcDbArc
 50
84.76011795473644
 51
116.7052186479361
  0
ARC
  5
579
330
1F
100
AcDbEntity
  8
layer9
 62
     7
100
AcDbCircle
 10
155.1464858055114
 20
312.3776774406433
 30
0.0
 40
17.19993250541041
100
AcDbArc
 50
100.5257962779437
 51
135.306434598004
  0
ARC
  5
57A
330
1F
100
AcDbEntity
  8
layer9
 62
     7
100
AcDbCircle
 10
215.8812427520752
 20
483.9609608650207
 30
0.0
 40
175.3833293719894
100
AcDbArc
 50
245.4168573954949
 51
251.7431564405042
  0
ARC
  5
57B
330
1F
100
AcDbEntity
  8
layer9
 62
     7
100
AcDbCircle
 10
-836.4432048797606
 20
-308.8490824699402
 30
0.0
 40
1177.694430769705
100
AcDbArc
 50
30.83795623807255
 51
32.12468957931836
  0
ARC
  5
57C
330
1F
100
AcDbEntity
  8
layer9
 62
     7
100
AcDbCircle
 10
192.1000189781189
 20
291.9944267272949
 30
0.0
 40
19.08686691058344
100
AcDbArc
 50
165.5793644642896
 51
212.9477707599364
  0
ARC
  5
57D
330
1F
100
AcDbEntity
  8
layer9
 62
     7
100
AcDbCircle
 10
287.2690677642822
 20
331.6723523139954
 30
0.0
 40
121.9854538491077
100
AcDbArc
 50
204.0765310462976
 51
212.02284605952
  0
ARC
  5
57E
330
1F
100
AcDbEntity
  8
layer9
 62
     7
100
AcDbCircle
 10
116.5403499603271
 20
320.9202466011047
 30
0.0
 40
1.229144933626889
100
AcDbArc
 50
170.4259470639246
 51
17.37514872817074
  0
ARC
  5
57F
330
1F
100
AcDbEntity
  8
layer9
 62
     7
100
AcDbCircle
 10
127.721028804779
 20
306.7576365470886
 30
0.0
 40
17.04852544398171
100
AcDbArc
 50
98.26662381734584
 51
125.9340328458901
  0
ARC
  5
580
330
1F
100
AcDbEntity
  8
layer9
 62
     7
100
AcDbCircle
 10
117.3291912078857
 20
326.5412340164185
 30
0.0
 40
8.457785778281246
100
AcDbArc
 50
280.0722891857644
 51
339.8595189102427
  0
ARC
  5
581
330
1F
100
AcDbEntity
  8
layer9
 62
     7
100
AcDbCircle
 10
125.6906180381775
 20
325.7794003486633
 30
0.0
 40
9.895851423703943
100
AcDbArc
 50
229.1283251006891
 51
280.5536443280532
  0
ARC
  5
582
330
1F
100
AcDbEntity
  8
layer9
 62
     7
100
AcDbCircle
 10
125.6630082130432
 20
321.372932434082
 30
0.0
 40
5.603399237399297
100
AcDbArc
 50
287.0856673988393
 51
14.35015071746614
  0
ARC
  5
583
330
1F
100
AcDbEntity
  8
layer9
 62
     7
100
AcDbCircle
 10
138.5642762184143
 20
329.982521533966
 30
0.0
 40
9.887825189627584
100
AcDbArc
 50
224.7896383001541
 51
301.5127193295417
  0
ARC
  5
584
330
1F
100
AcDbEntity
  8
layer9
 62
     7
100
AcDbCircle
 10
143.5481700897216
 20
322.344913482666
 30
0.0
 40
0.86776074795794
100
AcDbArc
 50
274.1302116246975
 51
27.48931367051985
  0
ARC
  5
585
330
1F
100
AcDbEntity
  8
layer9
 62
     7
100
AcDbCircle
 10
143.3855910301208
 20
324.4847683906555
 30
0.0
 40
1.973450533289243
100
AcDbArc
 50
85.90432747930847
 51
298.1937140456812
  0
ARC
  5
586
330
1F
100
AcDbEntity
  8
layer9
 62
     7
100
AcDbCircle
 10
164.1964359283447
 20
309.2887196540833
 30
0.0
 40
31.69840842994041
100
AcDbArc
 50
139.4779750603204
 51
149.5505277600723
  0
ARC
  5
587
330
1F
100
AcDbEntity
  8
layer9
 62
     7
100
AcDbCircle
 10
137.8034462928772
 20
325.2016224861145
 30
0.0
 40
0.7843355391915309
100
AcDbArc
 50
175.2873760265705
 51
327.3261396131726
  0
ARC
  5
588
330
1F
100
AcDbEntity
  8
layer9
 62
     7
100
AcDbCircle
 10
143.9493536949157
 20
317.1867146492004
 30
0.0
 40
9.366074503904007
100
AcDbArc
 50
88.80616060480175
 51
125.8522881040335
  0
ARC
  5
589
330
1F
100
AcDbEntity
  8
layer9
 62
     7
100
AcDbCircle
 10
122.6353588104248
 20
318.6952667236328
 30
0.0
 40
7.700311066901264
100
AcDbArc
 50
75.31985641353981
 51
161.6092685676784
  0
ARC
  5
58A
330
1F
100
AcDbEntity
  8
layer9
 62
     7
100
AcDbCircle
 10
131.7826480865478
 20
273.304904460907
 30
0.0
 40
53.37052903316035
100
AcDbArc
 50
88.84474564463262
 51
97.87031915216347
  0
ARC
  5
58B
330
1F
100
AcDbEntity
  8
layer9
 62
     7
100
AcDbCircle
 10
133.3086380958557
 20
335.4067306518555
 30
0.0
 40
8.753717261665673
100
AcDbArc
 50
267.0537428099676
 51
320.8871568904761
  0
ARC
  5
58C
330
1F
100
AcDbEntity
  8
layer9
 62
     7
100
AcDbCircle
 10
81.01992225646972
 20
243.5868687629699
 30
0.0
 40
74.97702034006984
100
AcDbArc
 50
52.23337684395431
 51
68.71419560213509
  0
ARC
  5
58D
330
1F
100
AcDbEntity
  8
layer9
 62
     7
100
AcDbCircle
 10
110.1919689178467
 20
292.6707305908203
 30
0.0
 40
19.37488182488443
100
AcDbArc
 50
18.50074789818258
 51
33.11693265884795
  0
ARC
  5
58E
330
1F
100
AcDbEntity
  8
layer9
 62
     7
100
AcDbCircle
 10
253.7007040977478
 20
356.7197957038879
 30
0.0
 40
127.4528411739096
100
AcDbArc
 50
201.4168121383991
 51
219.1775511684055
  0
ARC
  5
58F
330
1F
100
AcDbEntity
  8
layer9
 62
     7
100
AcDbCircle
 10
81.08440208435059
 20
272.6589097976685
 30
0.0
 40
28.60948960473721
100
AcDbArc
 50
87.79231868083568
 51
153.8757007674852
  0
ARC
  5
590
330
1F
100
AcDbEntity
  8
layer9
 62
     7
100
AcDbCircle
 10
85.07264089584351
 20
271.6432223320007
 30
0.0
 40
20.78111507507273
100
AcDbArc
 50
83.53647022672538
 51
171.1874911966134
  0
ARC
  5
591
330
1F
100
AcDbEntity
  8
layer9
 62
     7
100
AcDbCircle
 10
109.1865286827087
 20
288.2390289306641
 30
0.0
 40
15.61454085401249
100
AcDbArc
 50
77.91592482836495
 51
162.613972224198
  0
ARC
  5
592
330
1F
100
AcDbEntity
  8
layer9
 62
     7
100
AcDbCircle
 10
99.02352714538574
 20
259.7565007209778
 30
0.0
 40
26.67363206755976
100
AcDbArc
 50
80.92770960183038
 51
159.9356223240977
  0
ARC
  5
593
330
1F
100
AcDbEntity
  8
layer9
 62
     7
100
AcDbCircle
 10
140.405599117279
 20
228.0269465446472
 30
0.0
 40
68.95023150074425
100
AcDbArc
 50
91.64996499703621
 51
122.6274259562991
  0
ARC
  5
594
330
1F
100
AcDbEntity
  8
layer9
 62
     7
100
AcDbCircle
 10
73.508150100708
 20
298.3838577270508
 30
0.0
 40
31.70814580243967
100
AcDbArc
 50
280.2708602845976
 51
336.3327438846157
  0
ARC
  5
595
330
1F
100
AcDbEntity
  8
layer9
 62
     7
100
AcDbCircle
 10
-951.5705738067627
 20
2668.161933898926
 30
0.0
 40
2618.10813414409
100
AcDbArc
 50
293.4216586399323
 51
294.2142305097308
  0
ARC
  5
596
330
1F
100
AcDbEntity
  8
layer9
 62
     7
100
AcDbCircle
 10
180.4045462608337
 20
-31.33258008956909
 30
0.0
 40
319.5179195909127
100
AcDbArc
 50
95.6598438514486
 51
100.8377443083908
  0
ARC
  5
597
330
1F
100
AcDbEntity
  8
layer9
 62
     7
100
AcDbCircle
 10
152.2911744117737
 20
284.5076565742493
 30
0.0
 40
10.55586924941821
100
AcDbArc
 50
41.29411960545197
 51
139.4199407398677
  0
ARC
  5
598
330
1F
100
AcDbEntity
  8
layer9
 62
     7
100
AcDbCircle
 10
166.5221228599548
 20
286.7307167053223
 30
0.0
 40
7.88581068227711
100
AcDbArc
 50
34.37984866742217
 51
143.0253326633543
  0
ARC
  5
599
330
1F
100
AcDbEntity
  8
layer9
 62
     7
100
AcDbCircle
 10
147.8270621299743
 20
298.5110363960266
 30
0.0
 40
7.633238734909903
100
AcDbArc
 50
62.29723617774913
 51
150.8108542564921
  0
ARC
  5
59A
330
1F
100
AcDbEntity
  8
layer9
 62
     7
100
AcDbCircle
 10
41.90734720230103
 20
253.6057858467102
 30
0.0
 40
8.225280761851491
100
AcDbArc
 50
148.3212781073632
 51
205.8717607158651
  0
ARC
  5
59B
330
1F
100
AcDbEntity
  8
layer9
 62
     7
100
AcDbCircle
 10
20.23513889312744
 20
269.5678105354309
 30
0.0
 40
24.20578196275993
100
AcDbArc
 50
306.1274409359506
 51
345.1719532287926
  0
ARC
  5
59C
330
1F
100
AcDbEntity
  8
layer9
 62
     7
100
AcDbCircle
 10
20.47488927841186
 20
274.3989338874817
 30
0.0
 40
32.30053525921615
100
AcDbArc
 50
305.1023905626856
 51
2.625486722390306
  0
ARC
  5
59D
330
1F
100
AcDbEntity
  8
layer9
 62
     7
100
AcDbCircle
 10
-12.01604700088501
 20
181.056037902832
 30
0.0
 40
91.57595423321248
100
AcDbArc
 50
17.38173320004948
 51
38.76536433235329
  0
ARC
  5
59E
330
1F
100
AcDbEntity
  8
layer9
 62
     7
100
AcDbCircle
 10
93.62071704864503
 20
282.7719807624817
 30
0.0
 40
47.88108485058439
100
AcDbArc
 50
231.1455789912788
 51
253.035021173517
  0
ARC
  5
59F
330
1F
100
AcDbEntity
  8
layer9
 62
     7
100
AcDbCircle
 10
97.30991506576538
 20
237.9341883659363
 30
0.0
 40
17.68635299868136
100
AcDbArc
 50
183.1103831121953
 51
248.6102396189892
  0
ARC
  5
5A0
330
1F
100
AcDbEntity
  8
layer9
 62
     7
100
AcDbCircle
 10
35.47335624694824
 20
241.9854044914246
 30
0.0
 40
17.69497035134755
100
AcDbArc
 50
343.6047519233092
 51
37.33154145055031
  0
ARC
  5
5A1
330
1F
100
AcDbEntity
  8
layer9
 62
     7
100
AcDbCircle
 10
55.212984085083
 20
237.2144503593445
 30
0.0
 40
5.039923977770023
100
AcDbArc
 50
239.6397011938402
 51
345.9790499327694
  0
ARC
  5
5A2
330
1F
100
AcDbEntity
  8
layer9
 62
     7
100
AcDbCircle
 10
29.55344200134277
 20
200.7652435302734
 30
0.0
 40
38.27709021358401
100
AcDbArc
 50
36.23427808587434
 51
53.05988797767548
  0
ARC
  5
5A3
330
1F
100
AcDbEntity
  8
layer9
 62
     7
100
AcDbCircle
 10
55.92108726501464
 20
213.3443837165832
 30
0.0
 40
11.62115981062869
100
AcDbArc
 50
61.85011818109619
 51
105.1575506329991
  0
ARC
  5
5A4
330
1F
100
AcDbEntity
  8
layer9
 62
     7
100
AcDbCircle
 10
58.87732124328613
 20
223.4227256774902
 30
0.0
 40
6.102022125105798
100
AcDbArc
 50
169.2466964628728
 51
258.2139892889241
  0
ARC
  5
5A5
330
1F
100
AcDbEntity
  8
layer9
 62
     7
100
AcDbCircle
 10
57.08878898620605
 20
207.3599433898926
 30
0.0
 40
10.10396254332134
100
AcDbArc
 50
352.9830873413601
 51
86.92420025615508
  0
ARC
  5
5A6
330
1F
100
AcDbEntity
  8
layer9
 62
     7
100
AcDbCircle
 10
93.69202232360839
 20
222.812484741211
 30
0.0
 40
31.37959771018185
100
AcDbArc
 50
212.1254020045326
 51
230.9303508013916
  0
ARC
  5
5A7
330
1F
100
AcDbEntity
  8
layer9
 62
     7
100
AcDbCircle
 10
75.39512825012207
 20
202.7980198860169
 30
0.0
 40
4.59320844720256
100
AcDbArc
 50
146.5657240969203
 51
259.8632177706246
  0
ARC
  5
5A8
330
1F
100
AcDbEntity
  8
layer9
 62
     7
100
AcDbCircle
 10
75.24970006942749
 20
210.7044224739075
 30
0.0
 40
6.51893810248484
100
AcDbArc
 50
235.5498501643809
 51
317.2914022483531
  0
ARC
  5
5A9
330
1F
100
AcDbEntity
  8
layer9
 62
     7
100
AcDbCircle
 10
106.5645079612732
 20
213.514232635498
 30
0.0
 40
27.82803592497845
100
AcDbArc
 50
155.9281043079036
 51
195.6531983274362
  0
ARC
  5
5AA
330
1F
100
AcDbEntity
  8
layer9
 62
     7
100
AcDbCircle
 10
109.794988155365
 20
248.2122573852539
 30
0.0
 40
37.13992394356014
100
AcDbArc
 50
219.3379271790146
 51
245.9777701083291
  0
ARC
  5
5AB
330
1F
100
AcDbEntity
  8
layer9
 62
     7
100
AcDbCircle
 10
106.3864760398864
 20
233.6200256347656
 30
0.0
 40
27.56031359395471
100
AcDbArc
 50
208.066609757497
 51
237.9450952812124
  0
ARC
  5
5AC
330
1F
100
AcDbEntity
  8
layer9
 62
     7
100
AcDbCircle
 10
76.06651544570922
 20
200.3075675964355
 30
0.0
 40
18.41092948706213
100
AcDbArc
 50
354.192295976241
 51
33.55778848419835
  0
ARC
  5
5AD
330
1F
100
AcDbEntity
  8
layer9
 62
     7
100
AcDbCircle
 10
44.76133918762207
 20
178.3748326301575
 30
0.0
 40
50.30928385302389
100
AcDbArc
 50
19.94845110499475
 51
31.03866317387595
  0
ARC
  5
5AE
330
1F
100
AcDbEntity
  8
layer9
 62
     7
100
AcDbCircle
 10
62.92229604721069
 20
217.3151774406433
 30
0.0
 40
34.81868008799545
100
AcDbArc
 50
21.17275964623752
 51
94.79146932661461
  0
ARC
  5
5AF
330
1F
100
AcDbEntity
  8
layer9
 62
     7
100
AcDbCircle
 10
72.99218606948852
 20
211.0071635246277
 30
0.0
 40
46.20554462606166
100
AcDbArc
 50
43.91853352854949
 51
101.5249029639044
  0
ARC
  5
5B0
330
1F
100
AcDbEntity
  8
layer9
 62
     7
100
AcDbCircle
 10
77.81279468536377
 20
223.6654896736145
 30
0.0
 40
41.05807889612356
100
AcDbArc
 50
34.12177973132257
 51
116.1700454140492
  0
ARC
  5
5B1
330
1F
100
AcDbEntity
  8
layer9
 62
     7
100
AcDbCircle
 10
113.6684622764587
 20
252.2747044563293
 30
0.0
 40
8.947445678763122
100
AcDbArc
 50
30.78188029702618
 51
146.1456842113795
  0
ARC
  5
5B2
330
1F
100
AcDbEntity
  8
layer9
 62
     7
100
AcDbCircle
 10
136.6158199310302
 20
251.823043346405
 30
0.0
 40
21.01528287322151
100
AcDbArc
 50
50.85561986526803
 51
155.9303179630617
  0
ARC
  5
5B3
330
1F
100
AcDbEntity
  8
layer9
 62
     7
100
AcDbCircle
 10
156.4563121795654
 20
267.6350827217102
 30
0.0
 40
10.73116948931907
100
AcDbArc
 50
76.2133617645968
 51
159.0778850322541
  0
ARC
  5
5B4
330
1F
100
AcDbEntity
  8
layer9
 62
     7
100
AcDbCircle
 10
139.0098171234131
 20
241.30073595047
 30
0.0
 40
40.19354389029849
100
AcDbArc
 50
105.4923876043998
 51
148.9563608479801
  0
ARC
  5
5B5
330
1F
100
AcDbEntity
  8
layer9
 62
     7
100
AcDbCircle
 10
164.0482802391052
 20
259.8255953788757
 30
0.0
 40
20.67876344251487
100
AcDbArc
 50
27.52739093082786
 51
95.77700380036805
  0
ARC
  5
5B6
330
1F
100
AcDbEntity
  8
layer9
 62
     7
100
AcDbCircle
 10
133.1478400230407
 20
266.7373504638672
 30
0.0
 40
11.97740237616905
100
AcDbArc
 50
230.4305559312886
 51
304.1205218019138
  0
ARC
  5
5B7
330
1F
100
AcDbEntity
  8
layer9
 62
     7
100
AcDbCircle
 10
143.8929800987243
 20
271.40327501297
 30
0.0
 40
15.61263835018699
100
AcDbArc
 50
252.9793992150372
 51
312.5091329687062
  0
ARC
  5
5B8
330
1F
100
AcDbEntity
  8
layer9
 62
     7
100
AcDbCircle
 10
170.1297430992126
 20
290.8201594352722
 30
0.0
 40
27.63042679209472
100
AcDbArc
 50
235.7452241038805
 51
297.3377666577633
  0
ARC
  5
5B9
330
1F
100
AcDbEntity
  8
layer9
 62
     7
100
AcDbCircle
 10
189.7562313079834
 20
241.6211895942688
 30
0.0
 40
25.36101174096252
100
AcDbArc
 50
110.0159856401147
 51
138.1613684568706
  0
ARC
  5
5BA
330
1F
100
AcDbEntity
  8
layer9
 62
     7
100
AcDbCircle
 10
186.0030040740967
 20
246.9289937019348
 30
0.0
 40
20.32095034271787
100
AcDbArc
 50
13.95630428189493
 51
99.61969127550824
  0
ARC
  5
5BB
330
1F
100
AcDbEntity
  8
layer9
 62
     7
100
AcDbCircle
 10
222.4712581634522
 20
259.1270484924316
 30
0.0
 40
18.26530891428122
100
AcDbArc
 50
203.4960547244854
 51
295.8979459835763
  0
ARC
  5
5BC
330
1F
100
AcDbEntity
  8
layer9
 62
     7
100
AcDbCircle
 10
114.2469501495361
 20
253.3722724914551
 30
0.0
 40
8.97849080706846
100
AcDbArc
 50
237.8089311109694
 51
318.1583122254261
  0
ARC
  5
5BD
330
1F
100
AcDbEntity
  8
layer9
 62
     7
100
AcDbCircle
 10
134.7129459381103
 20
275.6356196403503
 30
0.0
 40
33.73391362490302
100
AcDbArc
 50
242.2878632614466
 51
299.5059587320922
  0
ARC
  5
5BE
330
1F
100
AcDbEntity
  8
layer9
 62
     7
100
AcDbCircle
 10
156.3497982025146
 20
264.1678385734558
 30
0.0
 40
19.28677763067219
100
AcDbArc
 50
252.2180361942128
 51
284.2242704824126
  0
ARC
  5
5BF
330
1F
100
AcDbEntity
  8
layer9
 62
     7
100
AcDbCircle
 10
165.2548499107361
 20
269.4701151847839
 30
0.0
 40
20.45551616120076
100
AcDbArc
 50
237.4748279420595
 51
301.9982619559077
  0
ARC
  5
5C0
330
1F
100
AcDbEntity
  8
layer9
 62
     7
100
AcDbCircle
 10
169.7745108604431
 20
233.4859356880188
 30
0.0
 40
19.19434559384437
100
AcDbArc
 50
19.37780302569094
 51
72.50056923666398
  0
ARC
  5
5C1
330
1F
100
AcDbEntity
  8
layer9
 62
     7
100
AcDbCircle
 10
178.078763961792
 20
233.5218086242676
 30
0.0
 40
23.03354454917782
100
AcDbArc
 50
18.05764690968578
 51
69.11075426399455
  0
ARC
  5
5C2
330
1F
100
AcDbEntity
  8
layer9
 62
     7
100
AcDbCircle
 10
231.92644739151
 20
255.0381474494934
 30
0.0
 40
32.12791069741901
100
AcDbArc
 50
171.1718418631345
 51
205.7826458877804
  0
ARC
  5
5C3
330
1F
100
AcDbEntity
  8
layer9
 62
     7
100
AcDbCircle
 10
225.0683951377869
 20
227.3825607299805
 30
0.0
 40
27.31371782860249
100
AcDbArc
 50
155.7104682445062
 51
217.4786101053558
  0
ARC
  5
5C4
330
1F
100
AcDbEntity
  8
layer9
 62
     7
100
AcDbCircle
 10
204.5591177940369
 20
266.7577285766602
 30
0.0
 40
35.75137704412345
100
AcDbArc
 50
286.4507574912334
 51
315.5497025605762
  0
ARC
  5
5C5
330
1F
100
AcDbEntity
  8
layer9
 62
     7
100
AcDbCircle
 10
194.5404787063598
 20
201.2185473442078
 30
0.0
 40
40.07484097104129
100
AcDbArc
 50
34.13395697790372
 51
54.04425552927083
  0
ARC
  5
5C6
330
1F
100
AcDbEntity
  8
layer9
 62
     7
100
AcDbCircle
 10
221.8530287742615
 20
223.7188487052918
 30
0.0
 40
4.878351065190988
100
AcDbArc
 50
56.60536200393586
 51
206.2563198328051
  0
ARC
  5
5C7
330
1F
100
AcDbEntity
  8
layer9
 62
     7
100
AcDbCircle
 10
311.9327178001404
 20
241.2428097724915
 30
0.0
 40
96.48355911375901
100
AcDbArc
 50
191.7706058468621
 51
217.5498453832043
  0
ARC
  5
5C8
330
1F
100
AcDbEntity
  8
layer9
 62
     7
100
AcDbCircle
 10
227.1459403038025
 20
189.9551696777344
 30
0.0
 40
8.840432483478117
100
AcDbArc
 50
320.7897296456725
 51
348.3390815381572
  0
ARC
  5
5C9
330
1F
100
AcDbEntity
  8
layer9
 62
     7
100
AcDbCircle
 10
291.9798331260681
 20
196.1885676383972
 30
0.0
 40
57.48767904875393
100
AcDbArc
 50
188.2878821750796
 51
198.8724787502278
  0
ARC
  5
5CA
330
1F
100
AcDbEntity
  8
layer9
 62
     7
100
AcDbCircle
 10
262.4572038650513
 20
177.8715825080871
 30
0.0
 40
24.87845289372016
100
AcDbArc
 50
145.9207308087478
 51
180.6242914977952
  0
ARC
  5
5CB
330
1F
100
AcDbEntity
  8
layer9
 62
     7
100
AcDbCircle
 10
267.8777942657471
 20
181.039840221405
 30
0.0
 40
28.16986388663239
100
AcDbArc
 50
157.537677252684
 51
198.3472915759573
  0
ARC
  5
5CC
330
1F
100
AcDbEntity
  8
layer9
 62
     7
100
AcDbCircle
 10
249.5853710174561
 20
166.089111328125
 30
0.0
 40
11.71215550553247
100
AcDbArc
 50
101.3367280410924
 51
139.4840973310157
  0
ARC
  5
5CD
330
1F
100
AcDbEntity
  8
layer9
 62
     7
100
AcDbCircle
 10
264.4467678070068
 20
163.5647206306457
 30
0.0
 40
22.47841411951711
100
AcDbArc
 50
141.819143859164
 51
217.3239570571698
  0
ARC
  5
5CE
330
1F
100
AcDbEntity
  8
layer9
 62
     7
100
AcDbCircle
 10
231.7554531097412
 20
142.6746253967285
 30
0.0
 40
19.30190552023763
100
AcDbArc
 50
44.22541281345555
 51
128.2829502451797
  0
ARC
  5
5CF
330
1F
100
AcDbEntity
  8
layer9
 62
     7
100
AcDbCircle
 10
226.0606088638306
 20
132.3152236938476
 30
0.0
 40
27.0402139771919
100
AcDbArc
 50
336.7344185427084
 51
40.66500080264446
  0
ARC
  5
5D0
330
1F
100
AcDbEntity
  8
layer9
 62
     7
100
AcDbCircle
 10
-70.01053094863891
 20
247.6490664482117
 30
0.0
 40
344.78173370173
100
AcDbArc
 50
333.0840761459045
 51
338.6871028919136
  0
ARC
  5
5D1
330
1F
100
AcDbEntity
  8
layer9
 62
     7
100
AcDbCircle
 10
153.8742089271545
 20
168.0706062316894
 30
0.0
 40
75.10405220286066
100
AcDbArc
 50
123.0848331591941
 51
142.0195097049478
  0
ARC
  5
5D2
330
1F
100
AcDbEntity
  8
layer9
 62
     7
100
AcDbCircle
 10
105.8327388763427
 20
239.8323287963867
 30
0.0
 40
11.29897020576605
100
AcDbArc
 50
308.5640700581155
 51
8.904171951429184
  0
ARC
  5
5D3
330
1F
100
AcDbEntity
  8
layer9
 62
     7
100
AcDbCircle
 10
104.0821590423584
 20
234.2188839912414
 30
0.0
 40
14.86469547618457
100
AcDbArc
 50
328.6253944443123
 51
29.68882842785217
  0
ARC
  5
5D4
330
1F
100
AcDbEntity
  8
layer9
 62
     7
100
AcDbCircle
 10
119.7664089202881
 20
221.9415516853333
 30
0.0
 40
6.00306156503356
100
AcDbArc
 50
114.2851904325772
 51
177.1489405720742
  0
ARC
  5
5D5
330
1F
100
AcDbEntity
  8
layer9
 62
     7
100
AcDbCircle
 10
129.9184012413025
 20
185.8915786743164
 30
0.0
 40
39.7739073704806
100
AcDbArc
 50
95.82324854501754
 51
113.9528826062307
  0
ARC
  5
5D6
330
1F
100
AcDbEntity
  8
layer9
 62
     7
100
AcDbCircle
 10
133.312292098999
 20
238.8974075317383
 30
0.0
 40
16.02188195116292
100
AcDbArc
 50
237.846338822701
 51
297.4148346072734
  0
ARC
  5
5D7
330
1F
100
AcDbEntity
  8
layer9
 62
     7
100
AcDbCircle
 10
139.2411289215088
 20
203.865104675293
 30
0.0
 40
20.80942697718485
100
AcDbArc
 50
22.36771462149356
 51
83.81390842347368
  0
ARC
  5
5D8
330
1F
100
AcDbEntity
  8
layer9
 62
     7
100
AcDbCircle
 10
130.2764568328857
 20
206.5385437011719
 30
0.0
 40
28.28267037290654
100
AcDbArc
 50
84.14277803058837
 51
106.3561464997243
  0
ARC
  5
5D9
330
1F
100
AcDbEntity
  8
layer9
 62
     7
100
AcDbCircle
 10
135.7555518150329
 20
214.8928065299988
 30
0.0
 40
19.94996118187318
100
AcDbArc
 50
36.72382979515005
 51
97.46772677803878
  0
ARC
  5
5DA
330
1F
100
AcDbEntity
  8
layer9
 62
     7
100
AcDbCircle
 10
179.3242888450622
 20
258.7217183113098
 30
0.0
 40
36.74916292964065
100
AcDbArc
 50
210.0334526560199
 51
261.5512882292608
  0
ARC
  5
5DB
330
1F
100
AcDbEntity
  8
layer9
 62
     7
100
AcDbCircle
 10
180.3965783119202
 20
206.4131698608398
 30
0.0
 40
19.49272392073783
100
AcDbArc
 50
24.83224430693978
 51
114.0354619198808
  0
ARC
  5
5DC
330
1F
100
AcDbEntity
  8
layer9
 62
     7
100
AcDbCircle
 10
161.2215709686279
 20
210.527099609375
 30
0.0
 40
12.22003513376012
100
AcDbArc
 50
358.8495001430052
 51
75.37672607866889
  0
ARC
  5
5DD
330
1F
100
AcDbEntity
  8
layer9
 62
     7
100
AcDbCircle
 10
171.3279089927673
 20
233.1883316040039
 30
0.0
 40
22.7595950903397
100
AcDbArc
 50
256.399596252831
 51
283.6004303018371
  0
ARC
  5
5DE
330
1F
100
AcDbEntity
  8
layer9
 62
     7
100
AcDbCircle
 10
180.7789359092712
 20
236.6339945793152
 30
0.0
 40
26.69656275607727
100
AcDbArc
 50
256.6011425592677
 51
289.4274184347158
  0
ARC
  5
5DF
330
1F
100
AcDbEntity
  8
layer9
 62
     7
100
AcDbCircle
 10
213.5802359580994
 20
231.5701866149902
 30
0.0
 40
32.05093037306666
100
AcDbArc
 50
195.4418995422705
 51
220.9258100909427
  0
ARC
  5
5E0
330
1F
100
AcDbEntity
  8
layer9
 62
     7
100
AcDbCircle
 10
167.1376099586487
 20
220.1585998535156
 30
0.0
 40
18.89455351256628
100
AcDbArc
 50
41.44832249528109
 51
131.4038796306661
  0
ARC
  5
5E1
330
1F
100
AcDbEntity
  8
layer9
 62
     7
100
AcDbCircle
 10
-518.7983989715576
 20
354.0274128913879
 30
0.0
 40
748.5404426541247
100
AcDbArc
 50
348.0006798276686
 51
349.7183681334182
  0
ARC
  5
5E2
330
1F
100
AcDbEntity
  8
layer9
 62
     7
100
AcDbCircle
 10
221.3593158721924
 20
210.0413365364075
 30
0.0
 40
12.40316417115648
100
AcDbArc
 50
183.5310378602247
 51
239.3656619697381
  0
ARC
  5
5E3
330
1F
100
AcDbEntity
  8
layer9
 62
     7
100
AcDbCircle
 10
387.4652729034424
 20
206.7892498970032
 30
0.0
 40
178.4269896802353
100
AcDbArc
 50
179.4366370203019
 51
187.6641497209875
  0
ARC
  5
5E4
330
1F
100
AcDbEntity
  8
layer9
 62
     7
100
AcDbCircle
 10
231.7251448631286
 20
200.4998326301575
 30
0.0
 40
12.17869317338115
100
AcDbArc
 50
154.8534937458314
 51
203.5751186881282
  0
ARC
  5
5E5
330
1F
100
AcDbEntity
  8
layer9
 62
     7
100
AcDbCircle
 10
224.4165329933167
 20
187.9070124626159
 30
0.0
 40
9.227809109098636
100
AcDbArc
 50
116.2386765294798
 51
206.4678063732425
  0
ARC
  5
5E6
330
1F
100
AcDbEntity
  8
layer9
 62
     7
100
AcDbCircle
 10
224.3551392555237
 20
168.7916107177734
 30
0.0
 40
17.60217582325854
100
AcDbArc
 50
122.5192148219532
 51
204.0589688175178
  0
ARC
  5
5E7
330
1F
100
AcDbEntity
  8
layer9
 62
     7
100
AcDbCircle
 10
220.5729813575745
 20
157.4571499824524
 30
0.0
 40
13.54305376837324
100
AcDbArc
 50
158.6507005543718
 51
203.3759298585623
  0
ARC
  5
5E8
330
1F
100
AcDbEntity
  8
layer9
 62
     7
100
AcDbCircle
 10
255.5223441123962
 20
158.8182835578918
 30
0.0
 40
36.41307692554184
100
AcDbArc
 50
145.1189499986727
 51
176.4640352310923
  0
ARC
  5
5E9
330
1F
100
AcDbEntity
  8
layer9
 62
     7
100
AcDbCircle
 10
224.5573830604553
 20
148.6452403068542
 30
0.0
 40
15.38702322555072
100
AcDbArc
 50
109.7200213650465
 51
170.1830083138746
  0
ARC
  5
5EA
330
1F
100
AcDbEntity
  8
layer9
 62
     7
100
AcDbCircle
 10
233.223925113678
 20
136.9469223022461
 30
0.0
 40
13.38372795107464
100
AcDbArc
 50
40.42978150800659
 51
159.4922137639289
  0
ARC
  5
5EB
330
1F
100
AcDbEntity
  8
layer9
 62
     7
100
AcDbCircle
 10
236.071683883667
 20
118.9950065612793
 30
0.0
 40
35.48729965151653
100
AcDbArc
 50
122.7998293078162
 51
182.4944897508435
  0
ARC
  5
5EC
330
1F
100
AcDbEntity
  8
layer9
 62
     7
100
AcDbCircle
 10
227.281660079956
 20
78.18588638305664
 30
0.0
 40
57.03374899759992
100
AcDbArc
 50
89.12649413112653
 51
116.159366357232
  0
ARC
  5
5ED
330
1F
100
AcDbEntity
  8
layer9
 62
     7
100
AcDbCircle
 10
-669.9234557151794
 20
-323.7871894836426
 30
0.0
 40
1007.801712009845
100
AcDbArc
 50
26.57091591898288
 51
27.09410729953831
  0
ARC
  5
5EE
330
1F
100
AcDbEntity
  8
layer9
 62
     7
100
AcDbCircle
 10
225.9642767906189
 20
118.9338307380676
 30
0.0
 40
22.04242185183707
100
AcDbArc
 50
334.5058766006356
 51
56.51112841047941
  0
ARC
  5
5EF
330
1F
100
AcDbEntity
  8
layer9
 62
     7
100
AcDbCircle
 10
207.1664333343506
 20
105.0028038024902
 30
0.0
 40
14.52040242888646
100
AcDbArc
 50
41.90959775695283
 51
112.5931746673963
  0
ARC
  5
5F0
330
1F
100
AcDbEntity
  8
layer9
 62
     7
100
AcDbCircle
 10
226.4966492652893
 20
110.3663063049316
 30
0.0
 40
11.11565485037801
100
AcDbArc
 50
357.6664902378725
 51
150.4695474234884
  0
ARC
  5
5F1
330
1F
100
AcDbEntity
  8
layer9
 62
     7
100
AcDbCircle
 10
220.9543972015381
 20
93.91662549972535
 30
0.0
 40
14.4900655574479
100
AcDbArc
 50
357.8358179477657
 51
77.89038595265833
  0
ARC
  5
5F2
330
1F
100
AcDbEntity
  8
layer9
 62
     7
100
AcDbCircle
 10
257.7354068756104
 20
77.30674743652343
 30
0.0
 40
25.00743176777149
100
AcDbArc
 50
142.3871099900096
 51
230.3155879736568
  0
ARC
  5
5F3
330
1F
100
AcDbEntity
  8
layer9
 62
     7
100
AcDbCircle
 10
226.6088700294495
 20
42.16554260253906
 30
0.0
 40
21.93892874544124
100
AcDbArc
 50
348.6003203002646
 51
47.89099402187583
  0
ARC
  5
5F4
330
1F
100
AcDbEntity
  8
layer9
 62
     7
100
AcDbCircle
 10
211.580915927887
 20
29.51728057861328
 30
0.0
 40
33.88135129181699
100
AcDbArc
 50
346.1065790081824
 51
37.3700978014634
  0
ARC
  5
5F5
330
1F
100
AcDbEntity
  8
layer9
 62
     7
100
AcDbCircle
 10
227.6765689849853
 20
30.61137056350708
 30
0.0
 40
21.67549764127073
100
AcDbArc
 50
316.408899748522
 51
19.45083567741065
  0
ARC
  5
5F6
330
1F
100
AcDbEntity
  8
layer9
 62
     7
100
AcDbCircle
 10
246.3553261756897
 20
37.81108045578003
 30
0.0
 40
2.969077701786076
100
AcDbArc
 50
321.5501010137879
 51
144.2870018558504
  0
ARC
  5
5F7
330
1F
100
AcDbEntity
  8
layer9
 62
     7
100
AcDbCircle
 10
229.4240403175354
 20
32.62339353561401
 30
0.0
 40
15.97226752615959
100
AcDbArc
 50
312.4141847399267
 51
357.3565981661107
  0
ARC
  5
5F8
330
1F
100
AcDbEntity
  8
layer9
 62
     7
100
AcDbCircle
 10
225.0381369590759
 20
17.26036834716797
 30
0.0
 40
15.5738646733965
100
AcDbArc
 50
277.5477497432188
 51
13.25510308012791
  0
ARC
  5
5F9
330
1F
100
AcDbEntity
  8
layer9
 62
     7
100
AcDbCircle
 10
255.8849582672119
 20
58.34164047241211
 30
0.0
 40
29.67884906227698
100
AcDbArc
 50
197.6384831775426
 51
220.7330394766813
  0
ARC
  5
5FA
330
1F
100
AcDbEntity
  8
layer9
 62
     7
100
AcDbCircle
 10
244.680615901947
 20
33.27427673339844
 30
0.0
 40
13.44825520175144
100
AcDbArc
 50
151.7289116252798
 51
222.2055638406475
  0
ARC
  5
5FB
330
1F
100
AcDbEntity
  8
layer9
 62
     7
100
AcDbCircle
 10
236.6403789520264
 20
25.62443161010742
 30
0.0
 40
4.005057975397613
100
AcDbArc
 50
4.354502747135337
 51
161.5127903300678
  0
ARC
  5
5FC
330
1F
100
AcDbEntity
  8
layer9
 62
     7
100
AcDbCircle
 10
244.9074420928955
 20
40.20950365066528
 30
0.0
 40
18.61582985167292
100
AcDbArc
 50
154.9920704246146
 51
195.4769368531368
  0
ARC
  5
5FD
330
1F
100
AcDbEntity
  8
layer9
 62
     7
100
AcDbCircle
 10
1017.293179988861
 20
193.6360015869141
 30
0.0
 40
806.0433599612453
100
AcDbArc
 50
191.3321308417305
 51
192.3772676512097
  0
ARC
  5
5FE
330
1F
100
AcDbEntity
  8
layer9
 62
     7
100
AcDbCircle
 10
206.5460991859436
 20
27.35907363891602
 30
0.0
 40
22.06620286518905
100
AcDbArc
 50
323.0910282028306
 51
359.689033604099
  0
ARC
  5
5FF
330
1F
100
AcDbEntity
  8
layer9
 62
     7
100
AcDbCircle
 10
222.4848799705505
 20
-9.621269226074218
 30
0.0
 40
23.41292417103894
100
AcDbArc
 50
71.32683135069132
 51
84.58535683839956
  0
ARC
  5
600
330
1F
100
AcDbEntity
  8
layer9
 62
     7
100
AcDbCircle
 10
210.0184383392334
 20
14.08414840698242
 30
0.0
 40
20.17110091259681
100
AcDbArc
 50
320.7725848125802
 51
356.8110330356046
  0
ARC
  5
601
330
1F
100
AcDbEntity
  8
layer9
 62
     7
100
AcDbCircle
 10
170.7982459068298
 20
37.27549362182617
 30
0.0
 40
67.55883237858585
100
AcDbArc
 50
332.9700406794943
 51
345.3504647433408
  0
ARC
  5
602
330
1F
100
AcDbEntity
  8
layer9
 62
     7
100
AcDbCircle
 10
201.9707498550415
 20
11.1556167602539
 30
0.0
 40
10.94824622337284
100
AcDbArc
 50
278.2997825516914
 51
346.3429269165031
  0
ARC
  5
603
330
1F
100
AcDbEntity
  8
layer9
 62
     7
100
AcDbCircle
 10
207.0098242759704
 20
18.73390960693359
 30
0.0
 40
18.73390952326689
100
AcDbArc
 50
259.3609737801626
 51
341.916001800164
  0
ARC
  5
604
330
1F
100
AcDbEntity
  8
layer9
 62
     7
100
AcDbCircle
 10
187.0916037559509
 20
191.463134765625
 30
0.0
 40
14.45775044062245
100
AcDbArc
 50
98.01188732475537
 51
161.8617616178153
  0
ARC
  5
605
330
1F
100
AcDbEntity
  8
layer9
 62
     7
100
AcDbCircle
 10
170.7059082984924
 20
226.3273468017578
 30
0.0
 40
24.6772900557966
100
AcDbArc
 50
304.9940412969204
 51
325.3829241262953
  0
ARC
  5
606
330
1F
100
AcDbEntity
  8
layer9
 62
     7
100
AcDbCircle
 10
174.3346853256225
 20
207.9654197692871
 30
0.0
 40
18.35695520510054
100
AcDbArc
 50
309.0575867562922
 51
16.14837749290038
  0
ARC
  5
607
330
1F
100
AcDbEntity
  8
layer9
 62
     7
100
AcDbCircle
 10
240.1252841949463
 20
111.4305686950683
 30
0.0
 40
98.54084587416913
100
AcDbArc
 50
123.3853857818706
 51
131.0639471390165
  0
ARC
  5
608
330
1F
100
AcDbEntity
  8
layer9
 62
     7
100
AcDbCircle
 10
200.2931799888611
 20
144.8943862915039
 30
0.0
 40
57.74007380920815
100
AcDbArc
 50
113.0323720741718
 51
117.8131301670353
  0
ARC
  5
609
330
1F
100
AcDbEntity
  8
layer9
 62
     7
100
AcDbCircle
 10
144.1955852508545
 20
210.9488606452942
 30
0.0
 40
35.66444225931429
100
AcDbArc
 50
333.1940171045227
 51
338.5311495696507
  0
ARC
  5
60A
330
1F
100
AcDbEntity
  8
layer9
 62
     7
100
AcDbCircle
 10
105.4351782798767
 20
350.9178357124329
 30
0.0
 40
171.2710871625282
100
AcDbArc
 50
294.3425022699434
 51
296.6226478475162
  0
ARC
  5
60B
330
1F
100
AcDbEntity
  8
layer9
 62
     7
100
AcDbCircle
 10
161.9288458824158
 20
212.8880195617676
 30
0.0
 40
24.56133606460108
100
AcDbArc
 50
306.3309057552406
 51
321.9813239068054
  0
ARC
  5
60C
330
1F
100
AcDbEntity
  8
layer9
 62
     7
100
AcDbCircle
 10
177.9712119102478
 20
187.8736724853515
 30
0.0
 40
5.43600880832423
100
AcDbArc
 50
66.92936106295158
 51
105.9198506334692
  0
ARC
  5
60D
330
1F
100
AcDbEntity
  8
layer9
 62
     7
100
AcDbCircle
 10
175.8213100433349
 20
195.3798947334289
 30
0.0
 40
4.959236254189826
100
AcDbArc
 50
273.952760583021
 51
329.6611665669725
  0
ARC
  5
60E
330
1F
100
AcDbEntity
  8
layer9
 62
     7
100
AcDbCircle
 10
177.7249279022217
 20
136.2450633049011
 30
0.0
 40
54.20989464736891
100
AcDbArc
 50
86.41454292425409
 51
91.65089351740975
  0
ARC
  5
60F
330
1F
100
AcDbEntity
  8
layer9
 62
     7
100
AcDbCircle
 10
184.7124381065368
 20
192.2162246704101
 30
0.0
 40
15.69602798777917
100
AcDbArc
 50
343.2100372699819
 51
58.3305280280579
  0
ARC
  5
610
330
1F
100
AcDbEntity
  8
layer9
 62
     7
100
AcDbCircle
 10
213.5012907981872
 20
189.6495132446289
 30
0.0
 40
13.7592632111919
100
AcDbArc
 50
179.4960075341846
 51
223.0655805179426
  0
ARC
  5
611
330
1F
100
AcDbEntity
  8
layer9
 62
     7
100
AcDbCircle
 10
438.3700160980224
 20
15.63720750808716
 30
0.0
 40
287.1842572516125
100
AcDbArc
 50
142.5597394375306
 51
144.9651137316092
  0
ARC
  5
612
330
1F
100
AcDbEntity
  8
layer9
 62
     7
100
AcDbCircle
 10
190.6893901824951
 20
211.1145095825195
 30
0.0
 40
17.98324230419156
100
AcDbArc
 50
257.3635602927601
 51
290.2069680271473
  0
ARC
  5
613
330
1F
100
AcDbEntity
  8
layer9
 62
     7
100
AcDbCircle
 10
183.9803833961487
 20
199.3060307502746
 30
0.0
 40
11.62888254254637
100
AcDbArc
 50
292.8038810780131
 51
332.0167459051508
  0
ARC
  5
614
330
1F
100
AcDbEntity
  8
layer9
 62
     7
100
AcDbCircle
 10
192.8219699859619
 20
191.331615447998
 30
0.0
 40
4.773574901360245
100
AcDbArc
 50
213.0040828507981
 51
267.1916401323371
  0
ARC
  5
615
330
1F
100
AcDbEntity
  8
layer9
 62
     7
100
AcDbCircle
 10
141.1348633766174
 20
200.0036396980286
 30
0.0
 40
53.17262913995914
100
AcDbArc
 50
334.2229264341475
 51
345.3595633478101
  0
ARC
  5
616
330
1F
100
AcDbEntity
  8
layer9
 62
     7
100
AcDbCircle
 10
186.0505123138428
 20
168.4922175407409
 30
0.0
 40
9.201036316556717
100
AcDbArc
 50
356.9467173494634
 51
70.32373097045611
  0
ARC
  5
617
330
1F
100
AcDbEntity
  8
layer9
 62
     7
100
AcDbCircle
 10
218.7300510406494
 20
159.3411107063293
 30
0.0
 40
28.07007085880734
100
AcDbArc
 50
151.1689300219577
 51
176.5403469690334
  0
ARC
  5
618
330
1F
100
AcDbEntity
  8
layer9
 62
     7
100
AcDbCircle
 10
227.2505660057068
 20
221.4861378669739
 30
0.0
 40
51.35375923719699
100
AcDbArc
 50
232.6214050516585
 51
241.3309520809984
  0
ARC
  5
619
330
1F
100
AcDbEntity
  8
layer9
 62
     7
100
AcDbCircle
 10
222.5947632789612
 20
162.2657775878906
 30
0.0
 40
25.66635429449557
100
AcDbArc
 50
144.9473087905877
 51
191.1068516126674
  0
ARC
  5
61A
330
1F
100
AcDbEntity
  8
layer9
 62
     7
100
AcDbCircle
 10
144.9649639129638
 20
163.1167607307434
 30
0.0
 40
52.49284079855137
100
AcDbArc
 50
314.7344828569887
 51
354.736441560987
  0
ARC
  5
61B
330
1F
100
AcDbEntity
  8
layer9
 62
     7
100
AcDbCircle
 10
180.4892973899841
 20
130.128963470459
 30
0.0
 40
4.919647830516291
100
AcDbArc
 50
145.721588981804
 51
297.1692653561791
  0
ARC
  5
61C
330
1F
100
AcDbEntity
  8
layer9
 62
     7
100
AcDbCircle
 10
198.8557262420654
 20
123.6034436225891
 30
0.0
 40
24.63985549814744
100
AcDbArc
 50
156.8053807284952
 51
191.6119666669482
  0
ARC
  5
61D
330
1F
100
AcDbEntity
  8
layer9
 62
     7
100
AcDbCircle
 10
179.4720973968506
 20
126.8616676330566
 30
0.0
 40
10.40337480687171
100
AcDbArc
 50
168.7418958637058
 51
246.1443823144144
  0
ARC
  5
61E
330
1F
100
AcDbEntity
  8
layer9
 62
     7
100
AcDbCircle
 10
141.6946244239807
 20
125.110366821289
 30
0.0
 40
27.17628677017764
100
AcDbArc
 50
329.6433138371562
 51
7.265191002211571
  0
ARC
  5
61F
330
1F
100
AcDbEntity
  8
layer9
 62
     7
100
AcDbCircle
 10
161.0765891075134
 20
108.4738545417785
 30
0.0
 40
7.546160989998448
100
AcDbArc
 50
45.0189902725751
 51
223.1674255653757
  0
ARC
  5
620
330
1F
100
AcDbEntity
  8
layer9
 62
     7
100
AcDbCircle
 10
136.0144672393799
 20
88.32195663452148
 30
0.0
 40
24.64154413370451
100
AcDbArc
 50
351.5858692274146
 51
37.46629332381722
  0
ARC
  5
621
330
1F
100
AcDbEntity
  8
layer9
 62
     7
100
AcDbCircle
 10
296.6914653778076
 20
49.32849168777465
 30
0.0
 40
141.2296657433478
100
AcDbArc
 50
154.5749343352911
 51
164.4523246067929
  0
ARC
  5
622
330
1F
100
AcDbEntity
  8
layer9
 62
     7
100
AcDbCircle
 10
139.2952251434326
 20
91.69089174270629
 30
0.0
 40
31.22181722635207
100
AcDbArc
 50
359.6395001529692
 51
26.65523386253819
  0
ARC
  5
623
330
1F
100
AcDbEntity
  8
layer9
 62
     7
100
AcDbCircle
 10
206.9997229576111
 20
87.65307235717774
 30
0.0
 40
37.03643506751585
100
AcDbArc
 50
130.3518300255614
 51
170.6575785952074
  0
ARC
  5
624
330
1F
100
AcDbEntity
  8
layer9
 62
     7
100
AcDbCircle
 10
171.742742061615
 20
110.8124613761902
 30
0.0
 40
10.87108058522522
100
AcDbArc
 50
329.9384307654456
 51
21.71243326735487
  0
ARC
  5
625
330
1F
100
AcDbEntity
  8
layer9
 62
     7
100
AcDbCircle
 10
159.6291751861572
 20
132.892997264862
 30
0.0
 40
34.50306500261234
100
AcDbArc
 50
307.3501366322347
 51
346.9669566696002
  0
ARC
  5
626
330
1F
100
AcDbEntity
  8
layer9
 62
     7
100
AcDbCircle
 10
191.544928073883
 20
122.0667805671692
 30
0.0
 40
3.473725479964684
100
AcDbArc
 50
356.7580562918197
 51
60.78653901444301
  0
ARC
  5
627
330
1F
100
AcDbEntity
  8
layer9
 62
     7
100
AcDbCircle
 10
218.5035037994385
 20
109.1170969009399
 30
0.0
 40
26.81850893566201
100
AcDbArc
 50
151.1273924777982
 51
207.0555084487503
  0
ARC
  5
628
330
1F
100
AcDbEntity
  8
layer9
 62
     7
100
AcDbCircle
 10
263.2494640350342
 20
56.09306335449218
 30
0.0
 40
79.85454920840092
100
AcDbArc
 50
149.2529376344637
 51
163.316791845976
  0
ARC
  5
629
330
1F
100
AcDbEntity
  8
layer9
 62
     7
100
AcDbCircle
 10
178.7716498374939
 20
75.45838165283203
 30
0.0
 40
11.0681099453007
100
AcDbArc
 50
332.8943215305836
 51
36.14396022838945
  0
ARC
  5
62A
330
1F
100
AcDbEntity
  8
layer9
 62
     7
100
AcDbCircle
 10
192.3008589744568
 20
65.34040880203247
 30
0.0
 40
7.894813903551535
100
AcDbArc
 50
110.8131149786727
 51
195.4255478948042
  0
ARC
  5
62B
330
1F
100
AcDbEntity
  8
layer9
 62
     7
100
AcDbCircle
 10
207.2607479095459
 20
56.26970624923706
 30
0.0
 40
24.24737971005842
100
AcDbArc
 50
163.5811762729532
 51
208.0926432256033
  0
ARC
  5
62C
330
1F
100
AcDbEntity
  8
layer9
 62
     7
100
AcDbCircle
 10
168.7792801856994
 20
47.31085968017578
 30
0.0
 40
17.26676416211461
100
AcDbArc
 50
303.0694500257624
 51
351.8118295129375
  0
ARC
  5
62D
330
1F
100
AcDbEntity
  8
layer9
 62
     7
100
AcDbCircle
 10
179.870687007904
 20
33.19351291656494
 30
0.0
 40
1.178751580889657
100
AcDbArc
 50
180.9929679983868
 51
340.3541409365907
  0
ARC
  5
62E
330
1F
100
AcDbEntity
  8
layer9
 62
     7
100
AcDbCircle
 10
166.45334815979
 20
64.33506059646607
 30
0.0
 40
34.94081752242975
100
AcDbArc
 50
294.2575192485603
 51
315.332264043747
  0
ARC
  5
62F
330
1F
100
AcDbEntity
  8
layer9
 62
     7
100
AcDbCircle
 10
203.0119228363037
 20
33.11557054519653
 30
0.0
 40
15.53578449053563
100
AcDbArc
 50
160.6229744315716
 51
238.2833978620828
  0
ARC
  5
630
330
1F
100
AcDbEntity
  8
layer9
 62
     7
100
AcDbCircle
 10
186.7798209190368
 20
20.13806962966919
 30
0.0
 40
8.51513014374445
100
AcDbArc
 50
269.3384404330156
 51
6.841158864632105
  0
ARC
  5
631
330
1F
100
AcDbEntity
  8
layer9
 62
     7
100
AcDbCircle
 10
189.3093242645264
 20
29.03130388259888
 30
0.0
 40
17.4591245671376
100
AcDbArc
 50
264.2715434870642
 51
327.2174036553399
  0
ARC
  5
632
330
1F
100
AcDbEntity
  8
layer9
 62
     7
100
AcDbCircle
 10
146.0586681365967
 20
64.44292497634887
 30
0.0
 40
46.76354683898078
100
AcDbArc
 50
326.5139472179707
 51
346.5670419696399
  0
ARC
  5
633
330
1F
100
AcDbEntity
  8
layer9
 62
     7
100
AcDbCircle
 10
191.9477334022522
 20
52.29039764404297
 30
0.0
 40
0.7081040361990071
100
AcDbArc
 50
338.6406652445197
 51
167.7209444301731
  0
ARC
  5
634
330
1F
100
AcDbEntity
  8
layer9
 62
     7
100
AcDbCircle
 10
149.0509853363037
 20
63.23409271240234
 30
0.0
 40
44.97354321719841
100
AcDbArc
 50
326.1784869804037
 51
345.5774759792124
  0
ARC
  5
635
330
1F
100
AcDbEntity
  8
layer9
 62
     7
100
AcDbCircle
 10
185.8008213043213
 20
38.61730194091797
 30
0.0
 40
0.7408125276526829
100
AcDbArc
 50
178.0974154714945
 51
326.5464166028968
  0
ARC
  5
636
330
1F
100
AcDbEntity
  8
layer9
 62
     7
100
AcDbCircle
 10
216.5346813201904
 20
78.1049427986145
 30
0.0
 40
22.91459425069284
100
AcDbArc
 50
182.7337143372942
 51
207.6520119307178
  0
ARC
  5
637
330
1F
100
AcDbEntity
  8
layer9
 62
     7
100
AcDbCircle
 10
193.9203009605408
 20
75.50806093215943
 30
0.0
 40
1.283354278444083
100
AcDbArc
 50
101.7334895203803
 51
177.0771056810848
  0
ARC
  5
638
330
1F
100
AcDbEntity
  8
layer9
 62
     7
100
AcDbCircle
 10
208.5092639923096
 20
68.99475574493408
 30
0.0
 40
17.18071220877108
100
AcDbArc
 50
157.4795174956311
 51
196.1814586107296
  0
ARC
  5
639
330
1F
100
AcDbEntity
  8
layer9
 62
     7
100
AcDbCircle
 10
177.9453263282776
 20
58.770103931427
 30
0.0
 40
15.07813367111207
100
AcDbArc
 50
343.3825533953017
 51
21.13520438418583
  0
ARC
  5
63A
330
1F
100
AcDbEntity
  8
layer9
 62
     7
100
AcDbCircle
 10
190.9200501441955
 20
51.92522859573364
 30
0.0
 40
3.263956852680716
100
AcDbArc
 50
331.548873553634
 51
61.28784048600717
  0
ARC
  5
63B
330
1F
100
AcDbEntity
  8
layer9
 62
     7
100
AcDbCircle
 10
97.11003732681275
 20
72.89332580566406
 30
0.0
 40
99.65665161713566
100
AcDbArc
 50
343.1621120785617
 51
346.900930107629
  0
ARC
  5
63C
330
1F
100
AcDbEntity
  8
layer9
 62
     7
100
AcDbCircle
 10
187.1249370574951
 20
52.05189180374145
 30
0.0
 40
9.649072315654734
100
AcDbArc
 50
303.8339173003294
 51
18.23265257578044
  0
ARC
  5
63D
330
1F
100
AcDbEntity
  8
layer9
 62
     7
100
AcDbCircle
 10
172.6323447227478
 20
77.89849853515625
 30
0.0
 40
32.87499119677107
100
AcDbArc
 50
316.0223996717413
 51
337.0945436811458
  0
ARC
  5
63E
330
1F
100
AcDbEntity
  8
layer9
 62
     7
100
AcDbCircle
 10
232.3971800804138
 20
54.29879760742188
 30
0.0
 40
31.42729846835266
100
AcDbArc
 50
160.6855851412802
 51
193.3054402231477
  0
ARC
  5
63F
330
1F
100
AcDbEntity
  8
layer9
 62
     7
100
AcDbCircle
 10
208.977991104126
 20
38.92570543289185
 30
0.0
 40
11.06119033427367
100
AcDbArc
 50
130.7488282494121
 51
187.8773783209488
  0
ARC
  5
640
330
1F
100
AcDbEntity
  8
layer9
 62
     7
100
AcDbCircle
 10
202.4658451080322
 20
39.67129182815552
 30
0.0
 40
5.411414585672112
100
AcDbArc
 50
206.1160517132098
 51
285.5464630350898
  0
ARC
  5
641
330
1F
100
AcDbEntity
  8
layer9
 62
     7
100
AcDbCircle
 10
205.7647724151611
 20
33.21369552612305
 30
0.0
 40
2.48820225539373
100
AcDbArc
 50
7.77680375572917
 51
152.2507483185423
  0
ARC
  5
642
330
1F
100
AcDbEntity
  8
layer9
 62
     7
100
AcDbCircle
 10
193.8498320579529
 20
31.92636060714722
 30
0.0
 40
14.47167319642448
100
AcDbArc
 50
338.1992601941015
 51
6.443375683815383
  0
ARC
  5
643
330
1F
100
AcDbEntity
  8
layer9
 62
     7
100
AcDbCircle
 10
177.0406589508056
 20
35.0267186164856
 30
0.0
 40
26.70693841417243
100
AcDbArc
 50
312.1509611003253
 51
354.2826377568228
  0
ARC
  5
644
330
1F
100
AcDbEntity
  8
layer9
 62
     7
100
AcDbCircle
 10
205.4578151702881
 20
32.27016448974609
 30
0.0
 40
1.84557282385127
100
AcDbArc
 50
14.86142654468262
 51
177.0191910326483
  0
ARC
  5
645
330
1F
100
AcDbEntity
  8
layer9
 62
     7
100
AcDbCircle
 10
180.4709448814392
 20
35.714439868927
 30
0.0
 40
26.935057598439
100
AcDbArc
 50
319.5579709317093
 51
353.6674414487882
  0
ARC
  5
646
330
1F
100
AcDbEntity
  8
layer9
 62
     7
100
AcDbCircle
 10
190.721113204956
 20
27.55844163894654
 30
0.0
 40
13.83652813513563
100
AcDbArc
 50
287.8244903836974
 51
322.2348193742567
  0
ARC
  5
647
330
1F
100
AcDbEntity
  8
layer9
 62
     7
100
AcDbCircle
 10
196.032091140747
 20
53.92765426635742
 30
0.0
 40
18.8799379045929
100
AcDbArc
 50
322.5393952888201
 51
1.86879750474107
  0
ARC
  5
648
330
1F
100
AcDbEntity
  8
layer9
 62
     7
100
AcDbCircle
 10
218.4905300140381
 20
23.05259656906128
 30
0.0
 40
15.6305707664134
100
AcDbArc
 50
195.8134850600025
 51
251.2482275266379
  0
ARC
  5
649
330
1F
100
AcDbEntity
  8
layer9
 62
     7
100
AcDbCircle
 10
203.5565242767334
 20
16.77404737472534
 30
0.0
 40
16.08432478928741
100
AcDbArc
 50
301.4705952790762
 51
355.6605129334675
  0
ARC
  5
64A
330
1F
100
AcDbEntity
  8
layer9
 62
     7
100
AcDbCircle
 10
224.178288936615
 20
18.1651382446289
 30
0.0
 40
5.273641936383706
100
AcDbArc
 50
110.0921566667818
 51
209.6406915743248
  0
ARC
  5
64B
330
1F
100
AcDbEntity
  8
layer9
 62
     7
100
AcDbCircle
 10
216.295862197876
 20
17.78304290771484
 30
0.0
 40
7.303090673651607
100
AcDbArc
 50
331.9948442703222
 51
43.15832184881095
  0
ARC
  5
64C
330
1F
100
AcDbEntity
  8
layer9
 62
     7
100
AcDbCircle
 10
209.7340302467346
 20
15.26041078567505
 30
0.0
 40
13.04131849962266
100
AcDbArc
 50
280.479589190989
 51
356.0139927130164
  0
ARC
  5
64D
330
1F
100
AcDbEntity
  8
layer9
 62
     7
100
AcDbCircle
 10
219.7155513763428
 20
22.78768157958984
 30
0.0
 40
20.16137680923817
100
AcDbArc
 50
304.2274049197899
 51
345.0914226028876
  0
ARC
  5
64E
330
1F
100
AcDbEntity
  8
layer9
 62
     7
100
AcDbCircle
 10
224.9797191619873
 20
22.23452043533325
 30
0.0
 40
14.95458405497939
100
AcDbArc
 50
341.9488761177711
 51
18.8259706626507
  0
ARC
  5
64F
330
1F
100
AcDbEntity
  8
layer9
 62
     7
100
AcDbCircle
 10
238.5771312713623
 20
24.50130462646484
 30
0.0
 40
2.618929232618516
100
AcDbArc
 50
77.71714530734449
 51
210.0715831345619
  0
ARC
  5
650
330
1F
100
AcDbEntity
  8
layer9
 62
     7
100
AcDbCircle
 10
212.5617580413818
 20
77.86394882202149
 30
0.0
 40
15.96344903042831
100
AcDbArc
 50
111.9831164239226
 51
167.5500530375975
  0
ARC
  5
651
330
1F
100
AcDbEntity
  8
layer9
 62
     7
100
AcDbCircle
 10
213.0812282562256
 20
63.73627471923828
 30
0.0
 40
29.65062792385506
100
AcDbArc
 50
75.63733218384118
 51
102.6535471732727
  0
ARC
  5
652
330
1F
100
AcDbEntity
  8
layer9
 62
     7
100
AcDbCircle
 10
225.3864269256592
 20
89.25345230102539
 30
0.0
 40
6.505109090814098
100
AcDbArc
 50
148.9154753776412
 51
271.1104124719806
  0
ARC
  5
653
330
1F
100
AcDbEntity
  8
layer9
 62
     7
100
AcDbCircle
 10
187.7746872901916
 20
181.9663043022156
 30
0.0
 40
8.82642875359728
100
AcDbArc
 50
164.7593590684368
 51
272.941633447625
  0
ARC
  5
654
330
1F
100
AcDbEntity
  8
layer9
 62
     7
100
AcDbCircle
 10
96.65422630310059
 20
184.7163467407226
 30
0.0
 40
91.85288977284685
100
AcDbArc
 50
339.5216161914453
 51
352.7595975911555
  0
ARC
  5
655
330
1F
100
AcDbEntity
  8
layer9
 62
     7
100
AcDbCircle
 10
99.60044622421264
 20
190.0805315971374
 30
0.0
 40
91.17089242915277
100
AcDbArc
 50
312.8326019644049
 51
335.7130119952708
  0
ARC
  5
656
330
1F
100
AcDbEntity
  8
layer9
 62
     7
100
AcDbCircle
 10
189.5607891082763
 20
156.9235224723816
 30
0.0
 40
4.269398689347666
100
AcDbArc
 50
318.7388499417247
 51
74.36907478897069
  0
ARC
  5
657
330
1F
100
AcDbEntity
  8
layer9
 62
     7
100
AcDbCircle
 10
209.8323497772217
 20
136.5737152099609
 30
0.0
 40
24.46560530418595
100
AcDbArc
 50
134.2183994634975
 51
175.8234124303703
  0
ARC
  5
658
330
1F
100
AcDbEntity
  8
layer9
 62
     7
100
AcDbCircle
 10
142.8689403533935
 20
196.0833435058594
 30
0.0
 40
30.71711649708282
100
AcDbArc
 50
317.6611207987399
 51
351.157243576178
  0
LINE
  5
659
330
1F
100
AcDbEntity
  8
layer9
 62
     7
100
AcDbLine
 10
169.5899786949157
 20
180.9331812858581
 30
0.0
 11
172.2056407928467
 21
176.2813267707825
 31
0.0
  0
LINE
  5
65A
330
1F
100
AcDbEntity
  8
layer9
 62
     7
100
AcDbLine
 10
172.2056407928467
 20
176.2813267707825
 30
0.0
 11
168.0970902442932
 21
169.6665577888488
 31
0.0
  0
LINE
  5
65B
330
1F
100
AcDbEntity
  8
layer9
 62
     7
100
AcDbLine
 10
168.0970902442932
 20
169.6665577888488
 30
0.0
 11
170.7219448089599
 21
160.6568446159363
 31
0.0
  0
LINE
  5
65C
330
1F
100
AcDbEntity
  8
layer9
 62
     7
100
AcDbLine
 10
170.7219448089599
 20
160.6568446159363
 30
0.0
 11
179.2817673683166
 21
155.2967109680175
 31
0.0
  0
LINE
  5
65D
330
1F
100
AcDbEntity
  8
layer9
 62
     7
100
AcDbLine
 10
179.2817673683166
 20
155.2967109680175
 30
0.0
 11
181.859785079956
 21
150.7672724723816
 31
0.0
  0
LINE
  5
65E
330
1F
100
AcDbEntity
  8
layer9
 62
     7
100
AcDbLine
 10
94.67565679550171
 20
214.2891125679016
 30
0.0
 11
98.14826726913452
 21
209.1982955932617
 31
0.0
  0
LINE
  5
65F
330
1F
100
AcDbEntity
  8
layer9
 62
     7
100
AcDbLine
 10
98.14826726913452
 20
209.1982955932617
 30
0.0
 11
104.9058890342712
 21
209.7021403312683
 31
0.0
  0
LINE
  5
660
330
1F
100
AcDbEntity
  8
layer9
 62
     7
100
AcDbLine
 10
104.9058890342712
 20
209.7021403312683
 30
0.0
 11
112.2685332298279
 21
208.2912254333496
 31
0.0
  0
LINE
  5
661
330
1F
100
AcDbEntity
  8
layer9
 62
     7
100
AcDbLine
 10
112.2685332298279
 20
208.2912254333496
 30
0.0
 11
112.3694052696228
 21
209.9037594795227
 31
0.0
  0
LINE
  5
662
330
1F
100
AcDbEntity
  8
layer9
 62
     7
100
AcDbLine
 10
112.3694052696228
 20
209.9037594795227
 30
0.0
 11
113.9831142425537
 21
210.5084075927734
 31
0.0
  0
ARC
  5
663
330
1F
100
AcDbEntity
  8
layer9
 62
     7
100
AcDbCircle
 10
124.2123622894287
 20
211.025634765625
 30
0.0
 40
10.66697769738583
100
AcDbArc
 50
32.89808906378013
 51
120.5398909335367
  0
ARC
  5
664
330
1F
100
AcDbEntity
  8
layer9
 62
     7
100
AcDbCircle
 10
134.1557402610779
 20
204.0866627693176
 30
0.0
 40
12.77089717690548
100
AcDbArc
 50
62.963625831638
 51
94.43243091898244
  0
ARC
  5
665
330
1F
100
AcDbEntity
  8
layer9
 62
     7
100
AcDbCircle
 10
143.8183569908142
 20
214.6889538764954
 30
0.0
 40
5.601251877319247
100
AcDbArc
 50
34.2007541894329
 51
165.0949282931572
  0
ARC
  5
666
330
1F
100
AcDbEntity
  8
layer9
 62
     7
100
AcDbCircle
 10
140.6870169639587
 20
195.9162945747375
 30
0.0
 40
23.84431289248583
100
AcDbArc
 50
39.0472736531123
 51
72.81495202995365
  0
ARC
  5
667
330
1F
100
AcDbEntity
  8
layer9
 62
     7
100
AcDbCircle
 10
118.0823540687561
 20
216.932502746582
 30
0.0
 40
3.356235091929138
100
AcDbArc
 50
77.79206578453813
 51
321.5252297446415
  0
ARC
  5
668
330
1F
100
AcDbEntity
  8
layer9
 62
     7
100
AcDbCircle
 10
126.6464290618896
 20
185.4002914428711
 30
0.0
 40
30.03656929346388
100
AcDbArc
 50
58.99633730569983
 51
101.3992082093852
  0
ARC
  5
669
330
1F
100
AcDbEntity
  8
layer9
 62
     7
100
AcDbCircle
 10
145.6464290618896
 20
206.7504696846008
 30
0.0
 40
7.067745144540627
100
AcDbArc
 50
37.54649551073726
 51
133.3046728453707
  0
ARC
  5
66A
330
1F
100
AcDbEntity
  8
layer9
 62
     7
100
AcDbCircle
 10
120.6130199432373
 20
156.0368275642395
 30
0.0
 40
62.97553520517151
100
AcDbArc
 50
47.86671853195863
 51
60.88968033750695
  0
ARC
  5
66B
330
1F
100
AcDbEntity
  8
layer9
 62
     7
100
AcDbCircle
 10
155.926821231842
 20
202.8268246650696
 30
0.0
 40
5.367585490066921
100
AcDbArc
 50
343.1000478929144
 51
15.67905157137479
  0
ARC
  5
66C
330
1F
100
AcDbEntity
  8
layer9
 62
     7
100
AcDbCircle
 10
159.6020140647888
 20
191.54097366333
 30
0.0
 40
9.981878187834247
100
AcDbArc
 50
16.88324598742029
 51
81.34675947668039
  0
ARC
  5
66D
330
1F
100
AcDbEntity
  8
layer9
 62
     7
100
AcDbCircle
 10
161.3085947036743
 20
193.7518925666809
 30
0.0
 40
7.814498101787347
100
AcDbArc
 50
337.9640443979564
 51
7.159855809853664
  0
ARC
  5
66E
330
1F
100
AcDbEntity
  8
layer9
 62
     7
100
AcDbCircle
 10
125.4363384246826
 20
199.8655734062195
 30
0.0
 40
9.942903612853774
100
AcDbArc
 50
90.3283425827275
 51
176.1225759883822
  0
ARC
  5
66F
330
1F
100
AcDbEntity
  8
layer9
 62
     7
100
AcDbCircle
 10
130.1791400909424
 20
199.7426223754882
 30
0.0
 40
11.71930144327731
100
AcDbArc
 50
51.19124234151284
 51
121.7764600268231
  0
ARC
  5
670
330
1F
100
AcDbEntity
  8
layer9
 62
     7
100
AcDbCircle
 10
132.3398838043213
 20
196.8365750312805
 30
0.0
 40
13.7793403157841
100
AcDbArc
 50
36.91098260053404
 51
71.4987942142386
  0
ARC
  5
671
330
1F
100
AcDbEntity
  8
layer9
 62
     7
100
AcDbCircle
 10
146.9974193572998
 20
201.8339915275574
 30
0.0
 40
5.495898208005066
100
AcDbArc
 50
46.19604899745946
 51
136.9177193807031
  0
ARC
  5
672
330
1F
100
AcDbEntity
  8
layer9
 62
     7
100
AcDbCircle
 10
152.2358193397522
 20
200.199001789093
 30
0.0
 40
5.863365896730764
100
AcDbArc
 50
341.3844058347793
 51
104.8623874431727
  0
ARC
  5
673
330
1F
100
AcDbEntity
  8
layer9
 62
     7
100
AcDbCircle
 10
158.3937931060791
 20
186.0712437629699
 30
0.0
 40
11.52923657204732
100
AcDbArc
 50
21.75366937728493
 51
90.23392091522101
  0
ARC
  5
674
330
1F
100
AcDbEntity
  8
layer9
 62
     7
100
AcDbCircle
 10
173.089879989624
 20
109.5711178779602
 30
0.0
 40
105.6734600900113
100
AcDbArc
 50
113.0401460115363
 51
118.7004222393863
  0
ARC
  5
675
330
1F
100
AcDbEntity
  8
layer9
 62
     7
100
AcDbCircle
 10
133.7338500022888
 20
206.4339365959167
 30
0.0
 40
2.037997912134809
100
AcDbArc
 50
88.05769584524272
 51
169.2209445344168
  0
ARC
  5
676
330
1F
100
AcDbEntity
  8
layer9
 62
     7
100
AcDbCircle
 10
137.0084209442138
 20
208.1288065910339
 30
0.0
 40
3.22368320209544
100
AcDbArc
 50
173.9107691353495
 51
254.5629718922981
  0
ARC
  5
677
330
1F
100
AcDbEntity
  8
layer9
 62
     7
100
AcDbCircle
 10
137.497838973999
 20
198.2699775695801
 30
0.0
 40
6.884605009352211
100
AcDbArc
 50
34.01649674830093
 51
101.2871607980126
  0
ARC
  5
678
330
1F
100
AcDbEntity
  8
layer9
 62
     7
100
AcDbCircle
 10
125.4328441619873
 20
184.5516057014465
 30
0.0
 40
17.97784613727197
100
AcDbArc
 50
77.30884479808634
 51
99.8987120645051
  0
ARC
  5
679
330
1F
100
AcDbEntity
  8
layer9
 62
     7
100
AcDbCircle
 10
126.5821208953857
 20
202.9911575317383
 30
0.0
 40
2.784352553149203
100
AcDbArc
 50
267.7932763023502
 51
341.8602065139518
  0
ARC
  5
67A
330
1F
100
AcDbEntity
  8
layer9
 62
     7
100
AcDbCircle
 10
127.6249213218689
 20
195.8270916938781
 30
0.0
 40
4.212379722552563
100
AcDbArc
 50
359.352238388123
 51
103.49628161048
  0
ARC
  5
67B
330
1F
100
AcDbEntity
  8
layer9
 62
     7
100
AcDbCircle
 10
137.1357631683349
 20
193.75439453125
 30
0.0
 40
5.763327502185572
100
AcDbArc
 50
78.08043943122701
 51
156.9332533800011
  0
ARC
  5
67C
330
1F
100
AcDbEntity
  8
layer9
 62
     7
100
AcDbCircle
 10
139.3385562896728
 20
201.8143467903137
 30
0.0
 40
2.624069799018983
100
AcDbArc
 50
153.2675834767547
 51
247.3047234248283
  0
ARC
  5
67D
330
1F
100
AcDbEntity
  8
layer9
 62
     7
100
AcDbCircle
 10
139.315680027008
 20
197.9584007263183
 30
0.0
 40
5.545285178879673
100
AcDbArc
 50
49.6592767576622
 51
114.7401600960067
  0
ARC
  5
67E
330
1F
100
AcDbEntity
  8
layer9
 62
     7
100
AcDbCircle
 10
114.519856929779
 20
210.323890209198
 30
0.0
 40
0.56757713844023
100
AcDbArc
 50
4.017803788564016
 51
161.0286289605345
  0
ARC
  5
67F
330
1F
100
AcDbEntity
  8
layer9
 62
     7
100
AcDbCircle
 10
102.8161830902099
 20
212.0866045951843
 30
0.0
 40
12.39023773294293
100
AcDbArc
 50
325.9453275589903
 51
352.0067359346823
  0
ARC
  5
680
330
1F
100
AcDbEntity
  8
layer9
 62
     7
100
AcDbCircle
 10
101.7575511932373
 20
185.3497734069824
 30
0.0
 40
22.8081829709075
100
AcDbArc
 50
58.92602705565894
 51
70.50430904954485
  0
ARC
  5
681
330
1F
100
AcDbEntity
  8
layer9
 62
     7
100
AcDbCircle
 10
113.5925159454346
 20
197.8643794059753
 30
0.0
 40
9.92877941397956
100
AcDbArc
 50
115.1718416771614
 51
169.1050032826146
  0
ARC
  5
682
330
1F
100
AcDbEntity
  8
layer9
 62
     7
100
AcDbCircle
 10
103.7604999542236
 20
193.2793998718262
 30
0.0
 40
6.462138410665897
100
AcDbArc
 50
89.27114440565153
 51
133.6335369191991
  0
ARC
  5
683
330
1F
100
AcDbEntity
  8
layer9
 62
     7
100
AcDbCircle
 10
99.87881231307984
 20
193.588951587677
 30
0.0
 40
4.408501561769221
100
AcDbArc
 50
97.47921464552218
 51
141.6564986881272
  0
ARC
  5
684
330
1F
100
AcDbEntity
  8
layer9
 62
     7
100
AcDbCircle
 10
87.32147789001464
 20
190.700267791748
 30
0.0
 40
10.8099406282992
100
AcDbArc
 50
345.5419251225421
 51
31.92354526901647
  0
ARC
  5
685
330
1F
100
AcDbEntity
  8
layer9
 62
     7
100
AcDbCircle
 10
100.8441982269287
 20
193.1935153007507
 30
0.0
 40
6.02432591197819
100
AcDbArc
 50
145.6434232605196
 51
247.1282368960409
  0
ARC
  5
686
330
1F
100
AcDbEntity
  8
layer9
 62
     7
100
AcDbCircle
 10
112.0798020362854
 20
175.1121754646301
 30
0.0
 40
27.44977840315075
100
AcDbArc
 50
127.6497053557239
 51
170.0909437186338
  0
ARC
  5
687
330
1F
100
AcDbEntity
  8
layer9
 62
     7
100
AcDbCircle
 10
92.19004201889038
 20
176.8632273674011
 30
0.0
 40
7.743809712191326
100
AcDbArc
 50
157.4262377833283
 51
196.3162647359629
  0
ARC
  5
688
330
1F
100
AcDbEntity
  8
layer9
 62
     7
100
AcDbCircle
 10
114.444872379303
 20
200.6646504402161
 30
0.0
 40
1.07879157763752
100
AcDbArc
 50
187.1601031844943
 51
353.2547266773394
  0
ARC
  5
689
330
1F
100
AcDbEntity
  8
layer9
 62
     7
100
AcDbCircle
 10
112.3676357269287
 20
200.5698089599609
 30
0.0
 40
1.033392230056112
100
AcDbArc
 50
352.2843220697718
 51
148.1748434870348
  0
ARC
  5
68A
330
1F
100
AcDbEntity
  8
layer9
 62
     7
100
AcDbCircle
 10
213.5774064064026
 20
136.5335698127746
 30
0.0
 40
120.8000635554032
100
AcDbArc
 50
147.6800522468707
 51
152.176115033762
  0
ARC
  5
68B
330
1F
100
AcDbEntity
  8
layer9
 62
     7
100
AcDbCircle
 10
112.0255408287048
 20
192.7451367378235
 30
0.0
 40
4.743418083122215
100
AcDbArc
 50
155.6125632315289
 51
244.6787383747649
  0
ARC
  5
68C
330
1F
100
AcDbEntity
  8
layer9
 62
     7
100
AcDbCircle
 10
140.1841411590576
 20
202.9316525459289
 30
0.0
 40
33.47801155945001
100
AcDbArc
 50
205.6167765064938
 51
231.2378400645449
  0
ARC
  5
68D
330
1F
100
AcDbEntity
  8
layer9
 62
     7
100
AcDbCircle
 10
118.9303569793701
 20
182.2949523925781
 30
0.0
 40
5.475704700289377
100
AcDbArc
 50
273.0732279626544
 51
339.7237344987567
  0
ARC
  5
68E
330
1F
100
AcDbEntity
  8
layer9
 62
     7
100
AcDbCircle
 10
182.6569080352783
 20
137.3950724601745
 30
0.0
 40
72.62007685878356
100
AcDbArc
 50
136.7459072001052
 51
143.8950681241157
  0
ARC
  5
68F
330
1F
100
AcDbEntity
  8
layer9
 62
     7
100
AcDbCircle
 10
126.6399822235107
 20
185.5865287780762
 30
0.0
 40
3.325726602775108
100
AcDbArc
 50
312.8074304856815
 51
32.10661851973669
  0
ARC
  5
690
330
1F
100
AcDbEntity
  8
layer9
 62
     7
100
AcDbCircle
 10
136.6137790679931
 20
174.7455105781555
 30
0.0
 40
11.42895445247949
100
AcDbArc
 50
130.8671823401799
 51
187.8572171246695
  0
ARC
  5
691
330
1F
100
AcDbEntity
  8
layer9
 62
     7
100
AcDbCircle
 10
100.6781139373779
 20
171.1660003662109
 30
0.0
 40
15.40309757560198
100
AcDbArc
 50
10.87818824950758
 51
82.08069593093838
  0
ARC
  5
692
330
1F
100
AcDbEntity
  8
layer9
 62
     7
100
AcDbCircle
 10
103.8365311622619
 20
185.5118374824524
 30
0.0
 40
1.379305099567704
100
AcDbArc
 50
138.6989102409934
 51
221.014896242624
  0
ARC
  5
693
330
1F
100
AcDbEntity
  8
layer9
 62
     7
100
AcDbCircle
 10
121.1246852874756
 20
188.9710273742675
 30
0.0
 40
18.84133575933344
100
AcDbArc
 50
193.3935228974414
 51
224.3907735285271
  0
ARC
  5
694
330
1F
100
AcDbEntity
  8
layer9
 62
     7
100
AcDbCircle
 10
115.1190767288208
 20
190.0882039070129
 30
0.0
 40
15.76034537413372
100
AcDbArc
 50
238.3700388125889
 51
274.1980928177436
  0
ARC
  5
695
330
1F
100
AcDbEntity
  8
layer9
 62
     7
100
AcDbCircle
 10
104.1291060447693
 20
182.8805804252624
 30
0.0
 40
15.05137026490243
100
AcDbArc
 50
10.31917598912722
 51
60.66072167123209
  0
ARC
  5
696
330
1F
100
AcDbEntity
  8
layer9
 62
     7
100
AcDbCircle
 10
142.4933762550354
 20
181.383544921875
 30
0.0
 40
20.93039190484155
100
AcDbArc
 50
130.2099542411181
 51
186.0161775754721
  0
ARC
  5
697
330
1F
100
AcDbEntity
  8
layer9
 62
     7
100
AcDbCircle
 10
124.2400407791137
 20
201.3832397460937
 30
0.0
 40
16.67233693618308
100
AcDbArc
 50
251.4535832155162
 51
262.5507895246906
  0
ARC
  5
698
330
1F
100
AcDbEntity
  8
layer9
 62
     7
100
AcDbCircle
 10
90.98963308334351
 20
177.5194625854492
 30
0.0
 40
48.89668471086037
100
AcDbArc
 50
359.8196554207882
 51
23.94463826800812
  0
ARC
  5
699
330
1F
100
AcDbEntity
  8
layer9
 62
     7
100
AcDbCircle
 10
147.4162540435791
 20
178.1537284851074
 30
0.0
 40
7.654774570006381
100
AcDbArc
 50
102.8856360827287
 51
171.1452729117573
  0
ARC
  5
69A
330
1F
100
AcDbEntity
  8
layer9
 62
     7
100
AcDbCircle
 10
153.8917517662048
 20
184.2978134155273
 30
0.0
 40
8.288009948337982
100
AcDbArc
 50
97.32336204018492
 51
170.8502611415849
  0
ARC
  5
69B
330
1F
100
AcDbEntity
  8
layer9
 62
     7
100
AcDbCircle
 10
142.437349319458
 20
184.2957534790039
 30
0.0
 40
6.792538855850195
100
AcDbArc
 50
171.2757870703485
 51
208.1525592878358
  0
ARC
  5
69C
330
1F
100
AcDbEntity
  8
layer9
 62
     7
100
AcDbCircle
 10
129.2613353729248
 20
184.4623036384582
 30
0.0
 40
7.410054884361477
100
AcDbArc
 50
338.350095793266
 51
0.2152334481717651
  0
ARC
  5
69D
330
1F
100
AcDbEntity
  8
layer9
 62
     7
100
AcDbCircle
 10
131.5693302154541
 20
181.6907277107238
 30
0.0
 40
5.691413480438862
100
AcDbArc
 50
347.121733888898
 51
26.39406921893018
  0
ARC
  5
69E
330
1F
100
AcDbEntity
  8
layer9
 62
     7
100
AcDbCircle
 10
136.9868602752685
 20
179.4277577400207
 30
0.0
 40
1.692208388567918
100
AcDbArc
 50
359.7139231873701
 51
81.73055949747132
  0
ARC
  5
69F
330
1F
100
AcDbEntity
  8
layer9
 62
     7
100
AcDbCircle
 10
141.4719443321228
 20
178.410285949707
 30
0.0
 40
2.96957873979712
100
AcDbArc
 50
160.1361836766661
 51
214.1237498030402
  0
ARC
  5
6A0
330
1F
100
AcDbEntity
  8
layer9
 62
     7
100
AcDbCircle
 10
138.5273070335388
 20
174.3183288574219
 30
0.0
 40
3.34499930654402
100
AcDbArc
 50
28.20317511180791
 51
81.50560262843795
  0
ARC
  5
6A1
330
1F
100
AcDbEntity
  8
layer9
 62
     7
100
AcDbCircle
 10
143.0807361602783
 20
178.8695187568664
 30
0.0
 40
3.376502058716873
100
AcDbArc
 50
241.6075515544569
 51
318.3034519989121
  0
ARC
  5
6A2
330
1F
100
AcDbEntity
  8
layer9
 62
     7
100
AcDbCircle
 10
-372.5543918609619
 20
731.8262906074523
 30
0.0
 40
759.4314037471895
100
AcDbArc
 50
313.0232670891725
 51
313.9876092642723
  0
ARC
  5
6A3
330
1F
100
AcDbEntity
  8
layer9
 62
     7
100
AcDbCircle
 10
166.2300853729248
 20
175.2765846252441
 30
0.0
 40
15.22947185568148
100
AcDbArc
 50
82.73943459130112
 51
138.2234788753516
  0
ARC
  5
6A4
330
1F
100
AcDbEntity
  8
layer9
 62
     7
100
AcDbCircle
 10
176.2843341827392
 20
180.6776814460754
 30
0.0
 40
12.66098580610633
100
AcDbArc
 50
129.9480124327699
 51
199.6338215183476
  0
ARC
  5
6A5
330
1F
100
AcDbEntity
  8
layer9
 62
     7
100
AcDbCircle
 10
143.6208481788635
 20
186.3158793449402
 30
0.0
 40
22.97715216131356
100
AcDbArc
 50
302.847322541186
 51
334.4987032495518
  0
ARC
  5
6A6
330
1F
100
AcDbEntity
  8
layer9
 62
     7
100
AcDbCircle
 10
157.6763439178467
 20
200.7090535163879
 30
0.0
 40
33.41660299102723
100
AcDbArc
 50
251.1715497766937
 51
269.4328937198189
  0
ARC
  5
6A7
330
1F
100
AcDbEntity
  8
layer9
 62
     7
100
AcDbCircle
 10
159.6117911338806
 20
200.5052413940429
 30
0.0
 40
34.24178573777279
100
AcDbArc
 50
249.2708879232259
 51
267.6453532055893
  0
ARC
  5
6A8
330
1F
100
AcDbEntity
  8
layer9
 62
     7
100
AcDbCircle
 10
263.2590198516846
 20
-16.02673721313476
 30
0.0
 40
210.5100341980151
100
AcDbArc
 50
118.4892558252554
 51
119.9894596892064
  0
ARC
  5
6A9
330
1F
100
AcDbEntity
  8
layer9
 62
     7
100
AcDbCircle
 10
156.5487728118896
 20
171.4978337287903
 30
0.0
 40
6.778451898701003
100
AcDbArc
 50
279.2581783684157
 51
338.3035680385867
  0
ARC
  5
6AA
330
1F
100
AcDbEntity
  8
layer9
 62
     7
100
AcDbCircle
 10
155.4918570518493
 20
176.117389678955
 30
0.0
 40
11.51433524426249
100
AcDbArc
 50
232.4183399564567
 51
284.4610368808617
  0
ARC
  5
6AB
330
1F
100
AcDbEntity
  8
layer9
 62
     7
100
AcDbCircle
 10
141.0309619903564
 20
155.7032775878906
 30
0.0
 40
13.50957254431931
100
AcDbArc
 50
53.45018852105996
 51
74.03033853256575
  0
ARC
  5
6AC
330
1F
100
AcDbEntity
  8
layer9
 62
     7
100
AcDbCircle
 10
136.9353013038635
 20
149.4151535034179
 30
0.0
 40
20.6579721443165
100
AcDbArc
 50
26.00264991883538
 51
62.71742772212005
  0
ARC
  5
6AD
330
1F
100
AcDbEntity
  8
layer9
 62
     7
100
AcDbCircle
 10
110.2578263282776
 20
107.2825274467468
 30
0.0
 40
68.31835108038991
100
AcDbArc
 50
47.67500715791043
 51
64.98407702007672
  0
ARC
  5
6AE
330
1F
100
AcDbEntity
  8
layer9
 62
     7
100
AcDbCircle
 10
113.0397281646728
 20
187.5822296142578
 30
0.0
 40
19.71268308068798
100
AcDbArc
 50
314.8934766808777
 51
342.5184125321392
  0
ARC
  5
6AF
330
1F
100
AcDbEntity
  8
layer9
 62
     7
100
AcDbCircle
 10
125.3075923919678
 20
171.3762288093567
 30
0.0
 40
2.708390170824289
100
AcDbArc
 50
323.7082194429706
 51
54.21162594432011
  0
ARC
  5
6B0
330
1F
100
AcDbEntity
  8
layer9
 62
     7
100
AcDbCircle
 10
129.8789038658142
 20
169.0252723693847
 30
0.0
 40
2.378359121153913
100
AcDbArc
 50
26.98809842096312
 51
161.8039622359082
  0
ARC
  5
6B1
330
1F
100
AcDbEntity
  8
layer9
 62
     7
100
AcDbCircle
 10
128.6129670143127
 20
167.5765266418457
 30
0.0
 40
4.235544699761829
100
AcDbArc
 50
359.5171819795386
 51
37.60599369731617
  0
ARC
  5
6B2
330
1F
100
AcDbEntity
  8
layer9
 62
     7
100
AcDbCircle
 10
128.5953540802002
 20
168.7765574455261
 30
0.0
 40
4.419212054090106
100
AcDbArc
 50
344.2435538816638
 51
49.21310730742101
  0
ARC
  5
6B3
330
1F
100
AcDbEntity
  8
layer9
 62
     7
100
AcDbCircle
 10
133.1746153831482
 20
171.5466346740722
 30
0.0
 40
1.787726147945396
100
AcDbArc
 50
61.88871759559031
 51
161.2073614883338
  0
ARC
  5
6B4
330
1F
100
AcDbEntity
  8
layer9
 62
     7
100
AcDbCircle
 10
122.0541248321533
 20
179.740505695343
 30
0.0
 40
9.95873860967961
100
AcDbArc
 50
334.1460795322242
 51
6.971910267257288
  0
ARC
  5
6B5
330
1F
100
AcDbEntity
  8
layer9
 62
     7
100
AcDbCircle
 10
158.5898189544677
 20
150.9756655693054
 30
0.0
 40
26.56441378717179
100
AcDbArc
 50
82.32225733974885
 51
123.1334749198101
  0
ARC
  5
6B6
330
1F
100
AcDbEntity
  8
layer9
 62
     7
100
AcDbCircle
 10
139.82257604599
 20
185.5877609252929
 30
0.0
 40
23.46109921502921
100
AcDbArc
 50
314.3564422513301
 51
339.4355001869441
  0
ARC
  5
6B7
330
1F
100
AcDbEntity
  8
layer9
 62
     7
100
AcDbCircle
 10
156.4371242523193
 20
198.703140258789
 30
0.0
 40
29.89092577553824
100
AcDbArc
 50
249.4917213175535
 51
270.4071919929265
  0
ARC
  5
6B8
330
1F
100
AcDbEntity
  8
layer9
 62
     7
100
AcDbCircle
 10
145.6215109825134
 20
172.4189686775207
 30
0.0
 40
1.74645957127761
100
AcDbArc
 50
152.6736705289752
 51
299.7363078257973
  0
ARC
  5
6B9
330
1F
100
AcDbEntity
  8
layer9
 62
     7
100
AcDbCircle
 10
131.9284262657165
 20
175.583511352539
 30
0.0
 40
0.931072755083472
100
AcDbArc
 50
191.5105968553388
 51
325.8393696749385
  0
ARC
  5
6BA
330
1F
100
AcDbEntity
  8
layer9
 62
     7
100
AcDbCircle
 10
133.5511040687561
 20
175.6069836616516
 30
0.0
 40
0.8513255530655293
100
AcDbArc
 50
166.1834241514908
 51
327.6587837802356
  0
ARC
  5
6BB
330
1F
100
AcDbEntity
  8
layer9
 62
     7
100
AcDbCircle
 10
155.4419193267822
 20
177.9784698486328
 30
0.0
 40
21.35944528469423
100
AcDbArc
 50
160.1292184615006
 51
188.7941508617928
  0
ARC
  5
6BC
330
1F
100
AcDbEntity
  8
layer9
 62
     7
100
AcDbCircle
 10
138.7814421653747
 20
171.1629023551941
 30
0.0
 40
4.304905301890711
100
AcDbArc
 50
150.997608663507
 51
243.5447661917631
  0
ARC
  5
6BD
330
1F
100
AcDbEntity
  8
layer9
 62
     7
100
AcDbCircle
 10
111.0455422401428
 20
150.6768565177917
 30
0.0
 40
30.71146849159968
100
AcDbArc
 50
12.04062818214462
 51
32.78955321905282
  0
ARC
  5
6BE
330
1F
100
AcDbEntity
  8
layer9
 62
     7
100
AcDbCircle
 10
91.03352117538452
 20
153.827079296112
 30
0.0
 40
50.02896462627938
100
AcDbArc
 50
4.663171738588799
 51
14.7351720151609
  0
ARC
  5
6BF
330
1F
100
AcDbEntity
  8
layer9
 62
     7
100
AcDbCircle
 10
122.0161910057068
 20
141.4524307250976
 30
0.0
 40
30.20418074771169
100
AcDbArc
 50
37.2685161364349
 51
54.52125874828876
  0
ARC
  5
6C0
330
1F
100
AcDbEntity
  8
layer9
 62
     7
100
AcDbCircle
 10
134.7348499298095
 20
160.117862701416
 30
0.0
 40
11.0128841119858
100
AcDbArc
 50
0.0987099374308833
 51
75.09775115642565
  0
ARC
  5
6C1
330
1F
100
AcDbEntity
  8
layer9
 62
     7
100
AcDbCircle
 10
110.1134390830993
 20
185.3328704833984
 30
0.0
 40
11.83827405362202
100
AcDbArc
 50
168.7478272283012
 51
253.7884961930673
  0
ARC
  5
6C2
330
1F
100
AcDbEntity
  8
layer9
 62
     7
100
AcDbCircle
 10
107.1950240135193
 20
152.1444396972656
 30
0.0
 40
22.40833667616656
100
AcDbArc
 50
66.74571523330986
 51
94.63129187276562
  0
ARC
  5
6C3
330
1F
100
AcDbEntity
  8
layer9
 62
     7
100
AcDbCircle
 10
108.4894313812256
 20
182.0892987251282
 30
0.0
 40
10.35167540689277
100
AcDbArc
 50
190.1763865252964
 51
303.3094057189531
  0
ARC
  5
6C4
330
1F
100
AcDbEntity
  8
layer9
 62
     7
100
AcDbCircle
 10
133.339220046997
 20
115.5984344482422
 30
0.0
 40
58.24650455866706
100
AcDbArc
 50
97.46907544532826
 51
104.3157799205087
  0
ARC
  5
6C5
330
1F
100
AcDbEntity
  8
layer9
 62
     7
100
AcDbCircle
 10
117.6259818077087
 20
172.6087999343872
 30
0.0
 40
1.42323184461312
100
AcDbArc
 50
172.4503491604055
 51
253.7668985824285
  0
ARC
  5
6C6
330
1F
100
AcDbEntity
  8
layer9
 62
     7
100
AcDbCircle
 10
121.4471912384033
 20
148.1487736701965
 30
0.0
 40
22.67191418835997
100
AcDbArc
 50
88.861196005431
 51
132.1324691659314
  0
ARC
  5
6C7
330
1F
100
AcDbEntity
  8
layer9
 62
     7
100
AcDbCircle
 10
122.2076811790466
 20
158.3181767463684
 30
0.0
 40
10.94456394279001
100
AcDbArc
 50
86.31147322314957
 51
150.7400710970681
  0
ARC
  5
6C8
330
1F
100
AcDbEntity
  8
layer9
 62
     7
100
AcDbCircle
 10
110.5811786651611
 20
155.1250114440918
 30
0.0
 40
14.0224315669438
100
AcDbArc
 50
120.3343633511245
 51
206.528066645561
  0
ARC
  5
6C9
330
1F
100
AcDbEntity
  8
layer9
 62
     7
100
AcDbCircle
 10
88.94217491149902
 20
142.8307952880859
 30
0.0
 40
21.84504751380251
100
AcDbArc
 50
17.34423105213102
 51
41.77058120271226
  0
ARC
  5
6CA
330
1F
100
AcDbEntity
  8
layer9
 62
     7
100
AcDbCircle
 10
143.8536658287048
 20
161.5503735542297
 30
0.0
 40
12.96186955063614
100
AcDbArc
 50
303.6461942865311
 51
343.1486378464053
  0
ARC
  5
6CB
330
1F
100
AcDbEntity
  8
layer9
 62
     7
100
AcDbCircle
 10
71.74143409729004
 20
151.1322474479675
 30
0.0
 40
65.42583668806006
100
AcDbArc
 50
354.5662290880781
 51
11.46351018672765
  0
ARC
  5
6CC
330
1F
100
AcDbEntity
  8
layer9
 62
     7
100
AcDbCircle
 10
156.2227492332458
 20
139.8496017456055
 30
0.0
 40
44.8362251048894
100
AcDbArc
 50
135.8328580066809
 51
175.4929474071346
  0
ARC
  5
6CD
330
1F
100
AcDbEntity
  8
layer9
 62
     7
100
AcDbCircle
 10
99.27310800552369
 20
171.1030468940735
 30
0.0
 40
24.7881545414181
100
AcDbArc
 50
323.5982214083056
 51
359.9684718499735
  0
ARC
  5
6CE
330
1F
100
AcDbEntity
  8
layer9
 62
     7
100
AcDbCircle
 10
123.8238201141357
 20
153.0873184204101
 30
0.0
 40
5.663855547423298
100
AcDbArc
 50
144.2966917926033
 51
235.7442011279902
  0
ARC
  5
6CF
330
1F
100
AcDbEntity
  8
layer9
 62
     7
100
AcDbCircle
 10
114.4862189292908
 20
140.2043766975403
 30
0.0
 40
10.2509537647776
100
AcDbArc
 50
25.94827608472928
 51
53.13772484522473
  0
ARC
  5
6D0
330
1F
100
AcDbEntity
  8
layer9
 62
     7
100
AcDbCircle
 10
128.4723110198974
 20
140.3043179512024
 30
0.0
 40
6.67721978909649
100
AcDbArc
 50
48.02721791415468
 51
136.7481881021667
  0
ARC
  5
6D1
330
1F
100
AcDbEntity
  8
layer9
 62
     7
100
AcDbCircle
 10
132.7374320030212
 20
142.9212498664856
 30
0.0
 40
2.355874438789351
100
AcDbArc
 50
1.545340259122324
 51
85.11901025096078
  0
ARC
  5
6D2
330
1F
100
AcDbEntity
  8
layer9
 62
     7
100
AcDbCircle
 10
136.622492313385
 20
143.377197265625
 30
0.0
 40
1.579562903064334
100
AcDbArc
 50
80.86501143967737
 51
194.3847270988108
  0
ARC
  5
6D3
330
1F
100
AcDbEntity
  8
layer9
 62
     7
100
AcDbCircle
 10
123.8217287063598
 20
145.0471115112304
 30
0.0
 40
12.80107912602532
100
AcDbArc
 50
273.6690901246217
 51
359.5955948477281
  0
ARC
  5
6D4
330
1F
100
AcDbEntity
  8
layer9
 62
     7
100
AcDbCircle
 10
117.0078868865967
 20
143.1920127868652
 30
0.0
 40
4.787673584028938
100
AcDbArc
 50
164.1293222402304
 51
240.5581837526214
  0
ARC
  5
6D5
330
1F
100
AcDbEntity
  8
layer9
 62
     7
100
AcDbCircle
 10
124.3691310882568
 20
139.1783337593078
 30
0.0
 40
6.144865284211372
100
AcDbArc
 50
140.0584450345718
 51
280.9111623218724
  0
ARC
  5
6D6
330
1F
100
AcDbEntity
  8
layer9
 62
     7
100
AcDbCircle
 10
125.0495929718017
 20
159.5392875671386
 30
0.0
 40
17.27868617496069
100
AcDbArc
 50
251.8175091978219
 51
287.1124569196365
  0
ARC
  5
6D7
330
1F
100
AcDbEntity
  8
layer9
 62
     7
100
AcDbCircle
 10
151.2678427696228
 20
200.3693590164185
 30
0.0
 40
61.46754887539078
100
AcDbArc
 50
249.3237869095075
 51
254.3974389534617
  0
ARC
  5
6D8
330
1F
100
AcDbEntity
  8
layer9
 62
     7
100
AcDbCircle
 10
147.6377892494201
 20
155.7209858894348
 30
0.0
 40
14.60066681854354
100
AcDbArc
 50
284.1565830358503
 51
348.3758703504952
  0
ARC
  5
6D9
330
1F
100
AcDbEntity
  8
layer9
 62
     7
100
AcDbCircle
 10
132.8048191070556
 20
179.8150515556335
 30
0.0
 40
47.53379101518582
100
AcDbArc
 50
296.3958042340197
 51
306.8878583124101
  0
ARC
  5
6DA
330
1F
100
AcDbEntity
  8
layer9
 62
     7
100
AcDbCircle
 10
168.055269241333
 20
160.9594225883484
 30
0.0
 40
6.249975607177168
100
AcDbArc
 50
122.636641598244
 51
222.5537808090677
  0
ARC
  5
6DB
330
1F
100
AcDbEntity
  8
layer9
 62
     7
100
AcDbCircle
 10
157.2354030609131
 20
148.0381927490234
 30
0.0
 40
10.68789283341564
100
AcDbArc
 50
323.3224790897643
 51
54.43825151112857
  0
ARC
  5
6DC
330
1F
100
AcDbEntity
  8
layer9
 62
     7
100
AcDbCircle
 10
146.0600762367248
 20
153.4327845573425
 30
0.0
 40
23.07055621037383
100
AcDbArc
 50
281.1120060165025
 51
331.6808235503931
  0
ARC
  5
6DD
330
1F
100
AcDbEntity
  8
layer9
 62
     7
100
AcDbCircle
 10
131.8384261131286
 20
130.2060704231262
 30
0.0
 40
24.91421769867374
100
AcDbArc
 50
310.4177650352576
 51
4.641544860006935
  0
ARC
  5
6DE
330
1F
100
AcDbEntity
  8
layer9
 62
     7
100
AcDbCircle
 10
106.0745072364807
 20
127.9667587280273
 30
0.0
 40
46.00102946786027
100
AcDbArc
 50
337.7797674922213
 51
3.337998242210452
  0
ARC
  5
6DF
330
1F
100
AcDbEntity
  8
layer9
 62
     7
100
AcDbCircle
 10
298.6853814125061
 20
859.5459933280945
 30
0.0
 40
743.6634859057123
100
AcDbArc
 50
257.0172316470919
 51
258.5597384276721
  0
ARC
  5
6E0
330
1F
100
AcDbEntity
  8
layer9
 62
     7
100
AcDbCircle
 10
109.5163249969482
 20
123.8661112785339
 30
0.0
 40
34.29429400541066
100
AcDbArc
 50
359.7513529830984
 51
12.13870019272094
  0
ARC
  5
6E1
330
1F
100
AcDbEntity
  8
layer9
 62
     7
100
AcDbCircle
 10
152.8009090423584
 20
122.0740275382995
 30
0.0
 40
9.139552197874431
100
AcDbArc
 50
110.4798707199233
 51
169.6420800371511
  0
ARC
  5
6E2
330
1F
100
AcDbEntity
  8
layer9
 62
     7
100
AcDbCircle
 10
154.5664267539978
 20
132.0044937133789
 30
0.0
 40
18.42415923247417
100
AcDbArc
 50
178.4491938933066
 51
196.7070817108653
  0
ARC
  5
6E3
330
1F
100
AcDbEntity
  8
layer9
 62
     7
100
AcDbCircle
 10
142.0593929290771
 20
126.6826395988464
 30
0.0
 40
5.139446523711534
100
AcDbArc
 50
95.35616421133864
 51
179.7179940650076
  0
ARC
  5
6E4
330
1F
100
AcDbEntity
  8
layer9
 62
     7
100
AcDbCircle
 10
141.8870520591736
 20
130.5774884223938
 30
0.0
 40
1.260225455464305
100
AcDbArc
 50
0.0511717880565109
 51
104.118627740131
  0
ARC
  5
6E5
330
1F
100
AcDbEntity
  8
layer9
 62
     7
100
AcDbCircle
 10
103.5244460105896
 20
114.4483222961426
 30
0.0
 40
31.96558124201528
100
AcDbArc
 50
22.92200873056002
 51
35.68077461152635
  0
ARC
  5
6E6
330
1F
100
AcDbEntity
  8
layer9
 62
     7
100
AcDbCircle
 10
111.8763480186462
 20
139.1656684875488
 30
0.0
 40
24.39526183239435
100
AcDbArc
 50
329.818816431949
 51
347.6801209273998
  0
ARC
  5
6E7
330
1F
100
AcDbEntity
  8
layer9
 62
     7
100
AcDbCircle
 10
52461.93003702163
 20
-23680.8122215271
 30
0.0
 40
57500.90810450022
100
AcDbArc
 50
155.5362810979009
 51
155.5419903346905
  0
ARC
  5
6E8
330
1F
100
AcDbEntity
  8
layer9
 62
     7
100
AcDbCircle
 10
91.87780618667602
 20
107.6580653190613
 30
0.0
 40
35.11990549882932
100
AcDbArc
 50
32.83720567021994
 51
38.84464994042526
  0
ARC
  5
6E9
330
1F
100
AcDbEntity
  8
layer9
 62
     7
100
AcDbCircle
 10
125.4652762413025
 20
124.3463134765625
 30
0.0
 40
8.001077544274107
100
AcDbArc
 50
139.7037809191762
 51
170.7094601698548
  0
ARC
  5
6EA
330
1F
100
AcDbEntity
  8
layer9
 62
     7
100
AcDbCircle
 10
110.7961478233337
 20
120.9999723434448
 30
0.0
 40
8.208835188335344
100
AcDbArc
 50
33.09740451183065
 51
68.69753424743345
  0
ARC
  5
6EB
330
1F
100
AcDbEntity
  8
layer9
 62
     7
100
AcDbCircle
 10
118.477732181549
 20
125.5997695922851
 30
0.0
 40
5.601394910359561
100
AcDbArc
 50
147.0312304522742
 51
198.8192748480979
  0
ARC
  5
6EC
330
1F
100
AcDbEntity
  8
layer9
 62
     7
100
AcDbCircle
 10
117.4254622459411
 20
133.4725608825683
 30
0.0
 40
10.57150072266267
100
AcDbArc
 50
203.7459414839711
 51
247.3681475456213
  0
ARC
  5
6ED
330
1F
100
AcDbEntity
  8
layer9
 62
     7
100
AcDbCircle
 10
129.5878310203552
 20
108.6940999031067
 30
0.0
 40
23.15908437615461
100
AcDbArc
 50
89.87875037377058
 51
106.3377836597665
  0
ARC
  5
6EE
330
1F
100
AcDbEntity
  8
layer9
 62
     7
100
AcDbCircle
 10
129.9721584320068
 20
122.7802586555481
 30
0.0
 40
23.13622779968523
100
AcDbArc
 50
163.8501439019545
 51
209.6669507992892
  0
ARC
  5
6EF
330
1F
100
AcDbEntity
  8
layer9
 62
     7
100
AcDbCircle
 10
106.3752460479736
 20
109.5730218887329
 30
0.0
 40
3.909860578303143
100
AcDbArc
 50
26.683885644039
 51
86.22911811413009
  0
ARC
  5
6F0
330
1F
100
AcDbEntity
  8
layer9
 62
     7
100
AcDbCircle
 10
-4.09389305114746
 20
255.7693095207214
 30
0.0
 40
120.2867762844403
100
AcDbArc
 50
314.8353658466088
 51
317.6180722705097
  0
ARC
  5
6F1
330
1F
100
AcDbEntity
  8
layer9
 62
     7
100
AcDbCircle
 10
100.3567481040954
 20
175.7175216674804
 30
0.0
 40
20.57600522785948
100
AcDbArc
 50
136.7308900041105
 51
198.8152660559007
  0
ARC
  5
6F2
330
1F
100
AcDbEntity
  8
layer9
 62
     7
100
AcDbCircle
 10
85.680428981781
 20
193.3466753959655
 30
0.0
 40
3.345992113596228
100
AcDbArc
 50
174.2828552356408
 51
283.0635286030885
  0
ARC
  5
6F3
330
1F
100
AcDbEntity
  8
layer9
 62
     7
100
AcDbCircle
 10
73.86481332778931
 20
212.0464324951172
 30
0.0
 40
13.51055721517093
100
AcDbArc
 50
243.1937116518212
 51
285.4424099355571
  0
ARC
  5
6F4
330
1F
100
AcDbEntity
  8
layer9
 62
     7
100
AcDbCircle
 10
78.4858193397522
 20
199.927619934082
 30
0.0
 40
1.592660509889086
100
AcDbArc
 50
156.9787919241704
 51
203.0212080758296
  0
ARC
  5
6F5
330
1F
100
AcDbEntity
  8
layer9
 62
     7
100
AcDbCircle
 10
71.63654088973999
 20
184.5674748420715
 30
0.0
 40
16.8652779202122
100
AcDbArc
 50
18.01121663256327
 51
71.38521800582417
  0
ARC
  5
6F6
330
1F
100
AcDbEntity
  8
layer9
 62
     7
100
AcDbCircle
 10
85.23546409606934
 20
193.3269357681274
 30
0.0
 40
4.303214063568948
100
AcDbArc
 50
304.540686264422
 51
13.45461387633363
  0
ARC
  5
6F7
330
1F
100
AcDbEntity
  8
layer9
 62
     7
100
AcDbCircle
 10
90.82534980773926
 20
196.8447184562683
 30
0.0
 40
2.882070479206676
100
AcDbArc
 50
178.2348273586794
 51
240.8289069111806
  0
ARC
  5
6F8
330
1F
100
AcDbEntity
  8
layer9
 62
     7
100
AcDbCircle
 10
89.75789117813111
 20
203.7535667419434
 30
0.0
 40
7.14317669335739
100
AcDbArc
 50
255.2836148566934
 51
278.2859503130234
  0
ARC
  5
6F9
330
1F
100
AcDbEntity
  8
layer9
 62
     7
100
AcDbCircle
 10
96.01072883605958
 20
203.6177825927734
 30
0.0
 40
9.104523753903499
100
AcDbArc
 50
197.7695996935435
 51
230.1989519044225
  0
ARC
  5
6FA
330
1F
100
AcDbEntity
  8
layer9
 62
     7
100
AcDbCircle
 10
96.56923818588257
 20
211.3696827888489
 30
0.0
 40
14.09393145717188
100
AcDbArc
 50
229.3987616586804
 51
247.8232421259682
  0
ARC
  5
6FB
330
1F
100
AcDbEntity
  8
layer9
 62
     7
100
AcDbCircle
 10
85.46617698669434
 20
197.6986312866211
 30
0.0
 40
7.038711065243273
100
AcDbArc
 50
7.565666587591379
 51
70.05402077849112
  0
ARC
  5
6FC
330
1F
100
AcDbEntity
  8
layer9
 62
     7
100
AcDbCircle
 10
100.4152812957763
 20
201.1917266845703
 30
0.0
 40
8.363545992071616
100
AcDbArc
 50
174.1943538677091
 51
188.8967876109914
  0
ARC
  5
6FD
330
1F
100
AcDbEntity
  8
layer9
 62
     7
100
AcDbCircle
 10
80.15404748916626
 20
188.7975845336914
 30
0.0
 40
17.62755576359174
100
AcDbArc
 50
35.86486838234705
 51
47.45697038615992
  0
ARC
  5
6FE
330
1F
100
AcDbEntity
  8
layer9
 62
     7
100
AcDbCircle
 10
92.84310722351074
 20
213.4120488166809
 30
0.0
 40
12.10933226124998
100
AcDbArc
 50
153.8063606805106
 51
219.365979049499
  0
ARC
  5
6FF
330
1F
100
AcDbEntity
  8
layer9
 62
     7
100
AcDbCircle
 10
95.16103219985962
 20
204.3875384330749
 30
0.0
 40
11.75683607956572
100
AcDbArc
 50
173.4362667425499
 51
220.3785774740976
  0
ARC
  5
700
330
1F
100
AcDbEntity
  8
layer9
 62
     7
100
AcDbCircle
 10
87.24107217788697
 20
196.0658535957336
 30
0.0
 40
1.253376032450125
100
AcDbArc
 50
145.7617056034403
 51
329.2030136717559
  0
ARC
  5
701
330
1F
100
AcDbEntity
  8
layer9
 62
     7
100
AcDbCircle
 10
78.01987218856812
 20
206.8513293266296
 30
0.0
 40
12.33408843709636
100
AcDbArc
 50
213.8120791298453
 51
271.8170251705246
  0
ARC
  5
702
330
1F
100
AcDbEntity
  8
layer9
 62
     7
100
AcDbCircle
 10
80.57840490341186
 20
205.0707097053528
 30
0.0
 40
10.7676661676337
100
AcDbArc
 50
258.3874761045164
 51
284.8612276821683
  0
ARC
  5
703
330
1F
100
AcDbEntity
  8
layer9
 62
     7
100
AcDbCircle
 10
74.78506994247436
 20
185.7401967048645
 30
0.0
 40
6.377618520592638
100
AcDbArc
 50
93.14250679592394
 51
167.9010067984023
  0
ARC
  5
704
330
1F
100
AcDbEntity
  8
layer9
 62
     7
100
AcDbCircle
 10
74.89016103744507
 20
220.3007545471191
 30
0.0
 40
28.19619634370371
100
AcDbArc
 50
269.0759718306319
 51
282.4195073747723
  0
ARC
  5
705
330
1F
100
AcDbEntity
  8
layer9
 62
     7
100
AcDbCircle
 10
-44.18874597549439
 20
231.9397358894348
 30
0.0
 40
131.1275420253172
100
AcDbArc
 50
338.1854302783056
 51
342.61654733717
  0
ARC
  5
706
330
1F
100
AcDbEntity
  8
layer9
 62
     7
100
AcDbCircle
 10
-122.9002366065979
 20
-307.2662081718445
 30
0.0
 40
530.120757325089
100
AcDbArc
 50
67.6946595245062
 51
68.82960984971693
  0
ARC
  5
707
330
1F
100
AcDbEntity
  8
layer9
 62
     7
100
AcDbCircle
 10
74.30706977844238
 20
174.9504737854004
 30
0.0
 40
6.480487164141324
100
AcDbArc
 50
70.52192805845175
 51
178.4856530459886
  0
ARC
  5
708
330
1F
100
AcDbEntity
  8
layer9
 62
     7
100
AcDbCircle
 10
76.53584814071655
 20
178.8881306648254
 30
0.0
 40
2.17301103700561
100
AcDbArc
 50
91.79029291227022
 51
186.5386823917254
  0
ARC
  5
709
330
1F
100
AcDbEntity
  8
layer9
 62
     7
100
AcDbCircle
 10
29.5208067893982
 20
170.4231839179992
 30
0.0
 40
45.60266393953837
100
AcDbArc
 50
355.2818105029408
 51
10.38127876710465
  0
ARC
  5
70A
330
1F
100
AcDbEntity
  8
layer9
 62
     7
100
AcDbCircle
 10
71.85082006454468
 20
176.9626154899597
 30
0.0
 40
4.215617844365199
100
AcDbArc
 50
205.9283469652321
 51
296.5289830113098
  0
ARC
  5
70B
330
1F
100
AcDbEntity
  8
layer9
 62
     7
100
AcDbCircle
 10
78.09755516052246
 20
169.7755436897278
 30
0.0
 40
5.673570191315731
100
AcDbArc
 50
144.4336114109913
 51
227.6349156987759
  0
ARC
  5
70C
330
1F
100
AcDbEntity
  8
layer9
 62
     7
100
AcDbCircle
 10
73.95197820663452
 20
167.9082336425781
 30
0.0
 40
1.128631858434272
100
AcDbArc
 50
200.6543475246343
 51
9.76949767068554
  0
ARC
  5
70D
330
1F
100
AcDbEntity
  8
layer9
 62
     7
100
AcDbCircle
 10
81.87914419174195
 20
161.3017807006836
 30
0.0
 40
6.977319155438358
100
AcDbArc
 50
157.357603830288
 51
232.4081487442926
  0
ARC
  5
70E
330
1F
100
AcDbEntity
  8
layer9
 62
     7
100
AcDbCircle
 10
73.12504005432129
 20
158.6014256477356
 30
0.0
 40
5.862696086003218
100
AcDbArc
 50
324.4612074413044
 51
66.74687755427524
  0
ARC
  5
70F
330
1F
100
AcDbEntity
  8
layer9
 62
     7
100
AcDbCircle
 10
129.8945903778076
 20
187.3210296630859
 30
0.0
 40
67.44609600429853
100
AcDbArc
 50
193.6427931104665
 51
225.2738629101518
  0
ARC
  5
710
330
1F
100
AcDbEntity
  8
layer9
 62
     7
100
AcDbCircle
 10
38.39236211776734
 20
151.748366355896
 30
0.0
 40
45.73705912567996
100
AcDbArc
 50
333.2625617396175
 51
344.3391647187621
  0
ARC
  5
711
330
1F
100
AcDbEntity
  8
layer9
 62
     7
100
AcDbCircle
 10
87.30810689926148
 20
121.2372364997863
 30
0.0
 40
12.79809468844506
100
AcDbArc
 50
129.0858848484733
 51
211.3172119078704
  0
ARC
  5
712
330
1F
100
AcDbEntity
  8
layer9
 62
     7
100
AcDbCircle
 10
91.77822685241698
 20
107.2677683830261
 30
0.0
 40
17.05324258104819
100
AcDbArc
 50
154.5903569895139
 51
222.0831444819474
  0
ARC
  5
713
330
1F
100
AcDbEntity
  8
layer9
 62
     7
100
AcDbCircle
 10
92.28003120422362
 20
100.6341094970703
 30
0.0
 40
13.15765635720876
100
AcDbArc
 50
148.9150583617938
 51
198.5905392312027
  0
ARC
  5
714
330
1F
100
AcDbEntity
  8
layer9
 62
     7
100
AcDbCircle
 10
88.24575996398925
 20
108.1102566719055
 30
0.0
 40
7.424930627449516
100
AcDbArc
 50
187.0515183022513
 51
226.8990659506607
  0
ARC
  5
715
330
1F
100
AcDbEntity
  8
layer9
 62
     7
100
AcDbCircle
 10
103.7598671913147
 20
98.30780744552612
 30
0.0
 40
21.05484999365132
100
AcDbArc
 50
167.9758488483228
 51
231.1835663752869
  0
ARC
  5
716
330
1F
100
AcDbEntity
  8
layer9
 62
     7
100
AcDbCircle
 10
85.96077871322632
 20
103.9494557380676
 30
0.0
 40
8.3899860923323
100
AcDbArc
 50
123.2566276619071
 51
192.610901469551
  0
ARC
  5
717
330
1F
100
AcDbEntity
  8
layer9
 62
     7
100
AcDbCircle
 10
105.6875972747802
 20
122.5312805175781
 30
0.0
 40
23.05497879163248
100
AcDbArc
 50
145.785439228463
 51
170.7437619170152
  0
ARC
  5
718
330
1F
100
AcDbEntity
  8
layer9
 62
     7
100
AcDbCircle
 10
85.65733528137206
 20
123.0882725715637
 30
0.0
 40
4.165854555939256
100
AcDbArc
 50
130.8446754451134
 51
216.9161134454507
  0
ARC
  5
719
330
1F
100
AcDbEntity
  8
layer9
 62
     7
100
AcDbCircle
 10
130.2924752235412
 20
110.9066085815429
 30
0.0
 40
48.93271216528969
100
AcDbArc
 50
168.5909544212571
 51
180.3642700361367
  0
ARC
  5
71A
330
1F
100
AcDbEntity
  8
layer9
 62
     7
100
AcDbCircle
 10
98.30466318130493
 20
104.8807754516601
 30
0.0
 40
18.15195349456169
100
AcDbArc
 50
121.605857381658
 51
153.9291571571803
  0
ARC
  5
71B
330
1F
100
AcDbEntity
  8
layer9
 62
     7
100
AcDbCircle
 10
115.3525142669677
 20
114.8000226020813
 30
0.0
 40
27.36545082972485
100
AcDbArc
 50
168.6852024250417
 51
185.2769747370858
  0
ARC
  5
71C
330
1F
100
AcDbEntity
  8
layer9
 62
     7
100
AcDbCircle
 10
26.36734628677368
 20
99.83319044113159
 30
0.0
 40
63.0507125096465
100
AcDbArc
 50
359.819409535245
 51
11.93519615881034
  0
ARC
  5
71D
330
1F
100
AcDbEntity
  8
layer9
 62
     7
100
AcDbCircle
 10
104.3805751800537
 20
91.40142488479614
 30
0.0
 40
17.17473722176552
100
AcDbArc
 50
150.5976121564829
 51
204.937317559224
  0
ARC
  5
71E
330
1F
100
AcDbEntity
  8
layer9
 62
     7
100
AcDbCircle
 10
105.0899600982666
 20
97.82366132736207
 30
0.0
 40
20.71631811845007
100
AcDbArc
 50
147.043021786184
 51
207.1808365200082
  0
ARC
  5
71F
330
1F
100
AcDbEntity
  8
layer9
 62
     7
100
AcDbCircle
 10
96.69594430923462
 20
172.6330223083496
 30
0.0
 40
11.23564124468632
100
AcDbArc
 50
189.1988047235749
 51
246.1143537052933
  0
ARC
  5
720
330
1F
100
AcDbEntity
  8
layer9
 62
     7
100
AcDbCircle
 10
117.6755580902099
 20
174.6365394592285
 30
0.0
 40
28.32763552338104
100
AcDbArc
 50
153.8573239932927
 51
209.617150070465
  0
ARC
  5
721
330
1F
100
AcDbEntity
  8
layer9
 62
     7
100
AcDbCircle
 10
145.6912589073181
 20
182.4300155639648
 30
0.0
 40
53.31378351844193
100
AcDbArc
 50
175.1313211219819
 51
197.0297703443684
  0
ARC
  5
722
330
1F
100
AcDbEntity
  8
layer9
 62
     7
100
AcDbCircle
 10
128.3222870826721
 20
172.6092185974121
 30
0.0
 40
33.52733251624645
100
AcDbArc
 50
154.5601354152022
 51
189.7544195653531
  0
ARC
  5
723
330
1F
100
AcDbEntity
  8
layer9
 62
     7
100
AcDbCircle
 10
92.33544301986695
 20
161.8896374702453
 30
0.0
 40
10.72126547684544
100
AcDbArc
 50
128.219279696857
 51
221.7658596908034
  0
ARC
  5
724
330
1F
100
AcDbEntity
  8
layer9
 62
     7
100
AcDbCircle
 10
699.9971222877502
 20
763.225197315216
 30
0.0
 40
865.6092258261494
100
AcDbArc
 50
224.6638914893893
 51
225.0540150622961
  0
ARC
  5
725
330
1F
100
AcDbEntity
  8
layer9
 62
     7
100
AcDbCircle
 10
101.4045810699463
 20
147.3385429382324
 30
0.0
 40
13.3066803047316
100
AcDbArc
 50
165.944354852442
 51
230.9047535755959
  0
ARC
  5
726
330
1F
100
AcDbEntity
  8
layer9
 62
     7
100
AcDbCircle
 10
80.16514730453492
 20
121.6003222465515
 30
0.0
 40
15.32184693802387
100
AcDbArc
 50
44.32473815448328
 51
65.07370784504203
  0
ARC
  5
727
330
1F
100
AcDbEntity
  8
layer9
 62
     7
100
AcDbCircle
 10
94.06137704849243
 20
127.570472240448
 30
0.0
 40
5.577271320982347
100
AcDbArc
 50
121.8039432020593
 51
201.3872592907653
  0
ARC
  5
728
330
1F
100
AcDbEntity
  8
layer9
 62
     7
100
AcDbCircle
 10
90.16041326522827
 20
122.9077754020691
 30
0.0
 40
2.929274474512668
100
AcDbArc
 50
27.77959590560705
 51
116.1771442817547
  0
ARC
  5
729
330
1F
100
AcDbEntity
  8
layer9
 62
     7
100
AcDbCircle
 10
105.5154633522033
 20
117.6746826171875
 30
0.0
 40
15.31611744675491
100
AcDbArc
 50
151.0420250859948
 51
186.7977114638257
  0
ARC
  5
72A
330
1F
100
AcDbEntity
  8
layer9
 62
     7
100
AcDbCircle
 10
95.59376716613769
 20
115.7414245605469
 30
0.0
 40
5.288125861097094
100
AcDbArc
 50
32.33028655146376
 51
178.6956219952051
  0
ARC
  5
72B
330
1F
100
AcDbEntity
  8
layer9
 62
     7
100
AcDbCircle
 10
62.80441522598266
 20
89.80211639404297
 30
0.0
 40
45.99595650424699
100
AcDbArc
 50
11.16115023357385
 51
42.56836021618859
  0
ARC
  5
72C
330
1F
100
AcDbEntity
  8
layer9
 62
     7
100
AcDbCircle
 10
-342.2046608924866
 20
108.2148132324219
 30
0.0
 40
448.8682519669652
100
AcDbArc
 50
357.7229258572974
 51
359.4274292945598
  0
ARC
  5
72D
330
1F
100
AcDbEntity
  8
layer9
 62
     7
100
AcDbCircle
 10
90.9395728111267
 20
101.0188755989074
 30
0.0
 40
2.057322258810251
100
AcDbArc
 50
222.2929270239434
 51
327.1956613799507
  0
ARC
  5
72E
330
1F
100
AcDbEntity
  8
layer9
 62
     7
100
AcDbCircle
 10
90.36072683334351
 20
102.5866589546203
 30
0.0
 40
5.240761034394616
100
AcDbArc
 50
248.1610934836353
 51
293.4339312517712
  0
ARC
  5
72F
330
1F
100
AcDbEntity
  8
layer9
 62
     7
100
AcDbCircle
 10
97.37313604354859
 20
96.4897427558899
 30
0.0
 40
5.465309740348097
100
AcDbArc
 50
168.0935943293603
 51
264.6928979150827
  0
ARC
  5
730
330
1F
100
AcDbEntity
  8
layer9
 62
     7
100
AcDbCircle
 10
98.10291528701782
 20
89.58798265457152
 30
0.0
 40
1.91237491098487
100
AcDbArc
 50
9.112602523145755
 51
130.2363968131995
  0
ARC
  5
731
330
1F
100
AcDbEntity
  8
layer9
 62
     7
100
AcDbCircle
 10
119.2054190635681
 20
91.20354032516479
 30
0.0
 40
19.52619464649463
100
AcDbArc
 50
181.5961213530517
 51
220.2920317815178
  0
ARC
  5
732
330
1F
100
AcDbEntity
  8
layer9
 62
     7
100
AcDbCircle
 10
116.6256012916565
 20
157.1912269592285
 30
0.0
 40
17.19322480040287
100
AcDbArc
 50
191.2949888974673
 51
244.5615285028471
  0
ARC
  5
733
330
1F
100
AcDbEntity
  8
layer9
 62
     7
100
AcDbCircle
 10
114.8580641746521
 20
144.9143986701965
 30
0.0
 40
20.90434098920047
100
AcDbArc
 50
168.4044880746348
 51
222.1802647608281
  0
ARC
  5
734
330
1F
100
AcDbEntity
  8
layer9
 62
     7
100
AcDbCircle
 10
106.6438536643982
 20
142.8873825073242
 30
0.0
 40
5.177431683225844
100
AcDbArc
 50
152.106490025428
 51
286.9335632241938
  0
ARC
  5
735
330
1F
100
AcDbEntity
  8
layer9
 62
     7
100
AcDbCircle
 10
101.974531173706
 20
171.4864883422851
 30
0.0
 40
34.11597819480736
100
AcDbArc
 50
280.4319722193158
 51
292.3251272895991
  0
ARC
  5
736
330
1F
100
AcDbEntity
  8
layer9
 62
     7
100
AcDbCircle
 10
109.0774521827698
 20
148.8933448791504
 30
0.0
 40
7.872538149477303
100
AcDbArc
 50
207.0796892926978
 51
279.274064973258
  0
ARC
  5
737
330
1F
100
AcDbEntity
  8
layer9
 62
     7
100
AcDbCircle
 10
104.8990302085876
 20
133.5475845336914
 30
0.0
 40
3.149500329732201
100
AcDbArc
 50
233.2874756113778
 51
320.66595582871
  0
ARC
  5
738
330
1F
100
AcDbEntity
  8
layer9
 62
     7
100
AcDbCircle
 10
-615.1380939483642
 20
116.4468646049499
 30
0.0
 40
721.1511137355928
100
AcDbArc
 50
359.9825147162676
 51
1.120823430482141
  0
ARC
  5
739
330
1F
100
AcDbEntity
  8
layer9
 62
     7
100
AcDbCircle
 10
134.2210750579834
 20
130.6320495605469
 30
0.0
 40
31.20726136835558
100
AcDbArc
 50
179.2825656410358
 51
207.8558681561457
  0
ARC
  5
73A
330
1F
100
AcDbEntity
  8
layer9
 62
     7
100
AcDbCircle
 10
75.50498819351196
 20
123.2724995613098
 30
0.0
 40
25.04489262019492
100
AcDbArc
 50
359.3954623234016
 51
17.67810792892151
  0
ARC
  5
73B
330
1F
100
AcDbEntity
  8
layer9
 62
     7
100
AcDbCircle
 10
92.89479589462279
 20
133.8626255989074
 30
0.0
 40
3.150849251706278
100
AcDbArc
 50
323.6687226474838
 51
87.84579735468875
  0
ARC
  5
73C
330
1F
100
AcDbEntity
  8
layer9
 62
     7
100
AcDbCircle
 10
96.30107688903809
 20
129.4851145744323
 30
0.0
 40
2.656559533425838
100
AcDbArc
 50
109.0694268874474
 51
220.5750600835382
  0
ARC
  5
73D
330
1F
100
AcDbEntity
  8
layer9
 62
     7
100
AcDbCircle
 10
95.52151727676392
 20
130.0290756225586
 30
0.0
 40
2.137348600598288
100
AcDbArc
 50
212.1281995103714
 51
351.0021268703038
  0
ARC
  5
73E
330
1F
100
AcDbEntity
  8
layer9
 62
     7
100
AcDbCircle
 10
148.4519290924072
 20
103.9613914489746
 30
0.0
 40
56.96238120231718
100
AcDbArc
 50
153.1465366663061
 51
159.8132157813197
  0
ARC
  5
73F
330
1F
100
AcDbEntity
  8
layer9
 62
     7
100
AcDbCircle
 10
92.86720514297485
 20
130.1540374755859
 30
0.0
 40
6.871618938186224
100
AcDbArc
 50
287.9820312575111
 51
339.5892370480306
  0
ARC
  5
740
330
1F
100
AcDbEntity
  8
layer9
 62
     7
100
AcDbCircle
 10
105.8755359649658
 20
126.9385523796081
 30
0.0
 40
6.620025260232473
100
AcDbArc
 50
172.929379425943
 51
223.4584333125704
  0
ARC
  5
741
330
1F
100
AcDbEntity
  8
layer9
 62
     7
100
AcDbCircle
 10
81.58170127868652
 20
101.8816375732422
 30
0.0
 40
27.60306592550808
100
AcDbArc
 50
343.4576887153152
 51
24.83344262192981
  0
ARC
  5
742
330
1F
100
AcDbEntity
  8
layer9
 62
     7
100
AcDbCircle
 10
110.666528224945
 20
105.4667859077453
 30
0.0
 40
18.83771455406929
100
AcDbArc
 50
164.6614723310806
 51
197.1746692132192
  0
ARC
  5
743
330
1F
100
AcDbEntity
  8
layer9
 62
     7
100
AcDbCircle
 10
103.4478240013122
 20
108.510139465332
 30
0.0
 40
11.11849692697586
100
AcDbArc
 50
128.0823958000028
 51
169.953295941026
  0
ARC
  5
744
330
1F
100
AcDbEntity
  8
layer9
 62
     7
100
AcDbCircle
 10
111.2226853370666
 20
111.9254455566406
 30
0.0
 40
15.57674800926496
100
AcDbArc
 50
159.9719747062961
 51
202.141010540115
  0
ARC
  5
745
330
1F
100
AcDbEntity
  8
layer9
 62
     7
100
AcDbCircle
 10
87.73293495178222
 20
99.21530151367187
 30
0.0
 40
11.35304569878313
100
AcDbArc
 50
10.44972039848318
 51
37.04446662831367
  0
ARC
  5
746
330
1F
100
AcDbEntity
  8
layer9
 62
     7
100
AcDbCircle
 10
102.6591091156006
 20
102.162193775177
 30
0.0
 40
3.63688517945655
100
AcDbArc
 50
54.76522574408715
 51
191.9420655773332
  0
ARC
  5
747
330
1F
100
AcDbEntity
  8
layer9
 62
     7
100
AcDbCircle
 10
86.10364294052123
 20
96.5296401977539
 30
0.0
 40
19.58030836278157
100
AcDbArc
 50
354.9515328092546
 51
28.00903044393292
  0
ARC
  5
748
330
1F
100
AcDbEntity
  8
layer9
 62
     7
100
AcDbCircle
 10
137.3825888633728
 20
93.87443971633912
 30
0.0
 40
36.00988250833836
100
AcDbArc
 50
165.8951151055777
 51
195.57791589071
  0
ARC
  5
749
330
1F
100
AcDbEntity
  8
layer9
 62
     7
100
AcDbCircle
 10
102.9437351226806
 20
102.57071352005
 30
0.0
 40
0.4918038172479154
100
AcDbArc
 50
306.6494622794992
 51
170.7273723596065
  0
ARC
  5
74A
330
1F
100
AcDbEntity
  8
layer9
 62
     7
100
AcDbCircle
 10
-2012.621907711029
 20
-111.0749354362488
 30
0.0
 40
2126.815362976457
100
AcDbArc
 50
5.436679769845776
 51
5.765278834691692
  0
ARC
  5
74B
330
1F
100
AcDbEntity
  8
layer9
 62
     7
100
AcDbCircle
 10
116.7285180091858
 20
85.13596343994141
 30
0.0
 40
13.63823141584051
100
AcDbArc
 50
153.2834061715308
 51
187.3727836163496
  0
ARC
  5
74C
330
1F
100
AcDbEntity
  8
layer9
 62
     7
100
AcDbCircle
 10
113.0360431671142
 20
91.22938966751098
 30
0.0
 40
5.991244595936514
100
AcDbArc
 50
102.3210792760149
 51
142.54169574351
  0
ARC
  5
74D
330
1F
100
AcDbEntity
  8
layer9
 62
     7
100
AcDbCircle
 10
92.32872247695922
 20
109.8180236816406
 30
0.0
 40
23.2308036002429
100
AcDbArc
 50
326.7556253552605
 51
334.1307564952515
  0
ARC
  5
74E
330
1F
100
AcDbEntity
  8
layer9
 62
     7
100
AcDbCircle
 10
89.72480916976929
 20
93.24032258987427
 30
0.0
 40
24.37344444264262
100
AcDbArc
 50
338.8156673764405
 51
15.32478790898059
  0
ARC
  5
74F
330
1F
100
AcDbEntity
  8
layer9
 62
     7
100
AcDbCircle
 10
151.4866852760315
 20
94.70621442794799
 30
0.0
 40
42.34041842888713
100
AcDbArc
 50
181.2399673169423
 51
199.1833824264404
  0
ARC
  5
750
330
1F
100
AcDbEntity
  8
layer9
 62
     7
100
AcDbCircle
 10
121.8516640663147
 20
84.10762739181519
 30
0.0
 40
9.2027044904014
100
AcDbArc
 50
96.43647564348801
 51
173.7092218845935
  0
ARC
  5
751
330
1F
100
AcDbEntity
  8
layer9
 62
     7
100
AcDbCircle
 10
135.340959072113
 20
83.09908246994018
 30
0.0
 40
17.718514333684
100
AcDbArc
 50
145.0382089829323
 51
190.3054036193439
  0
ARC
  5
752
330
1F
100
AcDbEntity
  8
layer9
 62
     7
100
AcDbCircle
 10
90.66477823257446
 20
104.2121396064758
 30
0.0
 40
36.1930887662669
100
AcDbArc
 50
318.6708984203639
 51
341.7359941818103
  0
ARC
  5
753
330
1F
100
AcDbEntity
  8
layer9
 62
     7
100
AcDbCircle
 10
114.2689723968506
 20
84.31212234497071
 30
0.0
 40
13.74466518829688
100
AcDbArc
 50
339.0312558108449
 51
38.45944815880449
  0
ARC
  5
754
330
1F
100
AcDbEntity
  8
layer9
 62
     7
100
AcDbCircle
 10
96.23526191711427
 20
67.93522691726685
 30
0.0
 40
30.78771281133962
100
AcDbArc
 50
3.942626983316408
 51
32.77106942017653
  0
ARC
  5
755
330
1F
100
AcDbEntity
  8
layer9
 62
     7
100
AcDbCircle
 10
927.0309352874756
 20
253.1198654174805
 30
0.0
 40
829.6932945085185
100
AcDbArc
 50
191.6865572238027
 51
192.5680750984879
  0
ARC
  5
756
330
1F
100
AcDbEntity
  8
layer9
 62
     7
100
AcDbCircle
 10
102.0933361053466
 20
89.4917607307434
 30
0.0
 40
13.52367701983096
100
AcDbArc
 50
311.6937028530066
 51
342.5766346640972
  0
ARC
  5
757
330
1F
100
AcDbEntity
  8
layer9
 62
     7
100
AcDbCircle
 10
181.4870810508728
 20
52.7571678161621
 30
0.0
 40
67.36535312606186
100
AcDbArc
 50
151.3453538287381
 51
161.6561037897474
  0
ARC
  5
758
330
1F
100
AcDbEntity
  8
layer9
 62
     7
100
AcDbCircle
 10
113.9034562110901
 20
78.72116088867187
 30
0.0
 40
15.39529130667865
100
AcDbArc
 50
327.6993572748597
 51
6.484510582755456
  0
ARC
  5
759
330
1F
100
AcDbEntity
  8
layer9
 62
     7
100
AcDbCircle
 10
80.24573326110839
 20
56.40544176101684
 30
0.0
 40
54.54500886855118
100
AcDbArc
 50
19.53079107541534
 51
26.16773605770991
  0
ARC
  5
75A
330
1F
100
AcDbEntity
  8
layer9
 62
     7
100
AcDbCircle
 10
160.0835552215576
 20
68.93486785888672
 30
0.0
 40
29.90113259992039
100
AcDbArc
 50
148.5902148781109
 51
165.9572230419856
  0
ARC
  5
75B
330
1F
100
AcDbEntity
  8
layer9
 62
     7
100
AcDbCircle
 10
92.23879432678222
 20
72.42021560668945
 30
0.0
 40
43.24510447178911
100
AcDbArc
 50
359.7971429717874
 51
14.96267449775636
  0
ARC
  5
75C
330
1F
100
AcDbEntity
  8
layer9
 62
     7
100
AcDbCircle
 10
161.7088222503662
 20
68.44886064529418
 30
0.0
 40
26.06063858800054
100
AcDbArc
 50
129.7009824153742
 51
169.3558834875996
  0
ARC
  5
75D
330
1F
100
AcDbEntity
  8
layer9
 62
     7
100
AcDbCircle
 10
127.9343891143799
 20
84.45334529876708
 30
0.0
 40
17.00425342096358
100
AcDbArc
 50
328.1602650383872
 51
14.83073060677899
  0
ARC
  5
75E
330
1F
100
AcDbEntity
  8
layer9
 62
     7
100
AcDbCircle
 10
128.3214087486267
 20
95.79623079299926
 30
0.0
 40
24.22699184550054
100
AcDbArc
 50
307.171591188448
 51
352.5004221367236
  0
ARC
  5
75F
330
1F
100
AcDbEntity
  8
layer9
 62
     7
100
AcDbCircle
 10
100.419270992279
 20
119.9572215080261
 30
0.0
 40
10.44481978447463
100
AcDbArc
 50
339.6737707401687
 51
23.5108600780166
  0
ARC
  5
760
330
1F
100
AcDbEntity
  8
layer9
 62
     7
100
AcDbCircle
 10
103.0148029327392
 20
111.4829678535461
 30
0.0
 40
8.678051209103427
100
AcDbArc
 50
327.3568940086121
 51
33.94735942774951
  0
ARC
  5
761
330
1F
100
AcDbEntity
  8
layer9
 62
     7
100
AcDbCircle
 10
117.5570888519287
 20
104.6874465942382
 30
0.0
 40
7.535185177298838
100
AcDbArc
 50
163.6444763944318
 51
238.0396871605736
  0
ARC
  5
762
330
1F
100
AcDbEntity
  8
layer9
 62
     7
100
AcDbCircle
 10
98.39241218566895
 20
59.88766479492188
 30
0.0
 40
42.9676976756115
100
AcDbArc
 50
62.4827149814936
 51
72.92687268725766
  0
ARC
  5
763
330
1F
100
AcDbEntity
  8
layer9
 62
     7
100
AcDbCircle
 10
110.2454118728637
 20
122.3342218399048
 30
0.0
 40
1.806836877698374
100
AcDbArc
 50
333.919480059948
 51
97.90220302373908
  0
ARC
  5
764
330
1F
100
AcDbEntity
  8
layer9
 62
     7
100
AcDbCircle
 10
116.7993907928467
 20
120.2824096679687
 30
0.0
 40
5.171580869363955
100
AcDbArc
 50
87.51363228186828
 51
156.6250135654445
  0
ARC
  5
765
330
1F
100
AcDbEntity
  8
layer9
 62
     7
100
AcDbCircle
 10
120.9359760284424
 20
121.1115918159485
 30
0.0
 40
5.841210914640607
100
AcDbArc
 50
132.048865659612
 51
208.2324743076503
  0
ARC
  5
766
330
1F
100
AcDbEntity
  8
layer9
 62
     7
100
AcDbCircle
 10
121.9883060455322
 20
112.6577415466308
 30
0.0
 40
8.709430161739012
100
AcDbArc
 50
100.3260084160972
 51
136.7134175373642
  0
ARC
  5
767
330
1F
100
AcDbEntity
  8
layer9
 62
     7
100
AcDbCircle
 10
144.3515224456787
 20
109.2769093513489
 30
0.0
 40
27.0810402896389
100
AcDbArc
 50
154.0229729632014
 51
173.2694442738684
  0
ARC
  5
768
330
1F
100
AcDbEntity
  8
layer9
 62
     7
100
AcDbCircle
 10
105.0983562469482
 20
118.5340156555175
 30
0.0
 40
9.211387647806631
100
AcDbArc
 50
337.8692328257228
 51
12.07527090528324
  0
ARC
  5
769
330
1F
100
AcDbEntity
  8
layer9
 62
     7
100
AcDbCircle
 10
115.0301260948181
 20
117.9364476203918
 30
0.0
 40
3.195128281833405
100
AcDbArc
 50
110.1809674795947
 51
244.0326380651431
  0
ARC
  5
76A
330
1F
100
AcDbEntity
  8
layer9
 62
     7
100
AcDbCircle
 10
139.2850360870361
 20
113.4273147583008
 30
0.0
 40
23.23945191767887
100
AcDbArc
 50
172.8434753022645
 51
209.3598177548678
  0
ARC
  5
76B
330
1F
100
AcDbEntity
  8
layer9
 62
     7
100
AcDbCircle
 10
121.6814169883728
 20
109.1599197387695
 30
0.0
 40
9.003177514849449
100
AcDbArc
 50
127.2917339724803
 51
232.3334253231345
  0
ARC
  5
76C
330
1F
100
AcDbEntity
  8
layer9
 62
     7
100
AcDbCircle
 10
119.7706089019775
 20
104.0777058601379
 30
0.0
 40
1.620973915394845
100
AcDbArc
 50
214.9629280221623
 51
298.9364645788569
  0
ARC
  5
76D
330
1F
100
AcDbEntity
  8
layer9
 62
     7
100
AcDbCircle
 10
128.1157550811767
 20
106.7983894348144
 30
0.0
 40
8.943382887007881
100
AcDbArc
 50
162.4913150807784
 51
210.3258912933481
  0
ARC
  5
76E
330
1F
100
AcDbEntity
  8
layer9
 62
     7
100
AcDbCircle
 10
48.09863805770874
 20
59.32365465164185
 30
0.0
 40
87.33331165253316
100
AcDbArc
 50
30.88837665197319
 51
35.05851947607839
  0
ARC
  5
76F
330
1F
100
AcDbEntity
  8
layer9
 62
     7
100
AcDbCircle
 10
125.0124192237854
 20
106.0639004707336
 30
0.0
 40
2.396162432018166
100
AcDbArc
 50
91.28533103969807
 51
232.7041897610742
  0
ARC
  5
770
330
1F
100
AcDbEntity
  8
layer9
 62
     7
100
AcDbCircle
 10
-10.36756420135498
 20
-236.9748644828796
 30
0.0
 40
370.9960382214565
100
AcDbArc
 50
67.30268910635105
 51
68.60690115818235
  0
ARC
  5
771
330
1F
100
AcDbEntity
  8
layer9
 62
     7
100
AcDbCircle
 10
131.6305599212646
 20
104.69096326828
 30
0.0
 40
1.301350312833404
100
AcDbArc
 50
253.7954990408292
 51
27.40058665670812
  0
ARC
  5
772
330
1F
100
AcDbEntity
  8
layer9
 62
     7
100
AcDbCircle
 10
129.6238579750061
 20
107.4026565551758
 30
0.0
 40
4.486798894531408
100
AcDbArc
 50
296.5671038371887
 51
2.529767913527549
  0
ARC
  5
773
330
1F
100
AcDbEntity
  8
layer9
 62
     7
100
AcDbCircle
 10
133.7164359092712
 20
103.7680859565735
 30
0.0
 40
3.655888882458472
100
AcDbArc
 50
19.02430838767905
 51
83.80967547765456
  0
ARC
  5
774
330
1F
100
AcDbEntity
  8
layer9
 62
     7
100
AcDbCircle
 10
131.9590358734131
 20
104.8921885490417
 30
0.0
 40
5.025517977878504
100
AcDbArc
 50
330.0721544731484
 51
6.624488734424858
  0
ARC
  5
775
330
1F
100
AcDbEntity
  8
layer9
 62
     7
100
AcDbCircle
 10
130.1604590415954
 20
108.3930473327636
 30
0.0
 40
8.530962709127011
100
AcDbArc
 50
317.4174078035195
 51
0.4433110690874598
  0
ARC
  5
776
330
1F
100
AcDbEntity
  8
layer9
 62
     7
100
AcDbCircle
 10
109.6881771087646
 20
111.8719635009765
 30
0.0
 40
8.03063442420861
100
AcDbArc
 50
344.5835792405446
 51
10.67166413752549
  0
ARC
  5
777
330
1F
100
AcDbEntity
  8
layer9
 62
     7
100
AcDbCircle
 10
130.9880537986755
 20
101.7726063728332
 30
0.0
 40
15.94711391196853
100
AcDbArc
 50
127.5847967000792
 51
147.1868479079457
  0
ARC
  5
778
330
1F
100
AcDbEntity
  8
layer9
 62
     7
100
AcDbCircle
 10
125.5414032936096
 20
112.0893898010254
 30
0.0
 40
5.065687176554628
100
AcDbArc
 50
156.2952112073657
 51
242.2141347101117
  0
ARC
  5
779
330
1F
100
AcDbEntity
  8
layer9
 62
     7
100
AcDbCircle
 10
131.9741268157959
 20
98.48443555831909
 30
0.0
 40
14.34514122060861
100
AcDbArc
 50
120.7911669432316
 51
134.9643763263421
  0
ARC
  5
77A
330
1F
100
AcDbEntity
  8
layer9
 62
     7
100
AcDbCircle
 10
130.0718941688537
 20
115.8207964897155
 30
0.0
 40
7.642915909632876
100
AcDbArc
 50
222.2884795601988
 51
300.7204299115967
  0
ARC
  5
77B
330
1F
100
AcDbEntity
  8
layer9
 62
     7
100
AcDbCircle
 10
136.7550859451294
 20
110.3880386352539
 30
0.0
 40
2.661176060995998
100
AcDbArc
 50
203.7554341796659
 51
292.0782626530175
  0
ARC
  5
77C
330
1F
100
AcDbEntity
  8
layer9
 62
     7
100
AcDbCircle
 10
132.7582039833069
 20
110.8850555419922
 30
0.0
 40
5.069769254715039
100
AcDbArc
 50
323.4451505298034
 51
19.0346245702134
  0
ARC
  5
77D
330
1F
100
AcDbEntity
  8
layer9
 62
     7
100
AcDbCircle
 10
138.5871181488037
 20
112.8855748176574
 30
0.0
 40
1.059251099740484
100
AcDbArc
 50
190.9562404958354
 51
296.5270891887832
  0
ARC
  5
77E
330
1F
100
AcDbEntity
  8
layer9
 62
     7
100
AcDbCircle
 10
126.6861472129821
 20
115.7371678352356
 30
0.0
 40
12.94419124714159
100
AcDbArc
 50
342.9314182878399
 51
25.82046441393755
  0
ARC
  5
77F
330
1F
100
AcDbEntity
  8
layer9
 62
     7
100
AcDbCircle
 10
135.7561888694763
 20
113.5403523445129
 30
0.0
 40
7.158003174982003
100
AcDbArc
 50
34.67532396220811
 51
66.00247537952545
  0
ARC
  5
780
330
1F
100
AcDbEntity
  8
layer9
 62
     7
100
AcDbCircle
 10
128.5124449729919
 20
118.4170794486999
 30
0.0
 40
13.15502139011096
100
AcDbArc
 50
356.4944726587263
 51
31.49640847421908
  0
ARC
  5
781
330
1F
100
AcDbEntity
  8
layer9
 62
     7
100
AcDbCircle
 10
131.5556197166443
 20
107.916259765625
 30
0.0
 40
18.91721147523001
100
AcDbArc
 50
36.09329769090836
 51
63.53219362675747
  0
ARC
  5
782
330
1F
100
AcDbEntity
  8
layer9
 62
     7
100
AcDbCircle
 10
151.9809169769287
 20
120.4869999885559
 30
0.0
 40
5.660676641902369
100
AcDbArc
 50
123.8777073658715
 51
188.3182552029129
  0
ARC
  5
783
330
1F
100
AcDbEntity
  8
layer9
 62
     7
100
AcDbCircle
 10
160.6731133460998
 20
120.1904144287109
 30
0.0
 40
13.02513068081369
100
AcDbArc
 50
158.3068302069121
 51
188.4278588706504
  0
ARC
  5
784
330
1F
100
AcDbEntity
  8
layer9
 62
     7
100
AcDbCircle
 10
142.3109040260315
 20
117.5506825447082
 30
0.0
 40
3.088262900077453
100
AcDbArc
 50
322.5199306997965
 51
72.72135617028386
  0
ARC
  5
785
330
1F
100
AcDbEntity
  8
layer9
 62
     7
100
AcDbCircle
 10
223.8527278900146
 20
141.9016537666321
 30
0.0
 40
83.6236594301881
100
AcDbArc
 50
194.8691999605683
 51
198.5265629940102
  0
ARC
  5
786
330
1F
100
AcDbEntity
  8
layer9
 62
     7
100
AcDbCircle
 10
118.5044150352478
 20
109.1953315734863
 30
0.0
 40
23.75021431034456
100
AcDbArc
 50
345.160594896284
 51
15.99683170603396
  0
ARC
  5
787
330
1F
100
AcDbEntity
  8
layer9
 62
     7
100
AcDbCircle
 10
133.3505611419677
 20
109.1332898139953
 30
0.0
 40
10.36368070346014
100
AcDbArc
 50
325.9849202484707
 51
39.60833234299277
  0
ARC
  5
788
330
1F
100
AcDbEntity
  8
layer9
 62
     7
100
AcDbCircle
 10
116.7322373390198
 20
101.3275418281555
 30
0.0
 40
0.8961115279978153
100
AcDbArc
 50
128.0522108651515
 51
334.2057335074241
  0
ARC
  5
789
330
1F
100
AcDbEntity
  8
layer9
 62
     7
100
AcDbCircle
 10
125.2744770050049
 20
84.70023393630981
 30
0.0
 40
17.9858000853121
100
AcDbArc
 50
66.88103524677881
 51
115.4729334112463
  0
ARC
  5
78A
330
1F
100
AcDbEntity
  8
layer9
 62
     7
100
AcDbCircle
 10
67.2553768157959
 20
-208.3288655281067
 30
0.0
 40
316.3375310168269
100
AcDbArc
 50
76.9373396489207
 51
78.12757134253885
  0
ARC
  5
78B
330
1F
100
AcDbEntity
  8
layer9
 62
     7
100
AcDbCircle
 10
126.1412787437439
 20
106.0351185798645
 30
0.0
 40
13.40521109362729
100
AcDbArc
 50
333.119277436036
 51
11.87365564218663
  0
ARC
  5
78C
330
1F
100
AcDbEntity
  8
layer9
 62
     7
100
AcDbCircle
 10
124.0343837738037
 20
94.03109741210938
 30
0.0
 40
7.016748806531148
100
AcDbArc
 50
85.16825374773976
 51
145.6083373585666
  0
ARC
  5
78D
330
1F
100
AcDbEntity
  8
layer9
 62
     7
100
AcDbCircle
 10
126.2866840362549
 20
93.83805894851684
 30
0.0
 40
7.383232738212353
100
AcDbArc
 50
39.67366242887221
 51
99.9428965003222
  0
ARC
  5
78E
330
1F
100
AcDbEntity
  8
layer9
 62
     7
100
AcDbCircle
 10
135.6353135108947
 20
104.6819114685058
 30
0.0
 40
7.142735791403292
100
AcDbArc
 50
239.1213035345197
 51
304.8222902622803
  0
ARC
  5
78F
330
1F
100
AcDbEntity
  8
layer9
 62
     7
100
AcDbCircle
 10
138.2877178192138
 20
105.7082405090332
 30
0.0
 40
7.036084275446763
100
AcDbArc
 50
281.6959017957087
 51
31.84854462458315
  0
ARC
  5
790
330
1F
100
AcDbEntity
  8
layer9
 62
     7
100
AcDbCircle
 10
145.7946491241455
 20
110.4282073974609
 30
0.0
 40
1.831895956785287
100
AcDbArc
 50
103.821724489377
 51
213.3541436105238
  0
ARC
  5
791
330
1F
100
AcDbEntity
  8
layer9
 62
     7
100
AcDbCircle
 10
145.7132859230041
 20
113.2667155265808
 30
0.0
 40
1.117946981745854
100
AcDbArc
 50
101.03380475688
 51
251.4162947217682
  0
ARC
  5
792
330
1F
100
AcDbEntity
  8
layer9
 62
     7
100
AcDbCircle
 10
143.9691290855408
 20
117.885871887207
 30
0.0
 40
3.839931493546873
100
AcDbArc
 50
293.4841372376745
 51
9.798082089423415
  0
ARC
  5
793
330
1F
100
AcDbEntity
  8
layer9
 62
     7
100
AcDbCircle
 10
123.498242855072
 20
122.3589787483215
 30
0.0
 40
26.64023730381761
100
AcDbArc
 50
253.4668084901715
 51
284.8391534235727
  0
ARC
  5
794
330
1F
100
AcDbEntity
  8
layer9
 62
     7
100
AcDbCircle
 10
129.6502170562744
 20
83.06379270553589
 30
0.0
 40
13.23484505263902
100
AcDbArc
 50
47.17424219027998
 51
93.10099921308916
  0
ARC
  5
795
330
1F
100
AcDbEntity
  8
layer9
 62
     7
100
AcDbCircle
 10
122.9556560516357
 20
101.7058987617492
 30
0.0
 40
8.567960071558767
100
AcDbArc
 50
214.7663281441859
 51
301.5289317476199
  0
ARC
  5
796
330
1F
100
AcDbEntity
  8
layer9
 62
     7
100
AcDbCircle
 10
129.7534537315368
 20
79.03612565994262
 30
0.0
 40
15.54040104176351
100
AcDbArc
 50
57.91488714696307
 51
98.57581218300968
  0
ARC
  5
797
330
1F
100
AcDbEntity
  8
layer9
 62
     7
100
AcDbCircle
 10
148.1892490386963
 20
77.71875
 30
0.0
 40
20.84000203646432
100
AcDbArc
 50
140.8678532753158
 51
170.922589251089
  0
ARC
  5
798
330
1F
100
AcDbEntity
  8
layer9
 62
     7
100
AcDbCircle
 10
121.6940212249756
 20
87.15894651412964
 30
0.0
 40
10.72481289784713
100
AcDbArc
 50
335.6817456572497
 51
18.93849603941816
  0
ARC
  5
799
330
1F
100
AcDbEntity
  8
layer9
 62
     7
100
AcDbCircle
 10
121.1688857078552
 20
92.23509645462035
 30
0.0
 40
13.91830943600303
100
AcDbArc
 50
318.4031141841635
 51
0.8021638014500249
  0
ARC
  5
79A
330
1F
100
AcDbEntity
  8
layer9
 62
     7
100
AcDbCircle
 10
129.3284659385681
 20
85.70819044113159
 30
0.0
 40
8.70421947606828
100
AcDbArc
 50
322.8843787488576
 51
48.57782865811222
  0
ARC
  5
79B
330
1F
100
AcDbEntity
  8
layer9
 62
     7
100
AcDbCircle
 10
81.94045829772949
 20
128.3895878791809
 30
0.0
 40
72.3892906863596
100
AcDbArc
 50
319.0470569317426
 51
331.1708989977339
  0
ARC
  5
79C
330
1F
100
AcDbEntity
  8
layer9
 62
     7
100
AcDbCircle
 10
330.785092830658
 20
80.85212659835816
 30
0.0
 40
185.8568702037955
100
AcDbArc
 50
174.250347218235
 51
176.1029685761789
  0
ARC
  5
79D
330
1F
100
AcDbEntity
  8
layer9
 62
     7
100
AcDbCircle
 10
89.09744787216187
 20
85.09560346603393
 30
0.0
 40
58.36974735746718
100
AcDbArc
 50
359.9039948135397
 51
13.69410787593172
  0
ARC
  5
79E
330
1F
100
AcDbEntity
  8
layer9
 62
     7
100
AcDbCircle
 10
140.9713339805603
 20
91.86576080322266
 30
0.0
 40
9.576974245508631
100
AcDbArc
 50
315.3722352085385
 51
12.26672494500234
  0
ARC
  5
79F
330
1F
100
AcDbEntity
  8
layer9
 62
     7
100
AcDbCircle
 10
144.2999248504639
 20
95.053138256073
 30
0.0
 40
6.138911391857607
100
AcDbArc
 50
349.178110704285
 51
45.95094843362548
  0
ARC
  5
7A0
330
1F
100
AcDbEntity
  8
layer9
 62
     7
100
AcDbCircle
 10
72.73928594589233
 20
24.39165544509888
 30
0.0
 40
106.7057352733809
100
AcDbArc
 50
39.70666677316901
 51
44.71050816937947
  0
ARC
  5
7A1
330
1F
100
AcDbEntity
  8
layer9
 62
     7
100
AcDbCircle
 10
175.4778037071228
 20
104.746654510498
 30
0.0
 40
24.10262472613408
100
AcDbArc
 50
167.2379253984233
 51
208.8526149674286
  0
ARC
  5
7A2
330
1F
100
AcDbEntity
  8
layer9
 62
     7
100
AcDbCircle
 10
161.6609063148498
 20
109.2372894287109
 30
0.0
 40
9.726087479778811
100
AcDbArc
 50
69.02311748853245
 51
175.0826492902551
  0
ARC
  5
7A3
330
1F
100
AcDbEntity
  8
layer9
 62
     7
100
AcDbCircle
 10
138.0761470794678
 20
98.82254028320312
 30
0.0
 40
33.35723154728439
100
AcDbArc
 50
29.68700529261243
 51
35.76541478356246
  0
ARC
  5
7A4
330
1F
100
AcDbEntity
  8
layer9
 62
     7
100
AcDbCircle
 10
261.51735496521
 20
47.42647171020507
 30
0.0
 40
47.05657957854525
100
AcDbArc
 50
172.0587923030306
 51
199.5558935542291
  0
ARC
  5
7A5
330
1F
100
AcDbEntity
  8
layer9
 62
     7
100
AcDbCircle
 10
204.2592220306397
 20
29.4408106803894
 30
0.0
 40
12.99428285759257
100
AcDbArc
 50
329.1131180182352
 51
13.74770853680777
  0
ARC
  5
7A6
330
1F
100
AcDbEntity
  8
layer9
 62
     7
100
AcDbCircle
 10
220.4343390464783
 20
20.229736328125
 30
0.0
 40
5.636389677379909
100
AcDbArc
 50
316.9531701112115
 51
146.6510392950538
  0
CIRCLE
  5
7A7
330
1F
100
AcDbEntity
  8
layer9
 62
     7
100
AcDbCircle
 10
108.8617081642151
 20
179.9790234565735
 30
0.0
 40
1.784410140831227
  0
CIRCLE
  5
7A8
330
1F
100
AcDbEntity
  8
layer9
 62
     7
100
AcDbCircle
 10
153.0252857208252
 20
173.3668365478515
 30
0.0
 40
1.921412545565558
  0
ENDSEC
  0
SECTION
  2
OBJECTS
  0
DICTIONARY
  5
C
330
0
100
AcDbDictionary
281
     1
  3
ACAD_CIP_PREVIOUS_PRODUCT_INFO
350
216
  3
ACAD_COLOR
350
6B
  3
ACAD_DETAILVIEWSTYLE
350
21B
  3
ACAD_GROUP
350
D
  3
ACAD_LAST_SAVED_VERSION_INFO
350
7A9
  3
ACAD_LAYOUT
350
1A
  3
ACAD_MATERIAL
350
6A
  3
ACAD_MLEADERSTYLE
350
12D
  3
ACAD_MLINESTYLE
350
17
  3
ACAD_PLOTSETTINGS
350
19
  3
ACAD_PLOTSTYLENAME
350
E
  3
ACAD_SCALELIST
350
10C
  3
ACAD_SECTIONVIEWSTYLE
350
219
  3
ACAD_TABLESTYLE
350
7E
  3
ACAD_VISUALSTYLE
350
EF
  3
ACDB_RECOMPOSE_DATA
350
7AC
  3
AcDbVariableDictionary
350
5E
  3
AcDsDecomposeData
350
7B2
  0
DICTIONARY
  5
1FF
330
2
100
AcDbDictionary
280
     1
281
     1
  3
ACAD_LAYERSTATES
360
200
  0
DICTIONARY
  5
13C
330
10
100
AcDbDictionary
280
     1
281
     1
  0
DICTIONARY
  5
2BC
330
2BB
100
AcDbDictionary
280
     1
281
     1
  0
DICTIONARY
  5
1CE
330
1F
100
AcDbDictionary
280
     1
281
     1
  0
XRECORD
  5
216
102
{ACAD_REACTORS
330
C
102
}
330
C
100
AcDbXrecord
280
     1
300
ACD
300
2024
300
87798ACD_2024_0F
  0
DICTIONARY
  5
6B
102
{ACAD_REACTORS
330
C
102
}
330
C
100
AcDbDictionary
281
     1
  0
DICTIONARY
  5
21B
102
{ACAD_REACTORS
330
C
102
}
330
C
100
AcDbDictionary
281
     1
  3
Metric50
350
21C
  0
DICTIONARY
  5
D
102
{ACAD_REACTORS
330
C
102
}
330
C
100
AcDbDictionary
281
     1
  0
XRECORD
  5
7A9
102
{ACAD_REACTORS
330
C
102
}
330
C
100
AcDbXrecord
280
     1
300
{3A601BF8-4989-E646-9848-C70F2D16C736}
301
{3BB78933-F37F-9A4E-8576-4CBFF60B4EC8}
302
{3A601BF8-4989-E646-9848-C70F2D16C736}
303
C:\Users\jiang\Downloads\tiger.dxf
  0
DICTIONARY
  5
1A
102
{ACAD_REACTORS
330
C
102
}
330
C
100
AcDbDictionary
281
     1
  3
Model
350
22
  3
布局1
350
D3
  3
布局2
350
D7
  0
DICTIONARY
  5
6A
102
{ACAD_REACTORS
330
C
102
}
330
C
100
AcDbDictionary
281
     1
  3
ByBlock
350
ED
  3
ByLayer
350
EC
  3
Global
350
EE
  0
DICTIONARY
  5
12D
102
{ACAD_REACTORS
330
C
102
}
330
C
100
AcDbDictionary
281
     1
  3
Annotative
350
13B
  3
Standard
350
12E
  0
DICTIONARY
  5
17
102
{ACAD_REACTORS
330
C
102
}
330
C
100
AcDbDictionary
281
     1
  3
Standard
350
18
  0
DICTIONARY
  5
19
102
{ACAD_REACTORS
330
C
102
}
330
C
100
AcDbDictionary
281
     1
  0
ACDBDICTIONARYWDFLT
  5
E
102
{ACAD_REACTORS
330
C
102
}
330
C
100
AcDbDictionary
281
     1
  3
Normal
350
F
100
AcDbDictionaryWithDefault
340
F
  0
DICTIONARY
  5
10C
102
{ACAD_REACTORS
330
C
102
}
330
C
100
AcDbDictionary
281
     1
  3
A0
350
10D
  3
A1
350
1BE
  3
A2
350
1BF
  3
A3
350
1C0
  3
A4
350
1C1
  3
A5
350
1C2
  3
A6
350
1C3
  3
A7
350
1C4
  3
A8
350
1C5
  3
A9
350
1C6
  3
B0
350
1C7
  3
B1
350
1C8
  3
B2
350
1C9
  3
B3
350
1CA
  3
B4
350
1CB
  3
B5
350
1CC
  3
B6
350
1CD
  0
DICTIONARY
  5
219
102
{ACAD_REACTORS
330
C
102
}
330
C
100
AcDbDictionary
281
     1
  3
Metric50
350
21A
  0
DICTIONARY
  5
7E
102
{ACAD_REACTORS
330
C
102
}
330
C
100
AcDbDictionary
281
     1
  3
Standard
350
7F
  0
DICTIONARY
  5
EF
102
{ACAD_REACTORS
330
C
102
}
330
C
100
AcDbDictionary
281
     1
  3
2dWireframe
350
F5
  3
Basic
350
F4
  3
Brighten
350
FB
  3
ColorChange
350
FF
  3
Conceptual
350
F8
  3
Dim
350
FA
  3
EdgeColorOff
350
1E6
  3
Facepattern
350
FE
  3
Flat
350
F0
  3
FlatWithEdges
350
F1
  3
Gouraud
350
F2
  3
GouraudWithEdges
350
F3
  3
Hidden
350
F7
  3
JitterOff
350
1E4
  3
Linepattern
350
FD
  3
OverhangOff
350
1E5
  3
Realistic
350
F9
  3
Shaded
350
1F3
  3
Shaded with edges
350
1F2
  3
Shades of Gray
350
1EF
  3
Sketchy
350
1F0
  3
Thicken
350
FC
  3
Wireframe
350
F6
  3
X-Ray
350
1F1
  0
XRECORD
  5
7AC
102
{ACAD_REACTORS
330
C
102
}
330
C
100
AcDbXrecord
280
     1
 90
        1
330
7F
  0
DICTIONARY
  5
5E
102
{ACAD_REACTORS
330
C
102
}
330
C
100
AcDbDictionary
281
     1
  3
CANNOSCALE
350
146
  3
CENTEREXE
350
259
  3
CENTERLTYPEFILE
350
25A
  3
CMLEADERSTYLE
350
145
  3
CTABLESTYLE
350
84
  3
CVIEWDETAILSTYLE
350
227
  3
CVIEWSECTIONSTYLE
350
228
  3
DIMASSOC
350
5F
  3
HIDETEXT
350
63
  3
LAYEREVAL
350
1AE
  3
LAYERNOTIFY
350
1AF
  3
XCLIPFRAME
350
7AA
  0
DICTIONARY
  5
7B2
102
{ACAD_REACTORS
330
C
102
}
330
C
100
AcDbDictionary
281
     1
  3
AcDsRecords
350
7B4
  3
AcDsSchemas
350
7B3
1001
ACAD
1070
     2
  0
DICTIONARY
  5
200
102
{ACAD_REACTORS
330
1FF
102
}
330
1FF
100
AcDbDictionary
281
     1
  0
ACDBDETAILVIEWSTYLE
  5
21C
102
{ACAD_XDICTIONARY
360
7E7
102
}
102
{ACAD_REACTORS
330
21B
102
}
330
21B
100
AcDbModelDocViewStyle
 70
     0
  3
Metric50
290
     0
100
AcDbDetailViewStyle
 70
     0
 71
     0
 90
        3
 71
     1
340
11
 62
   256
 40
5.0
340
0
 62
   256
 40
5.0
300

 40
0.0
280
     1
 71
     2
340
16
 90
       25
 62
   256
 71
     3
340
11
 62
   256
 40
5.0
 90
        0
 40
15.0
 90
        1
300
%<\AcVar ViewDetailId>% (%<\AcVar ViewScale \f "%sn">%)
 71
     4
340
16
 90
       25
 62
   256
340
16
 90
       25
 62
   256
280
     0
  0
LAYOUT
  5
22
102
{ACAD_XDICTIONARY
360
205
102
}
102
{ACAD_REACTORS
330
1A
102
}
330
1A
100
AcDbPlotSettings
  1

  2
none_device
  4
ISO_A4_(210.00_x_297.00_MM)
  6

 40
7.5
 41
20.0
 42
7.5
 43
20.0
 44
210.0
 45
297.0
 46
11.54999923706054
 47
-13.65000009536743
 48
0.0
 49
0.0
140
0.0
141
0.0
142
1.0
143
8.704084754739808
 70
 11952
 72
     1
 73
     0
 74
     0
  7

 75
     0
147
0.1148885871608098
 76
     0
 77
     2
 78
   300
148
0.0
149
0.0
100
AcDbLayout
  1
Model
 70
     1
 71
     0
 10
0.0
 20
0.0
 11
12.0
 21
9.0
 12
0.0
 22
0.0
 32
0.0
 14
0.0
 24
0.0
 34
0.0
 15
0.0
 25
0.0
 35
0.0
146
0.0
 13
0.0
 23
0.0
 33
0.0
 16
1.0
 26
0.0
 36
0.0
 17
0.0
 27
1.0
 37
0.0
 76
     0
330
1F
331
EA
1001
ACAD_PSEXT
1000
None
1000
None
1000
Not applicable
1000
The layout will not be plotted unless a new plotter configuration name is selected.
1070
     0
  0
LAYOUT
  5
D3
102
{ACAD_REACTORS
330
1A
102
}
330
1A
100
AcDbPlotSettings
  1

  2
C:\Documents and Settings\basas\Application Data\Autodesk\AutoCAD 2005\R16.1\enu\plotters\Default Windows System Printer.pc3
  4

  6

 40
0.0
 41
0.0
 42
0.0
 43
0.0
 44
0.0
 45
0.0
 46
0.0
 47
0.0
 48
0.0
 49
0.0
140
0.0
141
0.0
142
1.0
143
1.0
 70
   688
 72
     0
 73
     0
 74
     5
  7

 75
    16
147
1.0
 76
     0
 77
     2
 78
   300
148
0.0
149
0.0
100
AcDbLayout
  1
布局1
 70
     1
 71
     1
 10
0.0
 20
0.0
 11
12.0
 21
9.0
 12
0.0
 22
0.0
 32
0.0
 14
0.0
 24
0.0
 34
0.0
 15
0.0
 25
0.0
 35
0.0
146
0.0
 13
0.0
 23
0.0
 33
0.0
 16
1.0
 26
0.0
 36
0.0
 17
0.0
 27
1.0
 37
0.0
 76
     0
330
D2
  0
LAYOUT
  5
D7
102
{ACAD_REACTORS
330
1A
102
}
330
1A
100
AcDbPlotSettings
  1

  2
C:\Documents and Settings\basas\Application Data\Autodesk\AutoCAD 2005\R16.1\enu\plotters\Default Windows System Printer.pc3
  4

  6

 40
0.0
 41
0.0
 42
0.0
 43
0.0
 44
0.0
 45
0.0
 46
0.0
 47
0.0
 48
0.0
 49
0.0
140
0.0
141
0.0
142
1.0
143
1.0
 70
   688
 72
     0
 73
     0
 74
     5
  7

 75
    16
147
1.0
 76
     0
 77
     2
 78
   300
148
0.0
149
0.0
100
AcDbLayout
  1
布局2
 70
     1
 71
     2
 10
0.0
 20
0.0
 11
12.0
 21
9.0
 12
0.0
 22
0.0
 32
0.0
 14
0.0
 24
0.0
 34
0.0
 15
0.0
 25
0.0
 35
0.0
146
0.0
 13
0.0
 23
0.0
 33
0.0
 16
1.0
 26
0.0
 36
0.0
 17
0.0
 27
1.0
 37
0.0
 76
     0
330
D6
  0
MATERIAL
  5
ED
102
{ACAD_XDICTIONARY
360
1F9
102
}
102
{ACAD_REACTORS
330
6A
102
}
330
6A
100
AcDbMaterial
  1
ByBlock
 94
       63
  0
MATERIAL
  5
EC
102
{ACAD_XDICTIONARY
360
1F7
102
}
102
{ACAD_REACTORS
330
6A
102
}
330
6A
100
AcDbMaterial
  1
ByLayer
 94
       63
  0
MATERIAL
  5
EE
102
{ACAD_XDICTIONARY
360
173
102
}
102
{ACAD_REACTORS
330
6A
102
}
330
6A
100
AcDbMaterial
  1
Global
 43
0.0007999999797903
 43
0.0
 43
0.0
 43
0.0
 43
0.0
 43
0.0007999999797903
 43
0.0
 43
0.0
 43
0.0
 43
0.0
 43
1.0
 43
0.0
 43
0.0
 43
0.0
 43
0.0
 43
1.0
 49
0.0007999999797903
 49
0.0
 49
0.0
 49
0.0
 49
0.0
 49
0.0007999999797903
 49
0.0
 49
0.0
 49
0.0
 49
0.0
 49
1.0
 49
0.0
 49
0.0
 49
0.0
 49
0.0
 49
1.0
142
0.0007999999797903
142
0.0
142
0.0
142
0.0
142
0.0
142
0.0007999999797903
142
0.0
142
0.0
142
0.0
142
0.0
142
1.0
142
0.0
142
0.0
142
0.0
142
0.0
142
1.0
144
0.0007999999797903
144
0.0
144
0.0
144
0.0
144
0.0
144
0.0007999999797903
144
0.0
144
0.0
144
0.0
144
0.0
144
1.0
144
0.0
144
0.0
144
0.0
144
0.0
144
1.0
 94
       63
1001
ACAD
1070
    -1
1070
     3
1070
     0
1000

1071
        0
1070
     0
  0
MLEADERSTYLE
  5
13B
102
{ACAD_REACTORS
330
12D
102
}
330
12D
100
AcDbMLeaderStyle
170
     2
171
     1
172
     0
 90
        2
 40
0.0
 41
0.0
173
     1
 91
-1056964608
340
14
 92
       -2
290
     1
 42
2.0
291
     1
 43
8.0
  3
Standard
 44
4.0
300

342
11
174
     1
178
     1
175
     1
176
     0
 93
-1056964608
 45
4.0
292
     0
297
     0
 46
4.0
 94
-1056964608
 47
1.0
 49
1.0
140
1.0
293
     1
141
0.0
294
     1
177
     0
142
1.0
295
     0
296
     1
143
3.75
1001
ACAD_MLEADERVER
1070
     2
  0
MLEADERSTYLE
  5
12E
102
{ACAD_REACTORS
330
12D
102
}
330
12D
100
AcDbMLeaderStyle
170
     2
171
     1
172
     0
 90
        2
 40
0.0
 41
0.0
173
     1
 91
-1056964608
340
14
 92
       -2
290
     1
 42
2.0
291
     1
 43
8.0
  3
Standard
 44
4.0
300

342
11
174
     1
178
     1
175
     1
176
     0
 93
-1056964608
 45
4.0
292
     0
297
     0
 46
4.0
 94
-1056964608
 47
1.0
 49
1.0
140
1.0
293
     1
141
0.0
294
     1
177
     0
142
1.0
295
     0
296
     0
143
3.75
1001
ACAD_MLEADERVER
1070
     2
  0
MLINESTYLE
  5
18
102
{ACAD_REACTORS
330
17
102
}
330
17
100
AcDbMlineStyle
  2
STANDARD
 70
     0
  3

 62
   256
 51
90.0
 52
90.0
 71
     2
 49
0.5
 62
   256
  6
BYLAYER
 49
-0.5
 62
   256
  6
BYLAYER
  0
ACDBPLACEHOLDER
  5
F
102
{ACAD_REACTORS
330
E
102
}
330
E
  0
SCALE
  5
10D
102
{ACAD_REACTORS
330
10C
102
}
330
10C
100
AcDbScale
 70
     0
300
1:1
140
1.0
141
1.0
290
     1
  0
SCALE
  5
1BE
102
{ACAD_REACTORS
330
10C
102
}
330
10C
100
AcDbScale
 70
     0
300
1:2
140
1.0
141
2.0
290
     0
  0
SCALE
  5
1BF
102
{ACAD_REACTORS
330
10C
102
}
330
10C
100
AcDbScale
 70
     0
300
1:4
140
1.0
141
4.0
290
     0
  0
SCALE
  5
1C0
102
{ACAD_REACTORS
330
10C
102
}
330
10C
100
AcDbScale
 70
     0
300
1:5
140
1.0
141
5.0
290
     0
  0
SCALE
  5
1C1
102
{ACAD_REACTORS
330
10C
102
}
330
10C
100
AcDbScale
 70
     0
300
1:8
140
1.0
141
8.0
290
     0
  0
SCALE
  5
1C2
102
{ACAD_REACTORS
330
10C
102
}
330
10C
100
AcDbScale
 70
     0
300
1:10
140
1.0
141
10.0
290
     0
  0
SCALE
  5
1C3
102
{ACAD_REACTORS
330
10C
102
}
330
10C
100
AcDbScale
 70
     0
300
1:16
140
1.0
141
16.0
290
     0
  0
SCALE
  5
1C4
102
{ACAD_REACTORS
330
10C
102
}
330
10C
100
AcDbScale
 70
     0
300
1:20
140
1.0
141
20.0
290
     0
  0
SCALE
  5
1C5
102
{ACAD_REACTORS
330
10C
102
}
330
10C
100
AcDbScale
 70
     0
300
1:30
140
1.0
141
30.0
290
     0
  0
SCALE
  5
1C6
102
{ACAD_REACTORS
330
10C
102
}
330
10C
100
AcDbScale
 70
     0
300
1:40
140
1.0
141
40.0
290
     0
  0
SCALE
  5
1C7
102
{ACAD_REACTORS
330
10C
102
}
330
10C
100
AcDbScale
 70
     0
300
1:50
140
1.0
141
50.0
290
     0
  0
SCALE
  5
1C8
102
{ACAD_REACTORS
330
10C
102
}
330
10C
100
AcDbScale
 70
     0
300
1:100
140
1.0
141
100.0
290
     0
  0
SCALE
  5
1C9
102
{ACAD_REACTORS
330
10C
102
}
330
10C
100
AcDbScale
 70
     0
300
2:1
140
2.0
141
1.0
290
     0
  0
SCALE
  5
1CA
102
{ACAD_REACTORS
330
10C
102
}
330
10C
100
AcDbScale
 70
     0
300
4:1
140
4.0
141
1.0
290
     0
  0
SCALE
  5
1CB
102
{ACAD_REACTORS
330
10C
102
}
330
10C
100
AcDbScale
 70
     0
300
8:1
140
8.0
141
1.0
290
     0
  0
SCALE
  5
1CC
102
{ACAD_REACTORS
330
10C
102
}
330
10C
100
AcDbScale
 70
     0
300
10:1
140
10.0
141
1.0
290
     0
  0
SCALE
  5
1CD
102
{ACAD_REACTORS
330
10C
102
}
330
10C
100
AcDbScale
 70
     0
300
100:1
140
100.0
141
1.0
290
     0
  0
ACDBSECTIONVIEWSTYLE
  5
21A
102
{ACAD_XDICTIONARY
360
7E5
102
}
102
{ACAD_REACTORS
330
219
102
}
330
219
100
AcDbModelDocViewStyle
 70
     0
  3
Metric50
290
     0
100
AcDbSectionViewStyle
 70
     0
 71
     0
 90
      102
 71
     1
340
11
 62
   256
 40
5.0
340
0
340
0
 62
   256
 40
5.0
300
I, O, Q, S, X, Z
 40
10.0
 90
        0
 40
2.5
 90
        0
 71
     2
340
16
 90
       25
 62
   256
340
16
 90
       50
 62
   256
 40
5.0
 40
2.5
 40
5.0
 71
     3
340
11
 62
   256
 40
5.0
 90
        0
 40
15.0
 90
        1
300
%<\AcVar ViewSectionStartId>%-%<\AcVar ViewSectionEndId>% (%<\AcVar ViewScale \f "%sn">%)
 71
     4
 62
   256
 62
   257
300
ANSI31
 40
1.0
 90
        0
290
     0
290
     0
 90
        6
 40
0.0
 40
1.570796326794896
 40
0.2617993877991494
 40
1.308996938995747
 40
-0.2617993877991494
 40
1.832595714594046
  0
TABLESTYLE
  5
7F
102
{ACAD_XDICTIONARY
360
162
102
}
102
{ACAD_REACTORS
330
7E
102
}
330
7E
100
AcDbTableStyle
  3
Standard
 70
     0
 71
     0
 40
1.5
 41
1.5
280
     0
281
     0
  7
Standard
140
4.5
170
     2
 62
     0
 63
     7
283
     0
 90
      512
 91
        0
  1

274
    -2
284
     1
 64
     0
275
    -2
285
     1
 65
     0
276
    -2
286
     1
 66
     0
277
    -2
287
     1
 67
     0
278
    -2
288
     1
 68
     0
279
    -2
289
     1
 69
     0
  7
Standard
140
6.0
170
     5
 62
     0
 63
     7
283
     0
 90
      512
 91
        0
  1

274
    -2
284
     1
 64
     0
275
    -2
285
     1
 65
     0
276
    -2
286
     1
 66
     0
277
    -2
287
     1
 67
     0
278
    -2
288
     1
 68
     0
279
    -2
289
     1
 69
     0
  7
Standard
140
4.5
170
     5
 62
     0
 63
     7
283
     0
 90
      512
 91
        0
  1

274
    -2
284
     1
 64
     0
275
    -2
285
     1
 65
     0
276
    -2
286
     1
 66
     0
277
    -2
287
     1
 67
     0
278
    -2
288
     1
 68
     0
279
    -2
289
     1
 69
     0
  0
VISUALSTYLE
  5
F5
102
{ACAD_XDICTIONARY
360
7BF
102
}
102
{ACAD_REACTORS
330
EF
102
}
330
EF
100
AcDbVisualStyle
  2
2dWireframe
 70
     4
 71
     0
 72
     2
 73
     1
 90
        0
 40
-0.6
 41
-30.0
 62
     5
 63
     7
421
 16777215
 74
     1
 91
        4
 64
     7
 65
   257
 75
     1
175
     1
 42
1.0
 92
        0
 66
   257
 43
1.0
 76
     1
 77
     6
 78
     2
 67
     7
 79
     5
170
     0
171
     0
290
     0
174
     0
 93
        1
 44
0.0
173
     0
291
     0
 45
0.0
1001
ACAD
1000
AcDbSavedByObjectVersion
1070
     0
  0
VISUALSTYLE
  5
F4
102
{ACAD_XDICTIONARY
360
7BD
102
}
102
{ACAD_REACTORS
330
EF
102
}
330
EF
100
AcDbVisualStyle
  2
Basic
 70
     7
 71
     1
 72
     0
 73
     1
 90
        0
 40
-0.6
 41
-30.0
 62
     5
 63
     7
421
 16777215
 74
     0
 91
        4
 64
     7
 65
   257
 75
     1
175
     1
 42
1.0
 92
        8
 66
     7
 43
1.0
 76
     1
 77
     6
 78
     2
 67
     7
 79
     5
170
     0
171
     0
290
     0
174
     0
 93
        1
 44
0.0
173
     0
291
     1
 45
0.0
1001
ACAD
1000
AcDbSavedByObjectVersion
1070
     0
  0
VISUALSTYLE
  5
FB
102
{ACAD_XDICTIONARY
360
7CB
102
}
102
{ACAD_REACTORS
330
EF
102
}
330
EF
100
AcDbVisualStyle
  2
Brighten
 70
    12
 71
     2
 72
     2
 73
     1
 90
        0
 40
-0.6
 41
-30.0
 62
     5
 63
     7
421
 16777215
 74
     1
 91
        4
 64
     7
 65
   257
 75
     1
175
     1
 42
1.0
 92
        8
 66
     7
 43
1.0
 76
     1
 77
     6
 78
     2
 67
     7
 79
     5
170
     0
171
     0
290
     0
174
     0
 93
        1
 44
50.0
173
     0
291
     1
 45
0.0
1001
ACAD
1000
AcDbSavedByObjectVersion
1070
     0
  0
VISUALSTYLE
  5
FF
102
{ACAD_XDICTIONARY
360
7D3
102
}
102
{ACAD_REACTORS
330
EF
102
}
330
EF
100
AcDbVisualStyle
  2
ColorChange
 70
    16
 71
     2
 72
     2
 73
     3
 90
        0
 40
-0.6
 41
-30.0
 62
     5
 63
     8
421
  8421504
 74
     1
 91
        4
 64
     7
 65
   257
 75
     1
175
     1
 42
1.0
 92
        8
 66
     8
424
  8421504
 43
1.0
 76
     1
 77
     6
 78
     2
 67
     7
 79
     5
170
     0
171
     0
290
     0
174
     0
 93
        1
 44
0.0
173
     0
291
     1
 45
0.0
1001
ACAD
1000
AcDbSavedByObjectVersion
1070
     0
  0
VISUALSTYLE
  5
F8
102
{ACAD_XDICTIONARY
360
7C5
102
}
102
{ACAD_REACTORS
330
EF
102
}
330
EF
100
AcDbVisualStyle
  2
Conceptual
 70
     9
 71
     3
 72
     2
 73
     1
 90
        0
 40
-0.6
 41
-30.0
 62
     5
 63
     7
421
 16777215
 74
     2
 91
        2
 64
     7
 65
   257
 75
     1
175
     1
 42
40.0
 92
        8
 66
     7
 43
1.0
 76
     1
 77
     6
 78
     2
 67
     7
 79
     3
170
     0
171
     0
290
     0
174
     0
 93
        1
 44
0.0
173
     0
291
     0
 45
0.0
1001
ACAD
1000
AcDbSavedByObjectVersion
1070
     0
  0
VISUALSTYLE
  5
FA
102
{ACAD_XDICTIONARY
360
7C9
102
}
102
{ACAD_REACTORS
330
EF
102
}
330
EF
100
AcDbVisualStyle
  2
Dim
 70
    11
 71
     2
 72
     2
 73
     1
 90
        0
 40
-0.6
 41
-30.0
 62
     5
 63
     7
421
 16777215
 74
     1
 91
        4
 64
     7
 65
   257
 75
     1
175
     1
 42
1.0
 92
        8
 66
     7
 43
1.0
 76
     1
 77
     6
 78
     2
 67
     7
 79
     5
170
     0
171
     0
290
     0
174
     0
 93
        1
 44
-50.0
173
     0
291
     1
 45
0.0
1001
ACAD
1000
AcDbSavedByObjectVersion
1070
     0
  0
VISUALSTYLE
  5
1E6
102
{ACAD_XDICTIONARY
360
7D9
102
}
102
{ACAD_REACTORS
330
EF
102
}
330
EF
100
AcDbVisualStyle
  2
EdgeColorOff
 70
    22
 71
     2
 72
     2
 73
     0
 90
        0
 40
-0.6
 41
-30.0
 62
     5
 63
     7
421
 16777215
 74
     1
 91
        4
 64
     7
 65
   257
 75
     1
175
     1
 42
1.0
 92
        8
 66
     7
 43
1.0
 76
     1
 77
     6
 78
     2
 67
     7
 79
     5
170
     0
171
     0
290
     0
174
     0
 93
        1
 44
0.0
173
     0
291
     1
 45
0.0
1001
ACAD
1000
AcDbSavedByObjectVersion
1070
     0
  0
VISUALSTYLE
  5
FE
102
{ACAD_XDICTIONARY
360
7D1
102
}
102
{ACAD_REACTORS
330
EF
102
}
330
EF
100
AcDbVisualStyle
  2
Facepattern
 70
    15
 71
     2
 72
     2
 73
     1
 90
        0
 40
-0.6
 41
-30.0
 62
     5
 63
     7
421
 16777215
 74
     1
 91
        4
 64
     7
 65
   257
 75
     1
175
     1
 42
1.0
 92
        8
 66
     7
 43
1.0
 76
     1
 77
     6
 78
     2
 67
     7
 79
     5
170
     0
171
     0
290
     0
174
     0
 93
        1
 44
0.0
173
     0
291
     1
 45
0.0
1001
ACAD
1000
AcDbSavedByObjectVersion
1070
     0
  0
VISUALSTYLE
  5
F0
102
{ACAD_XDICTIONARY
360
7B5
102
}
102
{ACAD_REACTORS
330
EF
102
}
330
EF
100
AcDbVisualStyle
  2
Flat
 70
     0
 71
     2
 72
     1
 73
     1
 90
        2
 40
-0.6
 41
30.0
 62
     5
 63
     7
421
 16777215
 74
     0
 91
        0
 64
     7
 65
   257
 75
     1
175
     1
 42
1.0
 92
        8
 66
     7
 43
1.0
 76
     1
 77
     6
 78
     2
 67
     7
 79
     5
170
     0
171
     0
290
     0
174
     0
 93
       13
 44
0.0
173
     0
291
     1
 45
0.0
1001
ACAD
1000
AcDbSavedByObjectVersion
1070
     0
  0
VISUALSTYLE
  5
F1
102
{ACAD_XDICTIONARY
360
7B7
102
}
102
{ACAD_REACTORS
330
EF
102
}
330
EF
100
AcDbVisualStyle
  2
FlatWithEdges
 70
     1
 71
     2
 72
     1
 73
     1
 90
        2
 40
-0.6
 41
30.0
 62
     5
 63
     7
421
 16777215
 74
     1
 91
        0
 64
     7
 65
   257
 75
     1
175
     1
 42
1.0
 92
        0
 66
   257
 43
1.0
 76
     1
 77
     6
 78
     2
 67
     7
 79
     5
170
     0
171
     0
290
     0
174
     0
 93
       13
 44
0.0
173
     0
291
     1
 45
0.0
1001
ACAD
1000
AcDbSavedByObjectVersion
1070
     0
  0
VISUALSTYLE
  5
F2
102
{ACAD_XDICTIONARY
360
7B9
102
}
102
{ACAD_REACTORS
330
EF
102
}
330
EF
100
AcDbVisualStyle
  2
Gouraud
 70
     2
 71
     2
 72
     2
 73
     1
 90
        2
 40
-0.6
 41
30.0
 62
     5
 63
     7
421
 16777215
 74
     0
 91
        0
 64
     7
 65
   257
 75
     1
175
     1
 42
1.0
 92
        0
 66
     7
 43
1.0
 76
     1
 77
     6
 78
     2
 67
     7
 79
     5
170
     0
171
     0
290
     0
174
     0
 93
       13
 44
0.0
173
     0
291
     1
 45
0.0
1001
ACAD
1000
AcDbSavedByObjectVersion
1070
     0
  0
VISUALSTYLE
  5
F3
102
{ACAD_XDICTIONARY
360
7BB
102
}
102
{ACAD_REACTORS
330
EF
102
}
330
EF
100
AcDbVisualStyle
  2
GouraudWithEdges
 70
     3
 71
     2
 72
     2
 73
     1
 90
        2
 40
-0.6
 41
30.0
 62
     5
 63
     7
421
 16777215
 74
     1
 91
        0
 64
     7
 65
   257
 75
     1
175
     1
 42
1.0
 92
        0
 66
   257
 43
1.0
 76
     1
 77
     6
 78
     2
 67
     7
 79
     5
170
     0
171
     0
290
     0
174
     0
 93
       13
 44
0.0
173
     0
291
     1
 45
0.0
1001
ACAD
1000
AcDbSavedByObjectVersion
1070
     0
  0
VISUALSTYLE
  5
F7
102
{ACAD_XDICTIONARY
360
7C3
102
}
102
{ACAD_REACTORS
330
EF
102
}
330
EF
100
AcDbVisualStyle
  2
Hidden
 70
     6
 71
     1
 72
     2
 73
     2
 90
        0
 40
-0.6
 41
-30.0
 62
     5
 63
     7
421
 16777215
 74
     2
 91
        2
 64
     7
 65
   257
 75
     2
175
     1
 42
40.0
 92
        0
 66
   257
 43
1.0
 76
     1
 77
     6
 78
     2
 67
     7
 79
     3
170
     0
171
     0
290
     0
174
     0
 93
        1
 44
0.0
173
     0
291
     0
 45
0.0
1001
ACAD
1000
AcDbSavedByObjectVersion
1070
     0
  0
VISUALSTYLE
  5
1E4
102
{ACAD_XDICTIONARY
360
7D5
102
}
102
{ACAD_REACTORS
330
EF
102
}
330
EF
100
AcDbVisualStyle
  2
JitterOff
 70
    20
 71
     2
 72
     2
 73
     0
 90
        0
 40
-0.6
 41
-30.0
 62
     5
 63
     7
421
 16777215
 74
     1
 91
        4
 64
     7
 65
   257
 75
     1
175
     1
 42
1.0
 92
       10
 66
     7
 43
1.0
 76
     1
 77
     6
 78
     2
 67
     7
 79
     5
170
     0
171
     0
290
     0
174
     0
 93
        1
 44
0.0
173
     0
291
     1
 45
0.0
1001
ACAD
1000
AcDbSavedByObjectVersion
1070
     0
  0
VISUALSTYLE
  5
FD
102
{ACAD_XDICTIONARY
360
7CF
102
}
102
{ACAD_REACTORS
330
EF
102
}
330
EF
100
AcDbVisualStyle
  2
Linepattern
 70
    14
 71
     2
 72
     2
 73
     1
 90
        0
 40
-0.6
 41
-30.0
 62
     5
 63
     7
421
 16777215
 74
     1
 91
        4
 64
     7
 65
   257
 75
     7
175
     7
 42
1.0
 92
        8
 66
     7
 43
1.0
 76
     1
 77
     6
 78
     2
 67
     7
 79
     5
170
     0
171
     0
290
     0
174
     0
 93
        1
 44
0.0
173
     0
291
     1
 45
0.0
1001
ACAD
1000
AcDbSavedByObjectVersion
1070
     0
  0
VISUALSTYLE
  5
1E5
102
{ACAD_XDICTIONARY
360
7D7
102
}
102
{ACAD_REACTORS
330
EF
102
}
330
EF
100
AcDbVisualStyle
  2
OverhangOff
 70
    21
 71
     2
 72
     2
 73
     0
 90
        0
 40
-0.6
 41
-30.0
 62
     5
 63
     7
421
 16777215
 74
     1
 91
        4
 64
     7
 65
   257
 75
     1
175
     1
 42
1.0
 92
        9
 66
     7
 43
1.0
 76
     1
 77
     6
 78
     2
 67
     7
 79
     5
170
     0
171
     0
290
     0
174
     0
 93
        1
 44
0.0
173
     0
291
     1
 45
0.0
1001
ACAD
1000
AcDbSavedByObjectVersion
1070
     0
  0
VISUALSTYLE
  5
F9
102
{ACAD_XDICTIONARY
360
7C7
102
}
102
{ACAD_REACTORS
330
EF
102
}
330
EF
100
AcDbVisualStyle
  2
Realistic
 70
     8
 71
     2
 72
     3
 73
     0
 90
        2
 40
-0.6
 41
30.0
 62
     5
 63
     7
421
 16777215
 74
     0
 91
        0
 64
     7
 65
   257
 75
     1
175
     1
 42
1.0
 92
        8
 66
   257
 43
1.0
 76
     1
 77
     6
 78
     2
 67
     7
 79
     3
170
     0
171
     0
290
     0
174
     0
 93
       13
 44
0.0
173
     0
291
     0
 45
0.0
1001
ACAD
1000
AcDbSavedByObjectVersion
1070
     0
  0
VISUALSTYLE
  5
1F3
102
{ACAD_XDICTIONARY
360
7E3
102
}
102
{ACAD_REACTORS
330
EF
102
}
330
EF
100
AcDbVisualStyle
  2
Shaded
 70
    27
 71
     2
 72
     2
 73
     1
 90
        2
 40
-0.6
 41
30.0
 62
     5
 63
     7
421
 16777215
 74
     0
 91
        4
 64
     7
 65
   257
 75
     1
175
     1
 42
1.0
 92
        8
 66
   257
 43
1.0
 76
     1
 77
     6
 78
     2
 67
     8
425
  7895160
 79
     3
170
     0
171
     0
290
     0
174
     0
 93
        5
 44
0.0
173
     0
291
     0
 45
0.0
1001
ACAD
1000
AcDbSavedByObjectVersion
1070
     0
  0
VISUALSTYLE
  5
1F2
102
{ACAD_XDICTIONARY
360
7E1
102
}
102
{ACAD_REACTORS
330
EF
102
}
330
EF
100
AcDbVisualStyle
  2
Shaded with edges
 70
    26
 71
     2
 72
     2
 73
     1
 90
        2
 40
-0.6
 41
30.0
 62
     5
 63
     7
421
 16777215
 74
     1
 91
        2
 64
     7
 65
   257
 75
     2
175
     1
 42
1.0
 92
        8
 66
   257
 43
1.0
 76
     1
 77
     6
 78
     2
 67
     7
 79
     3
170
     0
171
     0
290
     0
174
     0
 93
        5
 44
0.0
173
     0
291
     0
 45
0.0
1001
ACAD
1000
AcDbSavedByObjectVersion
1070
     0
  0
VISUALSTYLE
  5
1EF
102
{ACAD_XDICTIONARY
360
7DB
102
}
102
{ACAD_REACTORS
330
EF
102
}
330
EF
100
AcDbVisualStyle
  2
Shades of Gray
 70
    23
 71
     2
 72
     2
 73
     3
 90
        0
 40
-0.6
 41
-30.0
 62
     5
 63
     7
421
 16777215
 74
     2
 91
        2
 64
     7
 65
     7
 75
     1
175
     1
 42
40.0
 92
        8
 66
     7
 43
1.0
 76
     1
 77
     6
 78
     2
 67
     7
 79
     3
170
     0
171
     0
290
     0
174
     0
 93
        1
 44
0.0
173
     0
291
     0
 45
0.0
1001
ACAD
1000
AcDbSavedByObjectVersion
1070
     0
  0
VISUALSTYLE
  5
1F0
102
{ACAD_XDICTIONARY
360
7DD
102
}
102
{ACAD_REACTORS
330
EF
102
}
330
EF
100
AcDbVisualStyle
  2
Sketchy
 70
    24
 71
     1
 72
     2
 73
     2
 90
        0
 40
-0.6
 41
-30.0
 62
     5
 63
     7
421
 16777215
 74
     2
 91
        2
 64
     7
 65
     7
 75
     1
175
     1
 42
40.0
 92
       11
 66
     7
 43
1.0
 76
     1
 77
     6
 78
     2
 67
     7
 79
     6
170
     0
171
     0
290
     0
174
     0
 93
        1
 44
0.0
173
     0
291
     0
 45
0.0
1001
ACAD
1000
AcDbSavedByObjectVersion
1070
     0
  0
VISUALSTYLE
  5
FC
102
{ACAD_XDICTIONARY
360
7CD
102
}
102
{ACAD_REACTORS
330
EF
102
}
330
EF
100
AcDbVisualStyle
  2
Thicken
 70
    13
 71
     2
 72
     2
 73
     1
 90
        0
 40
-0.6
 41
-30.0
 62
     5
 63
     7
421
 16777215
 74
     1
 91
        4
 64
     7
 65
   257
 75
     1
175
     1
 42
1.0
 92
       12
 66
     7
 43
1.0
 76
     1
 77
     6
 78
     2
 67
     7
 79
     5
170
     0
171
     0
290
     0
174
     0
 93
        1
 44
0.0
173
     0
291
     1
 45
0.0
1001
ACAD
1000
AcDbSavedByObjectVersion
1070
     0
  0
VISUALSTYLE
  5
F6
102
{ACAD_XDICTIONARY
360
7C1
102
}
102
{ACAD_REACTORS
330
EF
102
}
330
EF
100
AcDbVisualStyle
  2
Wireframe
 70
     5
 71
     0
 72
     2
 73
     0
 90
        0
 40
-0.6
 41
-30.0
 62
     5
 63
     7
421
 16777215
 74
     1
 91
        4
 64
     7
 65
   257
 75
     1
175
     1
 42
1.0
 92
        0
 66
   257
 43
1.0
 76
     1
 77
     6
 78
     2
 67
     7
 79
     3
170
     0
171
     0
290
     0
174
     0
 93
        1
 44
0.0
173
     0
291
     0
 45
0.0
1001
ACAD
1000
AcDbSavedByObjectVersion
1070
     0
  0
VISUALSTYLE
  5
1F1
102
{ACAD_XDICTIONARY
360
7DF
102
}
102
{ACAD_REACTORS
330
EF
102
}
330
EF
100
AcDbVisualStyle
  2
X-Ray
 70
    25
 71
     2
 72
     2
 73
     1
 90
        1
 40
0.5
 41
-30.0
 62
     5
 63
     7
421
 16777215
 74
     1
 91
        0
 64
     7
 65
   257
 75
     1
175
     1
 42
1.0
 92
        8
 66
     7
 43
1.0
 76
     1
 77
     6
 78
     2
 67
     7
 79
     3
170
     0
171
     0
290
     0
174
     0
 93
       13
 44
0.0
173
     0
291
     0
 45
0.0
1001
ACAD
1000
AcDbSavedByObjectVersion
1070
     0
  0
DICTIONARYVAR
  5
146
102
{ACAD_REACTORS
330
5E
102
}
330
5E
100
DictionaryVariables
280
     0
  1
1:1
  0
DICTIONARYVAR
  5
259
102
{ACAD_REACTORS
330
5E
102
}
330
5E
100
DictionaryVariables
280
     0
  1
3.500000
  0
DICTIONARYVAR
  5
25A
102
{ACAD_REACTORS
330
5E
102
}
330
5E
100
DictionaryVariables
280
     0
  1
acadiso.lin
  0
DICTIONARYVAR
  5
145
102
{ACAD_REACTORS
330
5E
102
}
330
5E
100
DictionaryVariables
280
     0
  1
STANDARD
  0
DICTIONARYVAR
  5
84
102
{ACAD_REACTORS
330
5E
102
}
330
5E
100
DictionaryVariables
280
     0
  1
STANDARD
  0
DICTIONARYVAR
  5
227
102
{ACAD_REACTORS
330
5E
102
}
330
5E
100
DictionaryVariables
280
     0
  1
Metric50
  0
DICTIONARYVAR
  5
228
102
{ACAD_REACTORS
330
5E
102
}
330
5E
100
DictionaryVariables
280
     0
  1
Metric50
  0
DICTIONARYVAR
  5
5F
102
{ACAD_REACTORS
330
5E
102
}
330
5E
100
DictionaryVariables
280
     0
  1
2
  0
DICTIONARYVAR
  5
63
102
{ACAD_REACTORS
330
5E
102
}
330
5E
100
DictionaryVariables
280
     0
  1
1
  0
DICTIONARYVAR
  5
1AE
102
{ACAD_REACTORS
330
5E
102
}
330
5E
100
DictionaryVariables
280
     0
  1
0
  0
DICTIONARYVAR
  5
1AF
102
{ACAD_REACTORS
330
5E
102
}
330
5E
100
DictionaryVariables
280
     0
  1
0
  0
DICTIONARYVAR
  5
7AA
102
{ACAD_REACTORS
330
5E
102
}
330
5E
100
DictionaryVariables
280
     0
  1
2
  0
DICTIONARY
  5
7B4
102
{ACAD_REACTORS
330
7B2
102
}
330
7B2
100
AcDbDictionary
281
     1
  0
DICTIONARY
  5
7B3
102
{ACAD_REACTORS
330
7B2
102
}
330
7B2
100
AcDbDictionary
281
     1
  3
1935523053904
350
7AD
  3
1935523053920
350
7AE
  3
1935523053936
350
7AF
  3
1935523053952
350
7B0
  3
1935523053968
350
7B1
  0
DICTIONARY
  5
7E7
330
21C
100
AcDbDictionary
280
     1
281
     1
  3
ACAD_XREC_ROUNDTRIP
360
7E8
  0
DICTIONARY
  5
205
330
22
100
AcDbDictionary
280
     1
281
     1
  0
DICTIONARY
  5
1F9
330
ED
100
AcDbDictionary
280
     1
281
     1
  3
FBXASSET
360
1FA
  0
DICTIONARY
  5
1F7
330
EC
100
AcDbDictionary
280
     1
281
     1
  3
FBXASSET
360
1F8
  0
DICTIONARY
  5
173
330
EE
100
AcDbDictionary
280
     1
281
     1
  3
BUMPTILE
360
175
  3
DIFFUSETILE
360
174
  3
FBXASSET
360
1FB
  3
OPACITYTILE
360
176
  3
REFLECTIONTILE
360
177
  0
DICTIONARY
  5
7E5
330
21A
100
AcDbDictionary
280
     1
281
     1
  3
ACAD_XREC_ROUNDTRIP
360
7E6
  0
DICTIONARY
  5
162
330
7F
100
AcDbDictionary
280
     1
281
     1
  3
ACAD_ROUNDTRIP_2008_TABLESTYLE_CELLSTYLEMAP
360
7AB
  0
DICTIONARY
  5
7BF
330
F5
100
AcDbDictionary
280
     1
281
     1
  3
ACAD_XREC_ROUNDTRIP
360
7C0
  0
DICTIONARY
  5
7BD
330
F4
100
AcDbDictionary
280
     1
281
     1
  3
ACAD_XREC_ROUNDTRIP
360
7BE
  0
DICTIONARY
  5
7CB
330
FB
100
AcDbDictionary
280
     1
281
     1
  3
ACAD_XREC_ROUNDTRIP
360
7CC
  0
DICTIONARY
  5
7D3
330
FF
100
AcDbDictionary
280
     1
281
     1
  3
ACAD_XREC_ROUNDTRIP
360
7D4
  0
DICTIONARY
  5
7C5
330
F8
100
AcDbDictionary
280
     1
281
     1
  3
ACAD_XREC_ROUNDTRIP
360
7C6
  0
DICTIONARY
  5
7C9
330
FA
100
AcDbDictionary
280
     1
281
     1
  3
ACAD_XREC_ROUNDTRIP
360
7CA
  0
DICTIONARY
  5
7D9
330
1E6
100
AcDbDictionary
280
     1
281
     1
  3
ACAD_XREC_ROUNDTRIP
360
7DA
  0
DICTIONARY
  5
7D1
330
FE
100
AcDbDictionary
280
     1
281
     1
  3
ACAD_XREC_ROUNDTRIP
360
7D2
  0
DICTIONARY
  5
7B5
330
F0
100
AcDbDictionary
280
     1
281
     1
  3
ACAD_XREC_ROUNDTRIP
360
7B6
  0
DICTIONARY
  5
7B7
330
F1
100
AcDbDictionary
280
     1
281
     1
  3
ACAD_XREC_ROUNDTRIP
360
7B8
  0
DICTIONARY
  5
7B9
330
F2
100
AcDbDictionary
280
     1
281
     1
  3
ACAD_XREC_ROUNDTRIP
360
7BA
  0
DICTIONARY
  5
7BB
330
F3
100
AcDbDictionary
280
     1
281
     1
  3
ACAD_XREC_ROUNDTRIP
360
7BC
  0
DICTIONARY
  5
7C3
330
F7
100
AcDbDictionary
280
     1
281
     1
  3
ACAD_XREC_ROUNDTRIP
360
7C4
  0
DICTIONARY
  5
7D5
330
1E4
100
AcDbDictionary
280
     1
281
     1
  3
ACAD_XREC_ROUNDTRIP
360
7D6
  0
DICTIONARY
  5
7CF
330
FD
100
AcDbDictionary
280
     1
281
     1
  3
ACAD_XREC_ROUNDTRIP
360
7D0
  0
DICTIONARY
  5
7D7
330
1E5
100
AcDbDictionary
280
     1
281
     1
  3
ACAD_XREC_ROUNDTRIP
360
7D8
  0
DICTIONARY
  5
7C7
330
F9
100
AcDbDictionary
280
     1
281
     1
  3
ACAD_XREC_ROUNDTRIP
360
7C8
  0
DICTIONARY
  5
7E3
330
1F3
100
AcDbDictionary
280
     1
281
     1
  3
ACAD_XREC_ROUNDTRIP
360
7E4
  0
DICTIONARY
  5
7E1
330
1F2
100
AcDbDictionary
280
     1
281
     1
  3
ACAD_XREC_ROUNDTRIP
360
7E2
  0
DICTIONARY
  5
7DB
330
1EF
100
AcDbDictionary
280
     1
281
     1
  3
ACAD_XREC_ROUNDTRIP
360
7DC
  0
DICTIONARY
  5
7DD
330
1F0
100
AcDbDictionary
280
     1
281
     1
  3
ACAD_XREC_ROUNDTRIP
360
7DE
  0
DICTIONARY
  5
7CD
330
FC
100
AcDbDictionary
280
     1
281
     1
  3
ACAD_XREC_ROUNDTRIP
360
7CE
  0
DICTIONARY
  5
7C1
330
F6
100
AcDbDictionary
280
     1
281
     1
  3
ACAD_XREC_ROUNDTRIP
360
7C2
  0
DICTIONARY
  5
7DF
330
1F1
100
AcDbDictionary
280
     1
281
     1
  3
ACAD_XREC_ROUNDTRIP
360
7E0
  0
XRECORD
  5
7AD
102
{ACAD_REACTORS
330
7B3
102
}
330
7B3
100
AcDbXrecord
280
     1
  1
AcDb_Thumbnail_Schema
102
{ATTRRECORD
341
7AE
  2
AcDbDs::TreatedAsObjectData
280
     1
291
     1
102
ATTRRECORD}
102
{ATTRRECORD
341
7AF
  2
AcDbDs::Legacy
280
     1
291
     1
102
ATTRRECORD}
  2
AcDbDs::ID
280
    10
 91
        8
102
{ATTRRECORD
341
7B0
  2
AcDs:Indexable
280
     1
291
     1
102
ATTRRECORD}
102
{ATTRRECORD
341
7B1
  2
AcDbDs::HandleAttribute
280
     7
282
     1
102
ATTRRECORD}
  2
Thumbnail_Data
280
    15
 91
        0
  0
XRECORD
  5
7AE
102
{ACAD_REACTORS
330
7B3
102
}
330
7B3
100
AcDbXrecord
280
     1
  1
AcDbDs::TreatedAsObjectDataSchema
  2
AcDbDs::TreatedAsObjectData
280
     1
 91
        0
  0
XRECORD
  5
7AF
102
{ACAD_REACTORS
330
7B3
102
}
330
7B3
100
AcDbXrecord
280
     1
  1
AcDbDs::LegacySchema
  2
AcDbDs::Legacy
280
     1
 91
        0
  0
XRECORD
  5
7B0
102
{ACAD_REACTORS
330
7B3
102
}
330
7B3
100
AcDbXrecord
280
     1
  1
AcDbDs::IndexedPropertySchema
  2
AcDs:Indexable
280
     1
 91
        0
  0
XRECORD
  5
7B1
102
{ACAD_REACTORS
330
7B3
102
}
330
7B3
100
AcDbXrecord
280
     1
  1
AcDbDs::HandleAttributeSchema
  2
AcDbDs::HandleAttribute
280
     7
 91
        1
284
     1
  0
XRECORD
  5
7E8
102
{ACAD_REACTORS
330
7E7
102
}
330
7E7
100
AcDbXrecord
280
     1
102
DISPLAYNAME
  1
Metric50
102
FLAGS
 90
        0
  0
XRECORD
  5
1FA
102
{ACAD_REACTORS
330
1F9
102
}
330
1F9
100
AcDbXrecord
280
     1
 70
     1
 90
429727718
  1
D62C5603-E3A1-4AEA-B7FB-FE5D8D0755AF
310
504B03040A0000080000CC70623B3DEE336E79000000790000001B0000006175746F6465736B2D64657369676E2D7061636B6167652E786D6C3C3F786D6C2076657273696F6E3D22312E302220656E636F64696E673D227574662D3822203F3E3C666F726D6174733E3C666F726D61743E687474703A2F2F736368656D612E
310
6175746F6465736B2E636F6D2F64657369676E2D7061636B6167652F323030393C2F666F726D61743E3C2F666F726D6174733E504B0304140006080800CC70623BD486FD9CA0000000F4000000130000005B436F6E74656E745F54797065735D2E786D6C7D8EC10E82300C865F65E91D8A1E8C310C0EEA1BF002731658846E
310
D98AC1B77784ABF1D8FE5FBFBF75BBCE937A534CCEB38643598122B6FEE978D0B0485F9C41B54DDD7D022595594E1A469170414C76A4D9A4D207E29CF43ECE46F218070CC6BECC4078ACAA135ACF422C856C0E68EA1BF5669944DDD7BCDE7B1F8E415D77AECB980613C2E4AC91FC167A2B244592486606FC29C8FD7F045B9A
310
EF7053A7E60B504B0304140006080800CC70623B853B8169EB0000007C01000008000000636F72652E786D6C8D90416EC3201045AF62CDB6C206821CC7C244919D9CA01740401C94182C03558F5F9C3852BBEB6A467FFE9B197D7EFC9E1EC5975982F5AE035262288C535E5B377690E21535501C055FBC8FBF6C503839990E
310
5619041F179FE64D52DE45E362569DD7661365082642A11EB9E920A89B99642953CC8E702F67A9EE7234257977194EC9EAE275C4EABCCF5EAD5940D4AC6F0E35A568B8F43562CD7046CD199FD07E60174276A7BE677B5EADB0E0D14EEFFB6A31321A0D82627C4084204C3F096B71DD52F6819B16635EADF63F509AF53FA164
310
5DDCD1EDDD17164090FCC8732078B56691CB33A85CD7DCC40F504B0304140006080800CC70623B55019EA25F0000007C00000007000000636E782E786D6C4DCB3B0E80201045D1AD90E915ED2CF8AC45050C11660C8261F98AB1B07AC9C97D42D718D865D3E909258CFD00CCE24AC6E326A164D74DC0B4128928FF32603847
310
2BA13128B1252AC747C6BAB984FC68F0B87FE8960A5C09FE86CFB69FBA01504B0304140006080800CC70623BDBABAAF470010000D40300000C0000006662782F636F72652E786D6CC553D16E823014FD95A6AF4B694182CC941A83FA05FB810A9511A125A5257EFE2E82712ECEB8A7F100CD39F7F69E734AF9FADC366850B6
310
AF8DCE7018308C942E4C59EB2AC3DE1D498AD15A706B8CFB56869196ADCAF00863C12B6B7C374385D14E6907A836A59A41D9F7CA615434B0C8705F7CAA5606D23BA8E84F41278B93AC54100640439DE0BDB320004D43C63716C7C399D30917DCFBBA9CD9BA8469F5B156168B24CED3F7248AC8769F27244EB73B92EED8862C
310
B7F13E0C179B3C8F979C8ECD82BBBABDAA2BAC924E9558448CBD9330242CFA08E3154B5651FCC6D215639C8EE5774DBE2B5F6CF2B5768B68963BB5F5588420E442FC700B1139D4CB01F450C1E918227C2E09DF070D8140C84E1E9AAB8F1340832A9CB13130A5F1376A908D57309505ECF2A0DF179C4E9D30F5B239B87E3823
310
7A79C6F31DE1A8A5AEC08474B03C7837EAE4938639B44E5932B833D2C6B6B279CDC613877FA26EE21F4A2A4C63EC7F29A2F301D1F9F7A0E37D145F504B0304140006080800CC70623B9C113CC27E0000009D0000000B0000006662782F636E782E786D6C4DCCDF0A83201C86E15B91DFB94BFB330DD428C8FB886521330DA7
310
6397BF1A1DECE883878F57749FCDA1B7892F1BBC047A23808C7F84D9FA55424E0BE6803A256208E9EF06C84F9B91703228B1C690F78B66B34CD9A5439DF5CF0BFBF65E35BCA1B8D6A5C6F540381E886698B5741C695F9503EBA150A2F8958E3DC3EA0B504B0304140006080800CC70623B7DF2F77C2A010000120200003100
310
00006662782F41393633353835312D344632462D344230382D423046372D3739314545314133324237412F636F72652E786D6C8D51DB8EC22014FC15C2939B0D2DB4B45643319AE817EC0F6041255A68B86CFCFC856D4D76DF7CE190393373060EDB3DC707F856CE6B6B7A480A0C81328395DA5C7B18C3057510EC3873D686
310
3F34088C18550F330C39BB3A1BA7051AAC09CA84841A2BD5020AEF55806078A44B0FFD7053A328440C89E1EFC52486BBB8AA8214A99D789CF9E05200300FC927E4FB4D5B375D43103D5527440FB843077C5AA3F5861C8F645F5787F59E95B390B318B55CE45AA638FAA2957BD7248B390B7A7CC51F9C124149C82B8C378810
310
84AB2F42B7B8DD56F413775B8C5999E9FF4471926F8AA236A1AE96B8B3CC434E5839373893369E1FAF30EA395917409EB7F26AF8801C171837A4A6AC9C89E9F9C9B1A58BA30FD6A5EF5DDDCF894B9AD9B6A59C957943A9FCAE2FD5BC4DFE03504B0304140006080800CC70623BAD7543B64E01000033030000300000006662
310
782F41393633353835312D344632462D344230382D423046372D3739314545314133324237412F636E782E786D6CD593CD6EC32010845F0571AD6CE3D48AD20813A9873E410FBD12D82434182C7EAAE6EDBB2424CD25871E7B41D6EC30B3FA84F9E67BB2E40B4234DE8DB46F1925E094D7C6ED479AD3AE5951B2113C789FEE
310
6C943839C1488B4C05DF079FE72A69D8C96C13AAD6B8631503449F83828872B949AC57D26200B826A308D316B4064D6E46FCDA41C05550DC9E483A00797BFD207EFB092A45DE9514C1BBD22178396BD39D891265658C238DEA00936C654E5E433CB65A26D9F6EDB5EBC14EBF49A45CB856E66048291F6939A9A81BB5C89177
310
38143CA680F4AA299D66A042CEB3354A2684DC9D8D178FE0D9B8B41CAAD720F880EE7EF93C0C18769E099ECC04D5A102C8049A8A05632F4DDF376CF1DE0F6BB65C2F8627B65A33C6BB62177CEBBDAD973006829F89F22E814B54F4BC2BE347F8AA8F681390B50FA73F804400B5F542E796F19FF974E7F78DB802FE05E20750
310
4B0304140006080800CC70623BE75B7789680500003C100000340000006662782F41393633353835312D344632462D344230382D423046372D3739314545314133324237412F6F626A656374732E786D6CAD575B8F9B3818FD2B887D06C22499CB8AA1CA655245D5B455A356FB305264C061D8018C6C3393D95FBFC7600890
310
A4CD5EF210B0B1BFEBF98E3F7B1FF6596ABC522E1296DF9BAE3D320D9A872C4AF2F8DE2CE5CEBA358D0FBEC719939D65A691938CDE9B6ADAF4BD98B3B2D05311DD91329583D9D5FC0F438434A7A611A644887B5384CF34233629258BA878B12322891DEFF6B66BD70BFB62634E8AE781D082709A4B588AF91C528CDA28B73F
310
1C998EEF39EABBEFA97FBD6A7C7E9553F9D3D79FE442923C3C523610337627CB87ABE99D359D4CC6D6E4FACAB5E6ABF9D2726FC6A3C5F56271377BB88362213924694B38DD99FE47C48627A1E7D49F5A8BB5E1A74C0A599ED3B0F21F1E56366B89112D681E218F0915D0D6F17AD41FBA2A369DCF6335D62ABBD39779D5DDD1
310
11D4D8DE3CBB96B2E04FB8202E41051754A1AA8E8F76B4C6DFE810B580B1547F4B84911149794252234D024EF8BBE963A95AE27B3D310A9D5C215C7960FAEE415ED75694C6AFB17BCACA5D99A60A9AA65F217B0BFC53292ACB92BF283FAD0D3621576592CB5BED907C2FA8E9DF794E35E97BEA31BED21FEB401ABB94C44839
310
DCACBF0E1C5DA8DA5B2F4DFFD32AD86F543D9E565E7056502E157C00AD2671CD534549AB752FCA9CDA00677A313F04E51B22FF19E57B300579E3C97EB29F682D92935CEC18CF901B7B54FD8C51F362B56FC72FE0B3C1EAE335EDCCBF5AEC39ADB17DC238973F804BA5E6F6BFE7AF1FB32E523BE9F3BD571418E3631DCA4D48
310
5250CF639223210A9446CA30052EDF057BD35F8329C1ECD84552BF0DC8D18BE7BCE23BFE6BD960AB4A7DE79923A103BEBD80F911CBAA2C60DB19B01CF164A5583B772EE6D3FFA56666CBCDA74DC97724A48F9A58967497E489C4D979006FD7A05E227A1EBDD0F737C623387A9C844D3709995625106D157315F8B8392CD4E0
310
A0B9A720C4BE9829CEF37EA1E13111214D53925356365ADA634861B52519DD27A00AEB808EAF0628E6F435519D446F45CF2C9CF5214F0A15B2F6D06B79DA3EE3CBF7F56780D2F4E7EF73A0F5E5B02A38D07DC852C6B7C1FBB6664213E0C39E3EBA7FF4E1AD23EA2829407C85E586727488B751B2DB9502BC7B228A3FD68B6E
310
A65A22397E690AA8D158D7E404EC8CDA235CC3B7D1898680131CEC2CDF2638C65196279577750F15884AEE19F94199155B92B13297978469D4F8D358DF0AEF7631E28DC8F0D9F437D5D39A83B2231A1D52D543813A824EF8D44BCFF2FA6A31BD1E8DAD87F1CCB526B3879935BF59CDADD5C37479BB1CDD4CA7B3556B516589
310
EF352754B706114D9C885EC9131DE6EFEB43D99AFE2391C2F958179413D7CFEF6B1B6DB1E7600F00DE6E5C67454A339A4BA2E0FBA85ED26F045D454F463DBFCE484C2F90F2E5E3666003662ED8F755951A7D1BECD5B30B550B2785C8E7320B7292A4838DDA71BBC863ED7613CAF659337A3354231D4FF4A182A54904C2898C
310
98B28C4AD0CE056CCF332A80986E571EE9DBC305BB5FEB7E509220A58D25CF042D712A806AC0AD0C657FDEF80D2D9CEAA2EE4D1C76F60BFE74219A06527D6F82DF6412526107381E55E353090704D085B52408A8913C4ED159D79BDA71BB4BC506F4831350EB6F975CD22D69BF7AC49B91A2C0A9DDA3D5CA36AD20FC478E37
310
E61844E2352865EBCB61A275A65283CAAA9DD27703B4102F5AF51EF5F573B75CBB5AD38BC845F7A49F82A0966A49C2E3EA5EA0ECD326CD965F1DB402C6FA8B51A4658C5C5E2EC9E214602E55810345408596591009A82E7E7FFACA19EEA299B14A0081A705CB3296EBC14CDF658DCD336EA6D1136881AAEB87B81AB9EE53D5
310
F5EB8BC8362082DA24122F98680A4E7930C01A0079749CEA14382A0783E5EBA5A10F8C098456A03D6A4AEB6BB881E2513747552A5DB22C7EDAF83BD5528081A365F7FF06504B0304140006080000CC70623B000000000000000000000000350000006662782F41393633353835312D344632462D344230382D423046372D37
310
39314545314133324237412F76657274696365732E62696E504B0304140006080800CC70623BF270F1330600000004000000360000006662782F41393633353835312D344632462D344230382D423046372D3739314545314133324237412F747269616E676C65732E62696E636660600000504B0304140006080000CC7062
310
3B000000000000000000000000370000006662782F41393633353835312D344632462D344230382D423046372D3739314545314133324237412F617474726962757465732E62696E504B0304140006080800CC70623B08DA0BD19000000041010000360000006662782F41393633353835312D344632462D344230382D4230
310
46372D3739314545314133324237412F6469726563746F72792E786D6C858F410AC3201045AF22B36F53E9A60B35CBEEBAE80D244E44489C6234F4F835464A48035D0DF398FF9F8AF63D0E6CC63039F212F8F9020C7D47C6792B21C5FE7403D62A1188E2E60C98D7234A5830286103A55745067B9D86B8A3CF9C7F90C11DE6
310
07FB144396D7B6A82D282E9A152AD114D5EF2CB866EEE831B8EEA07A7BB5A8D7D61A2BAAEB7FD5F70921FF497D00504B0304140006080800CC70623BEDD1DC58FD000000A00100003B0000006662782F41393633353835312D344632462D344230382D423046372D3739314545314133324237412F7265736F75726365732F
310
636F72652E786D6C8D504B6E833010BD0A9A6D65B00922041947112427E8052C33A156828DFCA97AFC9A40A576D7CDCCE87D344F8F9FBFE667F689CE6B6B3A6039850C8DB2A336530731DC4903D95970676DF82583CCC8193B5861107C72362E3BA4AC096842428D1D7107A5F7182053CF7474E0D507CE32973124857FE48B
310
540F3961CEF244279DE03EB81420DB9EAC1384436FA353E879B1B182C7A8C75DA3C7F453DF353A1075D537A7BA6464B8F535A99AE14A9A2BBD90E350DD183B5CFABE3AF262350B1EF4FC9351399401471025A527C218A1E53BAB5A5AB765F5469B96525EACF23FA6B88CFF34456DC2A1DCE36E360F82A5202F42F062ED2BAD
310
579969AFDD8A6F504B010214000A0000080000CC70623B3DEE336E79000000790000001B00000000000000000000000000000000006175746F6465736B2D64657369676E2D7061636B6167652E786D6C504B01021400140006080800CC70623BD486FD9CA0000000F40000001300000000000000000000000000B20000005B
310
436F6E74656E745F54797065735D2E786D6C504B01021400140006080800CC70623B853B8169EB0000007C010000080000000000000000000000000083010000636F72652E786D6C504B01021400140006080800CC70623B55019EA25F0000007C000000070000000000000000000000000094020000636E782E786D6C504B
310
01021400140006080800CC70623BDBABAAF470010000D40300000C00000000000000000000000000180300006662782F636F72652E786D6C504B01021400140006080800CC70623B9C113CC27E0000009D0000000B00000000000000000000000000B20400006662782F636E782E786D6C504B01021400140006080800CC70
310
623B7DF2F77C2A010000120200003100000000000000000000000000590500006662782F41393633353835312D344632462D344230382D423046372D3739314545314133324237412F636F72652E786D6C504B01021400140006080800CC70623BAD7543B64E010000330300003000000000000000000000000000D2060000
310
6662782F41393633353835312D344632462D344230382D423046372D3739314545314133324237412F636E782E786D6C504B01021400140006080800CC70623BE75B7789680500003C10000034000000000000000000000000006E0800006662782F41393633353835312D344632462D344230382D423046372D3739314545
310
314133324237412F6F626A656374732E786D6C504B01021400140006080000CC70623B0000000000000000000000003500000000000000000000000000280E00006662782F41393633353835312D344632462D344230382D423046372D3739314545314133324237412F76657274696365732E62696E504B01021400140006
310
080800CC70623BF270F133060000000400000036000000000000000000000000007B0E00006662782F41393633353835312D344632462D344230382D423046372D3739314545314133324237412F747269616E676C65732E62696E504B01021400140006080000CC70623B0000000000000000000000003700000000000000
310
000000000000D50E00006662782F41393633353835312D344632462D344230382D423046372D3739314545314133324237412F617474726962757465732E62696E504B01021400140006080800CC70623B08DA0BD1900000004101000036000000000000000000000000002A0F00006662782F41393633353835312D344632
310
462D344230382D423046372D3739314545314133324237412F6469726563746F72792E786D6C504B01021400140006080800CC70623BEDD1DC58FD000000A00100003B000000000000000000000000000E1000006662782F41393633353835312D344632462D344230382D423046372D3739314545314133324237412F7265
310
736F75726365732F636F72652E786D6C504B0506000000000E000E0080040000641100000000
  0
XRECORD
  5
1F8
102
{ACAD_REACTORS
330
1F7
102
}
330
1F7
100
AcDbXrecord
280
     1
 70
     1
 90
429727718
  1
30362254-06B7-45E0-A893-8CFA70E3D6BC
310
504B03040A0000080000CC70623B3DEE336E79000000790000001B0000006175746F6465736B2D64657369676E2D7061636B6167652E786D6C3C3F786D6C2076657273696F6E3D22312E302220656E636F64696E673D227574662D3822203F3E3C666F726D6174733E3C666F726D61743E687474703A2F2F736368656D612E
310
6175746F6465736B2E636F6D2F64657369676E2D7061636B6167652F323030393C2F666F726D61743E3C2F666F726D6174733E504B0304140006080800CC70623BD486FD9CA0000000F4000000130000005B436F6E74656E745F54797065735D2E786D6C7D8EC10E82300C865F65E91D8A1E8C310C0EEA1BF002731658846E
310
D98AC1B77784ABF1D8FE5FBFBF75BBCE937A534CCEB38643598122B6FEE978D0B0485F9C41B54DDD7D022595594E1A469170414C76A4D9A4D207E29CF43ECE46F218070CC6BECC4078ACAA135ACF422C856C0E68EA1BF5669944DDD7BCDE7B1F8E415D77AECB980613C2E4AC91FC167A2B244592486606FC29C8FD7F045B9A
310
EF7053A7E60B504B0304140006080800CC70623B1EC5D7A3EB0000007C01000008000000636F72652E786D6C8D90416EC3201045AF82665B6103C6756C6122AB4D4ED00B204C5C94182C03558F5F9C3852BBEB6A467FFE9B197D71FC9E6FE8CBACC17AD7032D0820E3B41FAD9B7A48F1820F808E52ACDEC75F36404ECDA687
310
4D0629A6D5A76597B477D1B89855E747B38B2A041301E95B6E7A08FAD3CCAA50296647B8168BD2573599823EBB0CA76447F43862C7BCCF5EAC59410E4DDD9C7973C2755553CCCFA4C603E3040F1565ED3B1FDE4E432BCA0D9622DAF9795FAF464533826484B498524CD807E51D79ED187F21878E10516EF63F505AC67F42C9
310
BA58B1FDDD071640D2FCC87D2045B96591CB3DA85CB7DCE40F504B0304140006080800CC70623B55019EA25F0000007C00000007000000636E782E786D6C4DCB3B0E80201045D1AD90E915ED2CF8AC45050C11660C8261F98AB1B07AC9C97D42D718D865D3E909258CFD00CCE24AC6E326A164D74DC0B4128928FF32603847
310
2BA13128B1252AC747C6BAB984FC68F0B87FE8960A5C09FE86CFB69FBA01504B0304140006080800CC70623B8C9102E971010000D40300000C0000006662782F636F72652E786D6CC5535B6E833010BC8AE5DF0A6C08340F1947A84D4ED00B38C6A128602363A31CBFCB234A53A551FA553EC09AD9F5CE8C31DB9E9B1AF5CA
310
7695D1198E428A91D2D214952E33ECDD315861B4E5CC1AE3BE9561A445A3323CC098B3D21ADFCE9034DA29ED00D5A6503328BA4E398C640D8B0C77F253352214DE4145770A5B214FA2546114020D759C75CE8200340D19DE981F0F6746269C33EFAB6266AB02A655C74A59CCF365BADC27CB5D902ED22848F6340DF238A141
310
BE88E2F57B92BFEDF23523433367AE6A2EEAA455C2A902F398D2751045018D3FA264435F3771F242571B4A1919CA6F9A7C5B3CD9E42BED16F12C776AEB308F40C848FC700B1139D4891EF410CEC810227CC6846F8386402064270EF5C5C709A05E49676C024C61FC95EA45ED154CA5211D1FF4FB8291A913A68E9B83EBBB33
310
E2A7673CDE118E5AE8124C0807CB8377834E366998436B950D7A7746DAD846D4CFD978E0F04FD455FC5D49D2D4C6FE9722321F10997F0F32DC47FE05504B0304140006080800CC70623BFFEA85907E0000009D0000000B0000006662782F636E782E786D6C4DCCD10A83201886E15B91FFDC95D95A811AB6F23E625948A6C3
310
E9D8E5AF46073BFAE0E1E365ED67B3E8ADC3CB78C7815C7240DA3DFC64DCC221C519D7805AC182F7F1EF06C88D9BE6703008B6049F9E274D7A1E938DBB5AE3D6131B2589BA0D3D965551E0B2EA732C9B9A624AAEB41E3A557677029960D9AFB4EF11165F504B0304140006080800CC70623B4FEEA4082C0100001202000031
310
0000006662782F39464131463745442D413632322D343644302D413938332D3331353338454246344243312F636F72652E786D6C8D515B6EC32010BC0AE2AB55850DD871ED0813254D72825EC00192A2C460F1A872FC42ED48ED5F7E00CDCECCCEB26C731F6FE05B39AFADE921293004CA082BB5B9F43086336A21D870E6AC
310
0D7F68109861543DCC30E4ECE26C9C164858139409093556AA051CBC570102714B8F1E7AF1A5C6A11862480C7F2DA6415C878B2A4891CA89C7990F2E050073937C42DE1DB7E4F87ED8A36D4329AA9B3D46DBAEAD504556557BD81DEBDD0761E52CE42C462D17B996298E3E6BE59E35C962CE821E1FF18553435012728A7187
310
0841987E927A8D9B35ADDF70BBC6989599FE4F1427F9A4286A132ABAC49D651EF234CD5CE04CDA78BA3DC2A8FB645D00B9DF8B57E215725C60BCA2A463E54C4CE327C7A65E1C7DB02E7DEFCBF594B864C5CA6CDBD49C957943E9FA5D5FBAF336F90F504B0304140006080800CC70623BAD7543B64E01000033030000300000
310
006662782F39464131463745442D413632322D343644302D413938332D3331353338454246344243312F636E782E786D6CD593CD6EC32010845F0571AD6CE3D48AD20813A9873E410FBD12D82434182C7EAAE6EDBB2424CD25871E7B41D6EC30B3FA84F9E67BB2E40B4234DE8DB46F1925E094D7C6ED479AD3AE5951B2113C
310
789FEE6C943839C1488B4C05DF079FE72A69D8C96C13AAD6B8631503449F83828872B949AC57D26200B826A308D316B4064D6E46FCDA41C05550DC9E483A00797BFD207EFB092A45DE9514C1BBD22178396BD39D891265658C238DEA00936C654E5E433CB65A26D9F6EDB5EBC14EBF49A45CB856E66048291F6939A9A81BB5
310
C8917738143CA680F4AA299D66A042CEB3354A2684DC9D8D178FE0D9B8B41CAAD720F880EE7EF93C0C18769E099ECC04D5A102C8049A8A05632F4DDF376CF1DE0F6BB65C2F8627B65A33C6BB62177CEBBDAD973006829F89F22E814B54F4BC2BE347F8AA8F681390B50FA73F804400B5F542E796F19FF974E7F78DB802FE05
310
E207504B0304140006080800CC70623B16AB87BA640500003C100000340000006662782F39464131463745442D413632322D343644302D413938332D3331353338454246344243312F6F626A656374732E786D6CAD575B6FA33818FD2B887DE6924B3BED8A326A92B68A663B534DD4D13E548A0C38942D60649B369D5FBFC7
310
600890A493BDE42160637FD7F31D7FF63E6FB3D478A55C242CBF3247B66B1A340F5994E4F19559CA8D75611A9F7D8F33263BCB4C232719BD32D5B4E97B316765A1A722BA21652A07B3B7B33F0D11D29C9A46981221AE4C113ED38CD8A4942CA2E2C58E882476BCD9DA23BB5ED8171B73523C0F841684D35CC252CCE79062D4
310
468DFA43D7747CCF51DF7D4FFDEB5593E3AB9CCA9FBEFE241792E4E19EB28198C968BAB8199F5D5A67D3E9C49A9E8F47D6EC76B6B0469F26EEFC7C3EBFBCBEB98462213924694B38DD98FE1D62C393D073EA4FADC5DAF04326852CCF6958F90F0F2B9BB5C48816348F90C7840A68EB78EDF68723159BCEE7891A6B95DDE9D3
310
BCEAEEE8086A6C6F9E5D4B59F0175C10A7A0820BAA5055C7473B5AE3CFDD452D602CD5DF12616444529E90D448938013FE6EFA58AA96F85E4F8C42275708571E98FE6827AF6B2B4AE3D7D83D64E5A64C53054DD3AF90BD06FEA9149565C94FCA0F6B834DC85599E4F2423B24DF0B6AFA979E534DFA9E7A4CC6FA631D486393
310
921829879BF5D781A373557BCB85E97FB90DB62B558F8795179C15944B051F40AB495CF35451D26A4727654E6D8033BD98EF82F21D91FF8AF2DD9982BCF1643BDD4EB516C9492E368C67C88DED563FC36D5EACF66DFF057C3658BDBFA69DF9578B3DA735B64F18C7F20770A9D45CFCF7FCF563D6456A277DBEF78A02637CA2
310
43B90A490AEAB94F72244481D24819A6C0E59B606BFA4B3025981DBB48EAB701D97BF19C577CC77F2D1B6C55A9EF3C732474C0B727303F625995056C3B02963D9EAC146BE78EC5FCEC7FA999EBC5EACBAAE41B12D27B4D2C0BBA49F244E2ECDC81B76B502F113D8F5EE8FB1BE3111CDD4FC2AA9B844CAB1288B68AB90A7CDC
310
1C166AB0D3DC5310625FCC14E779BFD0709F8890A629C9292B1B2DED31A4B0DA928CEE135085754027E3018A397D4D5427D15BD1330B677DC8934285AC3DF45A9EB68FF8F2B8FC0A509AFEECFD0FF2DE25CC6047F7214B195F07EFEB9A094D800F7BFAE8FED187B78EA8A3A400F115961BCAD1215E47C966530AF0EE8128FE
310
58CEBB996A8964FFA529A046635D9353B0336A8F700DDF46271A024E70B0B37C9DE01847591E54DED53D54202AB947E4076556AC49C6CA5C9E1226B7F1A7B1BE15DEED62C41B91E1B3E9AFAAA735036547343A925075041DF0A9979E893B391F8FCFA6967B3EFB644DCF6E5CEBFAE272625DCC6FAF3FB93793C5F90CE1EF57
310
407342756B10D1C489E8953CD1617E5CEECAD6F4EF8914CE5D5D504E5C3F1F9736DA62CFC11E00BCDDB8CC8A9466349744C1F75EBDA4DF09BA8A9E8C7A7E9991989E20E5DBDD6A6003664ED8F7A04A8DBE0DF6EAD9B9AA858342E47399053949D2C146EDB85DE4B176BB0965FBAC19BD19AA918E27FA50C1D22402E144464C
310
59462568E704B6E71915404CB72B8FF4EDE184DDAF753F284990D2C6926782963815403548A70C657FDEF80D2D9CEAA2AE4C1C76F60BFE74219A06527D6582DF6412526107381E55E353090704D085B52408D0933C4ED159D79BDA71BB4BC506F4831350EB6F979CD22D69BF7AC49B91A2C0A9DDA3D5CA36AD20FC478E37E6
310
1844E2352865EBCB6EA275A652E3836BE04EFB400BF1A2556F515F1FBB35B2AB35BD889C744FFA1004B5544B121E57F70215746DD2F5E2C1412B602CBF19455AC6C8E5E9922C4E01E65215385004546899059180EAFCF7A707CE7017CD8CDB0410789AB32C63B91E5CEBBBACB17AC6CD347A022D5075FD106377347AAABA7E
310
7D11590744509B44E205134DC1290F06580320F78E537D3D73540E06CB970B431F185308AD40BBD794D6D77003C5A36E8EAA54BA64597CD8F83BD552A080A365F7FF06504B0304140006080000CC70623B000000000000000000000000350000006662782F39464131463745442D413632322D343644302D413938332D3331
310
353338454246344243312F76657274696365732E62696E504B0304140006080800CC70623BF270F1330600000004000000360000006662782F39464131463745442D413632322D343644302D413938332D3331353338454246344243312F747269616E676C65732E62696E636660600000504B0304140006080000CC70623B
310
000000000000000000000000370000006662782F39464131463745442D413632322D343644302D413938332D3331353338454246344243312F617474726962757465732E62696E504B0304140006080800CC70623B08DA0BD19000000041010000360000006662782F39464131463745442D413632322D343644302D413938
310
332D3331353338454246344243312F6469726563746F72792E786D6C858F410AC3201045AF22B36F53E9A60B35CBEEBAE80D244E44489C6234F4F835464A48035D0DF398FF9F8AF63D0E6CC63039F212F8F9020C7D47C6792B21C5FE7403D62A1188E2E60C98D7234A5830286103A55745067B9D86B8A3CF9C7F90C11DE607
310
FB144396D7B6A82D282E9A152AD114D5EF2CB866EEE831B8EEA07A7BB5A8D7D61A2BAAEB7FD5F70921FF497D00504B0304140006080800CC70623B0D6EF93BFE000000A00100003B0000006662782F39464131463745442D413632322D343644302D413938332D3331353338454246344243312F7265736F75726365732F63
310
6F72652E786D6C8D50596E833010BD0A9ADFCA60B334011947A8694ED00B586642AC041B79A97AFC9A40A5F6AF3F33A3B7689E1E3F7DCD8FEC139DD7D6F4C0720A191A65476DA61E62B892236427C19DB5E1970C322367EC618541F0C9D9B8EC90B226A009093576C41D94DE63804C3DD2D18357379C652E63480A7FCF17A9
310
EE72C29CE5894E3AC17D702940B63D59270887DE46A7D0F36263058F518FBB468FE9A7BE6A7420864373B8D4873369AA8691FA421B3294352543C5CAF65C0F6FEF43CB8BD52C78D0F34F46E550061C419494B6843142CB0F5677F4B52BEB177AEC28E5C52AFF638ACBF84F53D42654E51E77B379102C05791282176B5F693D
310
CB4C7BED567C03504B010214000A0000080000CC70623B3DEE336E79000000790000001B00000000000000000000000000000000006175746F6465736B2D64657369676E2D7061636B6167652E786D6C504B01021400140006080800CC70623BD486FD9CA0000000F40000001300000000000000000000000000B20000005B
310
436F6E74656E745F54797065735D2E786D6C504B01021400140006080800CC70623B1EC5D7A3EB0000007C010000080000000000000000000000000083010000636F72652E786D6C504B01021400140006080800CC70623B55019EA25F0000007C000000070000000000000000000000000094020000636E782E786D6C504B
310
01021400140006080800CC70623B8C9102E971010000D40300000C00000000000000000000000000180300006662782F636F72652E786D6C504B01021400140006080800CC70623BFFEA85907E0000009D0000000B00000000000000000000000000B30400006662782F636E782E786D6C504B01021400140006080800CC70
310
623B4FEEA4082C0100001202000031000000000000000000000000005A0500006662782F39464131463745442D413632322D343644302D413938332D3331353338454246344243312F636F72652E786D6C504B01021400140006080800CC70623BAD7543B64E010000330300003000000000000000000000000000D5060000
310
6662782F39464131463745442D413632322D343644302D413938332D3331353338454246344243312F636E782E786D6C504B01021400140006080800CC70623B16AB87BA640500003C1000003400000000000000000000000000710800006662782F39464131463745442D413632322D343644302D413938332D3331353338
310
454246344243312F6F626A656374732E786D6C504B01021400140006080000CC70623B0000000000000000000000003500000000000000000000000000270E00006662782F39464131463745442D413632322D343644302D413938332D3331353338454246344243312F76657274696365732E62696E504B01021400140006
310
080800CC70623BF270F133060000000400000036000000000000000000000000007A0E00006662782F39464131463745442D413632322D343644302D413938332D3331353338454246344243312F747269616E676C65732E62696E504B01021400140006080000CC70623B0000000000000000000000003700000000000000
310
000000000000D40E00006662782F39464131463745442D413632322D343644302D413938332D3331353338454246344243312F617474726962757465732E62696E504B01021400140006080800CC70623B08DA0BD190000000410100003600000000000000000000000000290F00006662782F39464131463745442D413632
310
322D343644302D413938332D3331353338454246344243312F6469726563746F72792E786D6C504B01021400140006080800CC70623B0D6EF93BFE000000A00100003B000000000000000000000000000D1000006662782F39464131463745442D413632322D343644302D413938332D3331353338454246344243312F7265
310
736F75726365732F636F72652E786D6C504B0506000000000E000E0080040000641100000000
  0
XRECORD
  5
175
102
{ACAD_REACTORS
330
173
102
}
330
173
100
AcDbXrecord
280
     1
270
     1
271
     1
  0
XRECORD
  5
174
102
{ACAD_REACTORS
330
173
102
}
330
173
100
AcDbXrecord
280
     1
270
     1
271
     1
  0
XRECORD
  5
1FB
102
{ACAD_REACTORS
330
173
102
}
330
173
100
AcDbXrecord
280
     1
 70
     0
 90
1673772943
  1
ECE7A1D2-D628-4531-984C-D00F80459256
310
504B03040A0000080000CC70623B3DEE336E79000000790000001B0000006175746F6465736B2D64657369676E2D7061636B6167652E786D6C3C3F786D6C2076657273696F6E3D22312E302220656E636F64696E673D227574662D3822203F3E3C666F726D6174733E3C666F726D61743E687474703A2F2F736368656D612E
310
6175746F6465736B2E636F6D2F64657369676E2D7061636B6167652F323030393C2F666F726D61743E3C2F666F726D6174733E504B0304140006080800CC70623BD486FD9CA0000000F4000000130000005B436F6E74656E745F54797065735D2E786D6C7D8EC10E82300C865F65E91D8A1E8C310C0EEA1BF002731658846E
310
D98AC1B77784ABF1D8FE5FBFBF75BBCE937A534CCEB38643598122B6FEE978D0B0485F9C41B54DDD7D022595594E1A469170414C76A4D9A4D207E29CF43ECE46F218070CC6BECC4078ACAA135ACF422C856C0E68EA1BF5669944DDD7BCDE7B1F8E415D77AECB980613C2E4AC91FC167A2B244592486606FC29C8FD7F045B9A
310
EF7053A7E60B504B0304140006080800CC70623BD9DDAED0EC0000007C01000008000000636F72652E786D6C8D90416EC3201045AF82665B61836D9CD8C2444DD39CA01740405C94182C03558F5F9C3852BBEB6A467FFE9B197D7EF89E6EE8CB2CC17A37002D0820E394D7D68D03A478C17B4007C117EFE32F1B20272733C0
310
2A83E0E3E2D3BC49CABB685CCCAAF3DA6CA20CC14440EA969B0182FA34932C648AD911AEC52CD5558EA6A0CF2EC329598D1E47ACCEFBECC59A050463A7EA5833865FEBDD0E37353BE3EE8DBDE3F6786A48D375FBF6CC78B9C282473B3DEFABC5C86834888A900E538A49F5419B9EB47DD5BC907D4F082F57FB1F28CDFA9F50
310
B22ED6D5F6EE030B20687EE43E10BC5CB3C8E51E54AE6B6EE207504B0304140006080800CC70623B55019EA25F0000007C00000007000000636E782E786D6C4DCB3B0E80201045D1AD90E915ED2CF8AC45050C11660C8261F98AB1B07AC9C97D42D718D865D3E909258CFD00CCE24AC6E326A164D74DC0B4128928FF326038
310
472BA13128B1252AC747C6BAB984FC68F0B87FE8960A5C09FE86CFB69FBA01504B0304140006080800CC70623BA24EB22D72010000D40300000C0000006662782F636F72652E786D6CC5535B6E833010BC8AE5DF0A6C5E49888CA3A6694ED00B38E05014B091B1518EDFE511A5A9D228FD2A1F60CDEC7A67C6986DCE4D8D7A
310
69BA4AAB0C073EC548AA5C17952A33ECECD15B61B4E1CC686DBF9561A44423333CC098B3D268D7CE50AE9595CA02AA74216750749DB418E5352C32DCE59FB211BE70162ABA93DF8AFC244AE9073ED050C759670D0840D390E18DF9F1706664C23973AE2A66B62A605A75ACA4C13C4976E1364A12EF355A2EBD384AF65EFA96
310
BC7B8BED2EA6719AAE16FB8491A199335B351775B991C2CA02F390D2D40B028F861F41BCA68B7518BFD0D59A524686F29B26D7164F36B94AD9289CE54E6D1DE6010819891F6E21228B3AD1831EC219194284CF98F06DD01008846CC5A1BEF83801D4CBDC6A1303536877A57A513B0953A94FC707FDBE6064EA84A9E3E6E0FA
310
EE8CF0E9198F7784A316AA0413C2C2F2E0ECA0934D1AE6D05A69BCDE9E91D2A611F573361E38FC1375157F5752AE6B6DFE4B11990F88CCBF0719EE23FF02504B0304140006080800CC70623B408A7D3B7C0000009D0000000B0000006662782F636E782E786D6C4DCCD10A83201886E15B91FFDC552A92A0064DBC8F581632
310
D3703A76F9ABD1C18E3E78F878E5F0D9027ABBFCF2292AE86E2D20171F69F6715550CB827B40839639A5F2770314A7CD293819B45C73AAFB45B35BA61ACAA1C1C7E7855C58C15BC331339661262CC762340413D68D77DA5B42298546CBE6573AF60CEB2F504B0304140006080800CC70623B449FB9BD290100001202000031
310
0000006662782F36394639363044362D344446342D343946362D394244322D3234314243333846323333332F636F72652E786D6C8D515B6EC32010BC0AE22B55850D98B871848994463E412FE002495162B07854397EA176A4F62F3F2C9A9D991D587EB84F37F0AD7D30CEF6905418026DA553C65E7A98E219ED203808EE9D
310
8B7F6810D871D23D2C3014FCE25D9A57483A1BB58D19B54EE9151C43D0110279CB971E06F9A5A7B11A53CC8C70ADE6515EC78BAE4895DB992778883E0700CB907242D17643D7E2538BD869608875438BBAE38922CAC8F1BDD90DB4691A5E2F42C153326A951B95E398B3D1FE599322163C9AE9115F7A3D46ADA0A018778810
310
84E907617BDCEE297BC5BB3DC6BC2EF47FA234AB2745C9D8D8D035EE220B50105E2F0DC1954B9FB747187D9F9D8FA0CCDB042D5FA0C015C65B42DF78BD10F3F3B363CB56C7109DCFDFBBB97E662ED92EB62D13BC2E1BCAE5777DB9966D8A1F504B0304140006080800CC70623BAD7543B64E01000033030000300000006662
310
782F36394639363044362D344446342D343946362D394244322D3234314243333846323333332F636E782E786D6CD593CD6EC32010845F0571AD6CE3D48AD20813A9873E410FBD12D82434182C7EAAE6EDBB2424CD25871E7B41D6EC30B3FA84F9E67BB2E40B4234DE8DB46F1925E094D7C6ED479AD3AE5951B2113C789FEE
310
6C943839C1488B4C05DF079FE72A69D8C96C13AAD6B8631503449F83828872B949AC57D26200B826A308D316B4064D6E46FCDA41C05550DC9E483A00797BFD207EFB092A45DE9514C1BBD22178396BD39D891265658C238DEA00936C654E5E433CB65A26D9F6EDB5EBC14EBF49A45CB856E66048291F6939A9A81BB5C89177
310
38143CA680F4AA299D66A042CEB3354A2684DC9D8D178FE0D9B8B41CAAD720F880EE7EF93C0C18769E099ECC04D5A102C8049A8A05632F4DDF376CF1DE0F6BB65C2F8627B65A33C6BB62177CEBBDAD973006829F89F22E814B54F4BC2BE347F8AA8F681390B50FA73F804400B5F542E796F19FF974E7F78DB802FE05E20750
310
4B0304140006080800CC70623B8D05915C650500003B100000340000006662782F36394639363044362D344446342D343946362D394244322D3234314243333846323333332F6F626A656374732E786D6CAD575B6FA33814FE2B887D06429276DA1565D4266D158D3A339A6846FB502932E050B66023DB74D2FDF5FB190C01
310
9276B2973C046C8ECFF53B17071F77456EBD502133CEAE6CDF9DD81665314F32965ED995DA3A17B6F5310C04E7AA47665B8C14F4CAD6DB7618A48257A5D94AE89654B91AEDDEDDFC61C998326A5B714EA4BCB265FC440BE2924AF184CA6737218AB8E976E7FA6E4338649B0A523E8D98964450A6A029F619B8588D52FE7039
310
B1BD30F0F4F730D0FF866AF6369557DB33949F31A9088B0F848DD8CCFCF9F2767A76E99CCDE733677E3EF59D9BBB9BA5E37F984D16E78BC5E5F5ED25044B25C0C96822E8D60EEFE11B91C581D77CEA34368A1F5329E68CD1B8B61F16D63A1B8E092D294B10C78C4A48EB593D192E7DED9BDEE7995E1B91FDEDD3ACEA9FE831
310
6A756F9F7D4D79F4274C90A7A04248AA51D5F8C718DAE06FB2F75AC4796EBE65D22A88A22223B995679120E2D50E41AA49C260C046A35368846B0BECD0DFF3EBEB8AD4F835768F69B9ADF25C43D30E6B646F807FAA64AD59F61715C7A54127C4AACA98BA3006A9D792DAE165E0D59B61A01FB3A9F9D838D2DAE62445C86166
310
F37564E842E7DE6A69879FEEA2DD5AE7E371E1A5E025154AC307D06A03D73EB5978C58FFA4C8E9033066E0F3BD53BEC1F39F91BE7B55103791EDE6BBB991A2046172CB4581D8B893FA674DDA17A77B3B7C413D1B511FD2743BFF8A38F03A658705E3ADF8015C3A3417FF3D7E439FF591DA0B5F18BC20C1B8981957AE6392A3
310
F43C640C01D1A0B4728E2DD4F26DB4B3C3152A252A3B4E913CEC1C72F012782FF88EFF8637AA552DBEF76408E8A8DE9E50F9E1CB3A2DA0DB1B6039A893B56063DC5B3E3FFB5F72E67AB9FEB4AEC496C4F4C1149625DD662C53E89D7BF0F6151A046260D1337DFDC94502430F83B0EE07A130A224BCAD7DAE1D9FB6CD422FF6
310
920702629C4BB9AE79C12F243C6432A6794E18E5552BA56B431AAB5D91317302B2B071E86C3A42B1A02F999E24061403B5D0EB639195DA655DD3EBEAB4FB862DDF579F014AD0E73C22F99E28DA57FB98E75C6CA2D74D53086D600F4786E0FE3144B771A8A7B900F03594DB8A633CBC49B2EDB69228BB479CF863B5E807AAAB
310
23872F6DFEB4129B949CA33823F58830E86D65621E10047D9DB34D862E8EAC3C2ABC2F7B2C40D67CDFE01F5545B92105AF983AC54D93D69E56FB8E797F88913F898A9FEC705D3F9D1B54EC8426FB500D40A03BD0119B06E1B95DDC7EB8F6975367793EBD70E66733DFB9BC982F9CE564727731999F5D4ECFCE3B8D6A4DC2A0
310
6D50FD148437D110834A64C6CDDF57FBACB5C307A2A477DFE4939736CFEF2B175371E0E10CF0DD1D5C15654E0BCA14D1E87DD02FF93782A162C0A3D95F1524A52770F972BF1EE9809D13CE7DD599467F8ECE9ADD85CE85A34CD45355448C64F9E8A031DC2D596ACC6E5DD93D9B82DE2EF5CAF81363A8E47996A0DE24564A79
310
4115AACE09C55E14540231FDA13C319787134EBF34E3A022514E5B4D9E0826E25C02D5805B15ABE1BEF51B26383D445DD9E875EE33FE4C22DA16427D65A3BCA92CA6D28DD01DF5DC53330704308475351050232CCD31583787BA75774AFB06E5070DD0C8EF484E19968C5D83BA5B90B244D31E54D55A372320FE4786B7EA58
310
44E135AA5467CB7EA333A61683CC6A8C3257034C10CF46F40EF9F5BE59BE5BD30C3C72D235E95D10345C1D45445A5F0BB47E46A5EBE5570F9380B5FA629579952296A773720405982B9DE04011506178964401AA8BDF1FBF0A8EAB6861DD6580C0E38217056766716DAEB2D6FA0917D3E4116581EADB879C4E7CFFB11EFACD
310
3D641311495D92C8676CB409A72D18610D803CE8A626049E8EC1887CB5B44CC39883690DDA8399B4B9855B481E7D71D4A9D22F96E5BB73BF5793020C02137BF837504B0304140006080000CC70623B000000000000000000000000350000006662782F36394639363044362D344446342D343946362D394244322D32343142
310
43333846323333332F76657274696365732E62696E504B0304140006080800CC70623BF270F1330600000004000000360000006662782F36394639363044362D344446342D343946362D394244322D3234314243333846323333332F747269616E676C65732E62696E636660600000504B0304140006080000CC70623B0000
310
00000000000000000000370000006662782F36394639363044362D344446342D343946362D394244322D3234314243333846323333332F617474726962757465732E62696E504B0304140006080800CC70623B08DA0BD19000000041010000360000006662782F36394639363044362D344446342D343946362D394244322D
310
3234314243333846323333332F6469726563746F72792E786D6C858F410AC3201045AF22B36F53E9A60B35CBEEBAE80D244E44489C6234F4F835464A48035D0DF398FF9F8AF63D0E6CC63039F212F8F9020C7D47C6792B21C5FE7403D62A1188E2E60C98D7234A5830286103A55745067B9D86B8A3CF9C7F90C11DE607FB14
310
4396D7B6A82D282E9A152AD114D5EF2CB866EEE831B8EEA07A7BB5A8D7D61A2BAAEB7FD5F70921FF497D00504B0304140006080800CC70623BCA768048FE000000A00100003B0000006662782F36394639363044362D344446342D343946362D394244322D3234314243333846323333332F7265736F75726365732F636F72
310
652E786D6C8D50596E833010BD0A9ADFCA60D600328E9AA639412F609909B1126CE4A5EAF16B0295DABFFECC8CDEA2797AECF8353F924FB44E193D409E5248504B332A3D0D10FC95B4901C39B3C6F85F3248B49871801506CE266BC2B243D2688FDA47549B11775038871E12F988C7004EDE7016A9083E2ADC3D5D84BC8B09
310
D33C8D74D471E6BC8D0192EDC93A815B742658898E651BCB59086ADC356A8C3FD555A1055ED7E7E254D615792D0F075295F585746FF53B694EE78A565DD736979A65AB9933AFE69F8CD2A2F038022F28ED489E135A7CE4554F9BBEA85E68DB53CAB255FEC71496F19FA6A0B42F8B3DEE6673C0F318E4497096AD7DC5F52C33
310
EEB55BFE0D504B010214000A0000080000CC70623B3DEE336E79000000790000001B00000000000000000000000000000000006175746F6465736B2D64657369676E2D7061636B6167652E786D6C504B01021400140006080800CC70623BD486FD9CA0000000F40000001300000000000000000000000000B20000005B436F
310
6E74656E745F54797065735D2E786D6C504B01021400140006080800CC70623BD9DDAED0EC0000007C010000080000000000000000000000000083010000636F72652E786D6C504B01021400140006080800CC70623B55019EA25F0000007C000000070000000000000000000000000095020000636E782E786D6C504B0102
310
1400140006080800CC70623BA24EB22D72010000D40300000C00000000000000000000000000190300006662782F636F72652E786D6C504B01021400140006080800CC70623B408A7D3B7C0000009D0000000B00000000000000000000000000B50400006662782F636E782E786D6C504B01021400140006080800CC70623B
310
449FB9BD290100001202000031000000000000000000000000005A0500006662782F36394639363044362D344446342D343946362D394244322D3234314243333846323333332F636F72652E786D6C504B01021400140006080800CC70623BAD7543B64E010000330300003000000000000000000000000000D20600006662
310
782F36394639363044362D344446342D343946362D394244322D3234314243333846323333332F636E782E786D6C504B01021400140006080800CC70623B8D05915C650500003B10000034000000000000000000000000006E0800006662782F36394639363044362D344446342D343946362D394244322D32343142433338
310
46323333332F6F626A656374732E786D6C504B01021400140006080000CC70623B0000000000000000000000003500000000000000000000000000250E00006662782F36394639363044362D344446342D343946362D394244322D3234314243333846323333332F76657274696365732E62696E504B010214001400060808
310
00CC70623BF270F13306000000040000003600000000000000000000000000780E00006662782F36394639363044362D344446342D343946362D394244322D3234314243333846323333332F747269616E676C65732E62696E504B01021400140006080000CC70623B00000000000000000000000037000000000000000000
310
00000000D20E00006662782F36394639363044362D344446342D343946362D394244322D3234314243333846323333332F617474726962757465732E62696E504B01021400140006080800CC70623B08DA0BD190000000410100003600000000000000000000000000270F00006662782F36394639363044362D344446342D
310
343946362D394244322D3234314243333846323333332F6469726563746F72792E786D6C504B01021400140006080800CC70623BCA768048FE000000A00100003B000000000000000000000000000B1000006662782F36394639363044362D344446342D343946362D394244322D3234314243333846323333332F7265736F
310
75726365732F636F72652E786D6C504B0506000000000E000E0080040000621100000000
  0
XRECORD
  5
176
102
{ACAD_REACTORS
330
173
102
}
330
173
100
AcDbXrecord
280
     1
270
     1
271
     1
  0
XRECORD
  5
177
102
{ACAD_REACTORS
330
173
102
}
330
173
100
AcDbXrecord
280
     1
270
     1
271
     1
  0
XRECORD
  5
7E6
102
{ACAD_REACTORS
330
7E5
102
}
330
7E5
100
AcDbXrecord
280
     1
102
DISPLAYNAME
  1
Metric50
102
FLAGS
 90
        0
  0
CELLSTYLEMAP
  5
7AB
102
{ACAD_REACTORS
330
162
102
}
330
162
100
AcDbCellStyleMap
 90
        3
300
CELLSTYLE
  1
TABLEFORMAT_BEGIN
 90
        5
170
     1
 91
        0
 92
    32768
 62
   257
 93
        1
300
CONTENTFORMAT
  1
CONTENTFORMAT_BEGIN
 90
        0
 91
        0
 92
      512
 93
        0
300

 40
0.0
140
1.0
 94
        5
 62
     0
340
11
144
6.0
309
CONTENTFORMAT_END
171
     1
301
MARGIN
  1
CELLMARGIN_BEGIN
 40
1.5
 40
1.5
 40
1.5
 40
1.5
 40
4.5
 40
4.5
309
CELLMARGIN_END
 94
        6
 95
        1
302
GRIDFORMAT
  1
GRIDFORMAT_BEGIN
 90
        0
 91
        1
 62
     0
 92
       -2
340
14
 93
        0
 40
1.125
309
GRIDFORMAT_END
 95
        2
302
GRIDFORMAT
  1
GRIDFORMAT_BEGIN
 90
        0
 91
        1
 62
     0
 92
       -2
340
14
 93
        0
 40
1.125
309
GRIDFORMAT_END
 95
        4
302
GRIDFORMAT
  1
GRIDFORMAT_BEGIN
 90
        0
 91
        1
 62
     0
 92
       -2
340
14
 93
        0
 40
1.125
309
GRIDFORMAT_END
 95
        8
302
GRIDFORMAT
  1
GRIDFORMAT_BEGIN
 90
        0
 91
        1
 62
     0
 92
       -2
340
14
 93
        0
 40
1.125
309
GRIDFORMAT_END
 95
       16
302
GRIDFORMAT
  1
GRIDFORMAT_BEGIN
 90
        0
 91
        1
 62
     0
 92
       -2
340
14
 93
        0
 40
1.125
309
GRIDFORMAT_END
 95
       32
302
GRIDFORMAT
  1
GRIDFORMAT_BEGIN
 90
        0
 91
        1
 62
     0
 92
       -2
340
14
 93
        0
 40
1.125
309
GRIDFORMAT_END
309
TABLEFORMAT_END
  1
CELLSTYLE_BEGIN
 90
        1
 91
        1
300
_TITLE
309
CELLSTYLE_END
300
CELLSTYLE
  1
TABLEFORMAT_BEGIN
 90
        5
170
     1
 91
        0
 92
        0
 62
   257
 93
        1
300
CONTENTFORMAT
  1
CONTENTFORMAT_BEGIN
 90
        0
 91
        0
 92
      512
 93
        0
300

 40
0.0
140
1.0
 94
        5
 62
     0
340
11
144
4.5
309
CONTENTFORMAT_END
171
     1
301
MARGIN
  1
CELLMARGIN_BEGIN
 40
1.5
 40
1.5
 40
1.5
 40
1.5
 40
4.5
 40
4.5
309
CELLMARGIN_END
 94
        6
 95
        1
302
GRIDFORMAT
  1
GRIDFORMAT_BEGIN
 90
        0
 91
        1
 62
     0
 92
       -2
340
14
 93
        0
 40
1.125
309
GRIDFORMAT_END
 95
        2
302
GRIDFORMAT
  1
GRIDFORMAT_BEGIN
 90
        0
 91
        1
 62
     0
 92
       -2
340
14
 93
        0
 40
1.125
309
GRIDFORMAT_END
 95
        4
302
GRIDFORMAT
  1
GRIDFORMAT_BEGIN
 90
        0
 91
        1
 62
     0
 92
       -2
340
14
 93
        0
 40
1.125
309
GRIDFORMAT_END
 95
        8
302
GRIDFORMAT
  1
GRIDFORMAT_BEGIN
 90
        0
 91
        1
 62
     0
 92
       -2
340
14
 93
        0
 40
1.125
309
GRIDFORMAT_END
 95
       16
302
GRIDFORMAT
  1
GRIDFORMAT_BEGIN
 90
        0
 91
        1
 62
     0
 92
       -2
340
14
 93
        0
 40
1.125
309
GRIDFORMAT_END
 95
       32
302
GRIDFORMAT
  1
GRIDFORMAT_BEGIN
 90
        0
 91
        1
 62
     0
 92
       -2
340
14
 93
        0
 40
1.125
309
GRIDFORMAT_END
309
TABLEFORMAT_END
  1
CELLSTYLE_BEGIN
 90
        2
 91
        1
300
_HEADER
309
CELLSTYLE_END
300
CELLSTYLE
  1
TABLEFORMAT_BEGIN
 90
        5
170
     1
 91
        0
 92
        0
 62
   257
 93
        1
300
CONTENTFORMAT
  1
CONTENTFORMAT_BEGIN
 90
        0
 91
        0
 92
      512
 93
        0
300

 40
0.0
140
1.0
 94
        2
 62
     0
340
11
144
4.5
309
CONTENTFORMAT_END
171
     1
301
MARGIN
  1
CELLMARGIN_BEGIN
 40
1.5
 40
1.5
 40
1.5
 40
1.5
 40
4.5
 40
4.5
309
CELLMARGIN_END
 94
        6
 95
        1
302
GRIDFORMAT
  1
GRIDFORMAT_BEGIN
 90
        0
 91
        1
 62
     0
 92
       -2
340
14
 93
        0
 40
1.125
309
GRIDFORMAT_END
 95
        2
302
GRIDFORMAT
  1
GRIDFORMAT_BEGIN
 90
        0
 91
        1
 62
     0
 92
       -2
340
14
 93
        0
 40
1.125
309
GRIDFORMAT_END
 95
        4
302
GRIDFORMAT
  1
GRIDFORMAT_BEGIN
 90
        0
 91
        1
 62
     0
 92
       -2
340
14
 93
        0
 40
1.125
309
GRIDFORMAT_END
 95
        8
302
GRIDFORMAT
  1
GRIDFORMAT_BEGIN
 90
        0
 91
        1
 62
     0
 92
       -2
340
14
 93
        0
 40
1.125
309
GRIDFORMAT_END
 95
       16
302
GRIDFORMAT
  1
GRIDFORMAT_BEGIN
 90
        0
 91
        1
 62
     0
 92
       -2
340
14
 93
        0
 40
1.125
309
GRIDFORMAT_END
 95
       32
302
GRIDFORMAT
  1
GRIDFORMAT_BEGIN
 90
        0
 91
        1
 62
     0
 92
       -2
340
14
 93
        0
 40
1.125
309
GRIDFORMAT_END
309
TABLEFORMAT_END
  1
CELLSTYLE_BEGIN
 90
        3
 91
        2
300
_DATA
309
CELLSTYLE_END
  0
XRECORD
  5
7C0
102
{ACAD_REACTORS
330
7BF
102
}
330
7BF
100
AcDbXrecord
280
     1
102
RTVSPost2010Prop28
280
     1
102
RTVSPost2010PropOp28
 70
     1
102
RTVSPost2010Prop29
280
     1
102
RTVSPost2010PropOp29
 70
     1
102
RTVSPost2010Prop30
280
     0
102
RTVSPost2010PropOp30
 70
     1
102
RTVSPost2010Prop31
280
     0
102
RTVSPost2010PropOp31
 70
     1
102
RTVSPost2010Prop32
280
     0
102
RTVSPost2010PropOp32
 70
     1
102
RTVSPost2010Prop33
280
     0
102
RTVSPost2010PropOp33
 70
     1
102
RTVSPost2010Prop34
280
     0
102
RTVSPost2010PropOp34
 70
     1
102
RTVSPost2010Prop35
280
     0
102
RTVSPost2010PropOp35
 70
     1
102
RTVSPost2010Prop36
280
     0
102
RTVSPost2010PropOp36
 70
     1
102
RTVSPost2010Prop37
 90
       50
102
RTVSPost2010PropOp37
 70
     1
102
RTVSPost2010Prop38
140
0.0
102
RTVSPost2010PropOp38
 70
     1
102
RTVSPost2010Prop39
140
1.0
102
RTVSPost2010PropOp39
 70
     1
102
RTVSPost2010Prop40
 90
        0
102
RTVSPost2010PropOp40
 70
     1
102
RTVSPost2010Prop41ColorIndex
 90
       18
102
RTVSPost2010Prop41ColorRGB
 90
        0
102
RTVSPost2010PropOp41
 70
     1
102
RTVSPost2010Prop42
 90
       50
102
RTVSPost2010PropOp42
 70
     1
102
RTVSPost2010Prop43
 90
        3
102
RTVSPost2010PropOp43
 70
     1
102
RTVSPost2010Prop44ColorIndex
 90
        5
102
RTVSPost2010Prop44ColorRGB
 90
      255
102
RTVSPost2010PropOp44
 70
     1
102
RTVSPost2010Prop45
280
     0
102
RTVSPost2010PropOp45
 70
     1
102
RTVSPost2010Prop46
 90
       50
102
RTVSPost2010PropOp46
 70
     1
102
RTVSPost2010Prop47
 90
       50
102
RTVSPost2010PropOp47
 70
     1
102
RTVSPost2010Prop48
 90
       50
102
RTVSPost2010PropOp48
 70
     1
102
RTVSPost2010Prop49
280
     0
102
RTVSPost2010PropOp49
 70
     1
102
RTVSPost2010Prop50
 90
       50
102
RTVSPost2010PropOp50
 70
     1
102
RTVSPost2010Prop51ColorIndex
 90
      256
102
RTVSPost2010Prop51ColorRGB
 90
-16777216
102
RTVSPost2010PropOp51
 70
     0
102
RTVSPost2010Prop52
140
1.0
102
RTVSPost2010PropOp52
 70
     0
102
RTVSPost2010Prop53
 90
        2
102
RTVSPost2010PropOp53
 70
     1
102
RTVSPost2010Prop54
  1
strokes_ogs.tif
102
RTVSPost2010PropOp54
 70
     1
102
RTVSPost2010Prop55
280
     0
102
RTVSPost2010PropOp55
 70
     1
102
RTVSPost2010Prop56
140
1.0
102
RTVSPost2010PropOp56
 70
     1
102
RTVSPost2010Prop57
140
1.0
102
RTVSPost2010PropOp57
 70
     1
102
RTVSPropertyOp0
 70
     1
102
RTVSPropertyOp1
 70
     1
102
RTVSPropertyOp2
 70
     1
102
RTVSPropertyOp3
 70
     1
102
RTVSPropertyOp4
 70
     1
102
RTVSPropertyOp5
 70
     1
102
RTVSPropertyOp6
 70
     1
102
RTVSPropertyOp7
 70
     1
102
RTVSPropertyOp8
 70
     1
102
RTVSPropertyOp9
 70
     1
102
RTVSPropertyOp10
 70
     1
102
RTVSPropertyOp11
 70
     1
102
RTVSPropertyOp12
 70
     1
102
RTVSPropertyOp13
 70
     1
102
RTVSPropertyOp14
 70
     1
102
RTVSPropertyOp15
 70
     1
102
RTVSPropertyOp16
 70
     1
102
RTVSPropertyOp17
 70
     1
102
RTVSPropertyOp18
 70
     1
102
RTVSPropertyOp19
 70
     1
102
RTVSPropertyOp20
 70
     1
102
RTVSPropertyOp21
 70
     1
102
RTVSPropertyOp22
 70
     1
102
RTVSPropertyOp23
 70
     1
102
RTVSPropertyOp24
 70
     1
102
RTVSPropertyOp25
 70
     1
102
RTVSPropertyOp26
 70
     1
102
RTVSPropertyOp27
 70
     1
102
RTVSPropertyOp28
 70
     1
102
RTVSPropertyOp29
 70
     1
102
RTVSPropertyOp30
 70
     1
102
RTVSPropertyOp31
 70
     1
102
RTVSPropertyOp32
 70
     1
102
RTVSPropertyOp33
 70
     1
102
RTVSPropertyOp34
 70
     1
102
RTVSPropertyOp35
 70
     1
102
RTVSPropertyOp36
 70
     1
102
RTVSPropertyOp37
 70
     1
102
RTVSPropertyOp38
 70
     1
102
RTVSPropertyOp39
 70
     1
102
RTVSPropertyOp40
 70
     1
102
RTVSPropertyOp41
 70
     1
102
RTVSPropertyOp42
 70
     1
102
RTVSPropertyOp43
 70
     1
102
RTVSPropertyOp44
 70
     1
102
RTVSPropertyOp45
 70
     1
102
RTVSPropertyOp46
 70
     1
102
RTVSPropertyOp47
 70
     1
102
RTVSPropertyOp48
 70
     1
102
RTVSPropertyOp49
 70
     1
102
RTVSPropertyOp50
 70
     1
102
RTVSPropertyOp51
 70
     0
102
RTVSPropertyOp52
 70
     0
102
RTVSPropertyOp53
 70
     1
102
RTVSPropertyOp54
 70
     1
102
RTVSPropertyOp55
 70
     1
102
RTVSPropertyOp56
 70
     1
102
RTVSPropertyOp57
 70
     1
102
RTVSPropertyOp58
 70
     1
102
RTVSPropertyOp59
 70
     1
102
RTVSPropertyOp60
 70
     1
102
RTVSPropertyOp61
 70
     1
102
RTVSPropertyOp62
 70
     1
  0
XRECORD
  5
7BE
102
{ACAD_REACTORS
330
7BD
102
}
330
7BD
100
AcDbXrecord
280
     1
102
RTVSPost2010Prop28
280
     0
102
RTVSPost2010PropOp28
 70
     1
102
RTVSPost2010Prop29
280
     1
102
RTVSPost2010PropOp29
 70
     1
102
RTVSPost2010Prop30
280
     1
102
RTVSPost2010PropOp30
 70
     1
102
RTVSPost2010Prop31
280
     0
102
RTVSPost2010PropOp31
 70
     1
102
RTVSPost2010Prop32
280
     0
102
RTVSPost2010PropOp32
 70
     1
102
RTVSPost2010Prop33
280
     0
102
RTVSPost2010PropOp33
 70
     1
102
RTVSPost2010Prop34
280
     0
102
RTVSPost2010PropOp34
 70
     1
102
RTVSPost2010Prop35
280
     0
102
RTVSPost2010PropOp35
 70
     1
102
RTVSPost2010Prop36
280
     0
102
RTVSPost2010PropOp36
 70
     1
102
RTVSPost2010Prop37
 90
       50
102
RTVSPost2010PropOp37
 70
     1
102
RTVSPost2010Prop38
140
0.0
102
RTVSPost2010PropOp38
 70
     1
102
RTVSPost2010Prop39
140
1.0
102
RTVSPost2010PropOp39
 70
     1
102
RTVSPost2010Prop40
 90
        0
102
RTVSPost2010PropOp40
 70
     1
102
RTVSPost2010Prop41ColorIndex
 90
       18
102
RTVSPost2010Prop41ColorRGB
 90
        0
102
RTVSPost2010PropOp41
 70
     1
102
RTVSPost2010Prop42
 90
       50
102
RTVSPost2010PropOp42
 70
     1
102
RTVSPost2010Prop43
 90
        3
102
RTVSPost2010PropOp43
 70
     1
102
RTVSPost2010Prop44ColorIndex
 90
        5
102
RTVSPost2010Prop44ColorRGB
 90
      255
102
RTVSPost2010PropOp44
 70
     1
102
RTVSPost2010Prop45
280
     0
102
RTVSPost2010PropOp45
 70
     1
102
RTVSPost2010Prop46
 90
       50
102
RTVSPost2010PropOp46
 70
     1
102
RTVSPost2010Prop47
 90
       50
102
RTVSPost2010PropOp47
 70
     1
102
RTVSPost2010Prop48
 90
       50
102
RTVSPost2010PropOp48
 70
     1
102
RTVSPost2010Prop49
280
     0
102
RTVSPost2010PropOp49
 70
     1
102
RTVSPost2010Prop50
 90
       50
102
RTVSPost2010PropOp50
 70
     1
102
RTVSPost2010Prop51ColorIndex
 90
      256
102
RTVSPost2010Prop51ColorRGB
 90
-16777216
102
RTVSPost2010PropOp51
 70
     0
102
RTVSPost2010Prop52
140
1.0
102
RTVSPost2010PropOp52
 70
     0
102
RTVSPost2010Prop53
 90
        2
102
RTVSPost2010PropOp53
 70
     1
102
RTVSPost2010Prop54
  1
strokes_ogs.tif
102
RTVSPost2010PropOp54
 70
     1
102
RTVSPost2010Prop55
280
     0
102
RTVSPost2010PropOp55
 70
     1
102
RTVSPost2010Prop56
140
1.0
102
RTVSPost2010PropOp56
 70
     1
102
RTVSPost2010Prop57
140
1.0
102
RTVSPost2010PropOp57
 70
     1
102
RTVSPropertyOp0
 70
     1
102
RTVSPropertyOp1
 70
     1
102
RTVSPropertyOp2
 70
     1
102
RTVSPropertyOp3
 70
     1
102
RTVSPropertyOp4
 70
     1
102
RTVSPropertyOp5
 70
     1
102
RTVSPropertyOp6
 70
     1
102
RTVSPropertyOp7
 70
     1
102
RTVSPropertyOp8
 70
     1
102
RTVSPropertyOp9
 70
     1
102
RTVSPropertyOp10
 70
     1
102
RTVSPropertyOp11
 70
     1
102
RTVSPropertyOp12
 70
     1
102
RTVSPropertyOp13
 70
     1
102
RTVSPropertyOp14
 70
     1
102
RTVSPropertyOp15
 70
     1
102
RTVSPropertyOp16
 70
     1
102
RTVSPropertyOp17
 70
     1
102
RTVSPropertyOp18
 70
     1
102
RTVSPropertyOp19
 70
     1
102
RTVSPropertyOp20
 70
     1
102
RTVSPropertyOp21
 70
     1
102
RTVSPropertyOp22
 70
     1
102
RTVSPropertyOp23
 70
     1
102
RTVSPropertyOp24
 70
     1
102
RTVSPropertyOp25
 70
     1
102
RTVSPropertyOp26
 70
     1
102
RTVSPropertyOp27
 70
     1
102
RTVSPropertyOp28
 70
     1
102
RTVSPropertyOp29
 70
     1
102
RTVSPropertyOp30
 70
     1
102
RTVSPropertyOp31
 70
     1
102
RTVSPropertyOp32
 70
     1
102
RTVSPropertyOp33
 70
     1
102
RTVSPropertyOp34
 70
     1
102
RTVSPropertyOp35
 70
     1
102
RTVSPropertyOp36
 70
     1
102
RTVSPropertyOp37
 70
     1
102
RTVSPropertyOp38
 70
     1
102
RTVSPropertyOp39
 70
     1
102
RTVSPropertyOp40
 70
     1
102
RTVSPropertyOp41
 70
     1
102
RTVSPropertyOp42
 70
     1
102
RTVSPropertyOp43
 70
     1
102
RTVSPropertyOp44
 70
     1
102
RTVSPropertyOp45
 70
     1
102
RTVSPropertyOp46
 70
     1
102
RTVSPropertyOp47
 70
     1
102
RTVSPropertyOp48
 70
     1
102
RTVSPropertyOp49
 70
     1
102
RTVSPropertyOp50
 70
     1
102
RTVSPropertyOp51
 70
     0
102
RTVSPropertyOp52
 70
     0
102
RTVSPropertyOp53
 70
     1
102
RTVSPropertyOp54
 70
     1
102
RTVSPropertyOp55
 70
     1
102
RTVSPropertyOp56
 70
     1
102
RTVSPropertyOp57
 70
     1
102
RTVSPropertyOp58
 70
     1
102
RTVSPropertyOp59
 70
     1
102
RTVSPropertyOp60
 70
     1
102
RTVSPropertyOp61
 70
     1
102
RTVSPropertyOp62
 70
     1
  0
XRECORD
  5
7CC
102
{ACAD_REACTORS
330
7CB
102
}
330
7CB
100
AcDbXrecord
280
     1
102
RTVSPost2010Prop28
280
     0
102
RTVSPost2010PropOp28
 70
     1
102
RTVSPost2010Prop29
280
     1
102
RTVSPost2010PropOp29
 70
     1
102
RTVSPost2010Prop30
280
     1
102
RTVSPost2010PropOp30
 70
     1
102
RTVSPost2010Prop31
280
     0
102
RTVSPost2010PropOp31
 70
     1
102
RTVSPost2010Prop32
280
     0
102
RTVSPost2010PropOp32
 70
     1
102
RTVSPost2010Prop33
280
     0
102
RTVSPost2010PropOp33
 70
     1
102
RTVSPost2010Prop34
280
     0
102
RTVSPost2010PropOp34
 70
     1
102
RTVSPost2010Prop35
280
     0
102
RTVSPost2010PropOp35
 70
     1
102
RTVSPost2010Prop36
280
     0
102
RTVSPost2010PropOp36
 70
     1
102
RTVSPost2010Prop37
 90
       50
102
RTVSPost2010PropOp37
 70
     1
102
RTVSPost2010Prop38
140
0.0
102
RTVSPost2010PropOp38
 70
     1
102
RTVSPost2010Prop39
140
1.0
102
RTVSPost2010PropOp39
 70
     1
102
RTVSPost2010Prop40
 90
        0
102
RTVSPost2010PropOp40
 70
     1
102
RTVSPost2010Prop41ColorIndex
 90
       18
102
RTVSPost2010Prop41ColorRGB
 90
        0
102
RTVSPost2010PropOp41
 70
     1
102
RTVSPost2010Prop42
 90
       50
102
RTVSPost2010PropOp42
 70
     1
102
RTVSPost2010Prop43
 90
        3
102
RTVSPost2010PropOp43
 70
     1
102
RTVSPost2010Prop44ColorIndex
 90
        5
102
RTVSPost2010Prop44ColorRGB
 90
      255
102
RTVSPost2010PropOp44
 70
     1
102
RTVSPost2010Prop45
280
     0
102
RTVSPost2010PropOp45
 70
     1
102
RTVSPost2010Prop46
 90
       50
102
RTVSPost2010PropOp46
 70
     1
102
RTVSPost2010Prop47
 90
       50
102
RTVSPost2010PropOp47
 70
     1
102
RTVSPost2010Prop48
 90
       50
102
RTVSPost2010PropOp48
 70
     1
102
RTVSPost2010Prop49
280
     0
102
RTVSPost2010PropOp49
 70
     1
102
RTVSPost2010Prop50
 90
       50
102
RTVSPost2010PropOp50
 70
     1
102
RTVSPost2010Prop51ColorIndex
 90
      256
102
RTVSPost2010Prop51ColorRGB
 90
-16777216
102
RTVSPost2010PropOp51
 70
     0
102
RTVSPost2010Prop52
140
1.0
102
RTVSPost2010PropOp52
 70
     0
102
RTVSPost2010Prop53
 90
        2
102
RTVSPost2010PropOp53
 70
     1
102
RTVSPost2010Prop54
  1
strokes_ogs.tif
102
RTVSPost2010PropOp54
 70
     1
102
RTVSPost2010Prop55
280
     0
102
RTVSPost2010PropOp55
 70
     1
102
RTVSPost2010Prop56
140
1.0
102
RTVSPost2010PropOp56
 70
     1
102
RTVSPost2010Prop57
140
1.0
102
RTVSPost2010PropOp57
 70
     1
102
RTVSPropertyOp0
 70
     1
102
RTVSPropertyOp1
 70
     1
102
RTVSPropertyOp2
 70
     1
102
RTVSPropertyOp3
 70
     1
102
RTVSPropertyOp4
 70
     1
102
RTVSPropertyOp5
 70
     1
102
RTVSPropertyOp6
 70
     1
102
RTVSPropertyOp7
 70
     1
102
RTVSPropertyOp8
 70
     1
102
RTVSPropertyOp9
 70
     1
102
RTVSPropertyOp10
 70
     1
102
RTVSPropertyOp11
 70
     1
102
RTVSPropertyOp12
 70
     1
102
RTVSPropertyOp13
 70
     1
102
RTVSPropertyOp14
 70
     1
102
RTVSPropertyOp15
 70
     1
102
RTVSPropertyOp16
 70
     1
102
RTVSPropertyOp17
 70
     1
102
RTVSPropertyOp18
 70
     1
102
RTVSPropertyOp19
 70
     1
102
RTVSPropertyOp20
 70
     1
102
RTVSPropertyOp21
 70
     1
102
RTVSPropertyOp22
 70
     1
102
RTVSPropertyOp23
 70
     1
102
RTVSPropertyOp24
 70
     1
102
RTVSPropertyOp25
 70
     1
102
RTVSPropertyOp26
 70
     1
102
RTVSPropertyOp27
 70
     1
102
RTVSPropertyOp28
 70
     1
102
RTVSPropertyOp29
 70
     1
102
RTVSPropertyOp30
 70
     1
102
RTVSPropertyOp31
 70
     1
102
RTVSPropertyOp32
 70
     1
102
RTVSPropertyOp33
 70
     1
102
RTVSPropertyOp34
 70
     1
102
RTVSPropertyOp35
 70
     1
102
RTVSPropertyOp36
 70
     1
102
RTVSPropertyOp37
 70
     1
102
RTVSPropertyOp38
 70
     1
102
RTVSPropertyOp39
 70
     1
102
RTVSPropertyOp40
 70
     1
102
RTVSPropertyOp41
 70
     1
102
RTVSPropertyOp42
 70
     1
102
RTVSPropertyOp43
 70
     1
102
RTVSPropertyOp44
 70
     1
102
RTVSPropertyOp45
 70
     1
102
RTVSPropertyOp46
 70
     1
102
RTVSPropertyOp47
 70
     1
102
RTVSPropertyOp48
 70
     1
102
RTVSPropertyOp49
 70
     1
102
RTVSPropertyOp50
 70
     1
102
RTVSPropertyOp51
 70
     0
102
RTVSPropertyOp52
 70
     0
102
RTVSPropertyOp53
 70
     1
102
RTVSPropertyOp54
 70
     1
102
RTVSPropertyOp55
 70
     1
102
RTVSPropertyOp56
 70
     1
102
RTVSPropertyOp57
 70
     1
102
RTVSPropertyOp58
 70
     1
102
RTVSPropertyOp59
 70
     1
102
RTVSPropertyOp60
 70
     1
102
RTVSPropertyOp61
 70
     1
102
RTVSPropertyOp62
 70
     1
  0
XRECORD
  5
7D4
102
{ACAD_REACTORS
330
7D3
102
}
330
7D3
100
AcDbXrecord
280
     1
102
RTVSPost2010Prop28
280
     0
102
RTVSPost2010PropOp28
 70
     1
102
RTVSPost2010Prop29
280
     1
102
RTVSPost2010PropOp29
 70
     1
102
RTVSPost2010Prop30
280
     1
102
RTVSPost2010PropOp30
 70
     1
102
RTVSPost2010Prop31
280
     0
102
RTVSPost2010PropOp31
 70
     1
102
RTVSPost2010Prop32
280
     0
102
RTVSPost2010PropOp32
 70
     1
102
RTVSPost2010Prop33
280
     0
102
RTVSPost2010PropOp33
 70
     1
102
RTVSPost2010Prop34
280
     0
102
RTVSPost2010PropOp34
 70
     1
102
RTVSPost2010Prop35
280
     0
102
RTVSPost2010PropOp35
 70
     1
102
RTVSPost2010Prop36
280
     0
102
RTVSPost2010PropOp36
 70
     1
102
RTVSPost2010Prop37
 90
       50
102
RTVSPost2010PropOp37
 70
     1
102
RTVSPost2010Prop38
140
0.0
102
RTVSPost2010PropOp38
 70
     1
102
RTVSPost2010Prop39
140
1.0
102
RTVSPost2010PropOp39
 70
     1
102
RTVSPost2010Prop40
 90
        0
102
RTVSPost2010PropOp40
 70
     1
102
RTVSPost2010Prop41ColorIndex
 90
       18
102
RTVSPost2010Prop41ColorRGB
 90
        0
102
RTVSPost2010PropOp41
 70
     1
102
RTVSPost2010Prop42
 90
       50
102
RTVSPost2010PropOp42
 70
     1
102
RTVSPost2010Prop43
 90
        3
102
RTVSPost2010PropOp43
 70
     1
102
RTVSPost2010Prop44ColorIndex
 90
        5
102
RTVSPost2010Prop44ColorRGB
 90
      255
102
RTVSPost2010PropOp44
 70
     1
102
RTVSPost2010Prop45
280
     0
102
RTVSPost2010PropOp45
 70
     1
102
RTVSPost2010Prop46
 90
       50
102
RTVSPost2010PropOp46
 70
     1
102
RTVSPost2010Prop47
 90
       50
102
RTVSPost2010PropOp47
 70
     1
102
RTVSPost2010Prop48
 90
       50
102
RTVSPost2010PropOp48
 70
     1
102
RTVSPost2010Prop49
280
     0
102
RTVSPost2010PropOp49
 70
     1
102
RTVSPost2010Prop50
 90
       50
102
RTVSPost2010PropOp50
 70
     1
102
RTVSPost2010Prop51ColorIndex
 90
      256
102
RTVSPost2010Prop51ColorRGB
 90
-16777216
102
RTVSPost2010PropOp51
 70
     0
102
RTVSPost2010Prop52
140
1.0
102
RTVSPost2010PropOp52
 70
     0
102
RTVSPost2010Prop53
 90
        2
102
RTVSPost2010PropOp53
 70
     1
102
RTVSPost2010Prop54
  1
strokes_ogs.tif
102
RTVSPost2010PropOp54
 70
     1
102
RTVSPost2010Prop55
280
     0
102
RTVSPost2010PropOp55
 70
     1
102
RTVSPost2010Prop56
140
1.0
102
RTVSPost2010PropOp56
 70
     1
102
RTVSPost2010Prop57
140
1.0
102
RTVSPost2010PropOp57
 70
     1
102
RTVSPropertyOp0
 70
     1
102
RTVSPropertyOp1
 70
     1
102
RTVSPropertyOp2
 70
     1
102
RTVSPropertyOp3
 70
     1
102
RTVSPropertyOp4
 70
     1
102
RTVSPropertyOp5
 70
     1
102
RTVSPropertyOp6
 70
     1
102
RTVSPropertyOp7
 70
     1
102
RTVSPropertyOp8
 70
     1
102
RTVSPropertyOp9
 70
     1
102
RTVSPropertyOp10
 70
     1
102
RTVSPropertyOp11
 70
     1
102
RTVSPropertyOp12
 70
     1
102
RTVSPropertyOp13
 70
     1
102
RTVSPropertyOp14
 70
     1
102
RTVSPropertyOp15
 70
     1
102
RTVSPropertyOp16
 70
     1
102
RTVSPropertyOp17
 70
     1
102
RTVSPropertyOp18
 70
     1
102
RTVSPropertyOp19
 70
     1
102
RTVSPropertyOp20
 70
     1
102
RTVSPropertyOp21
 70
     1
102
RTVSPropertyOp22
 70
     1
102
RTVSPropertyOp23
 70
     1
102
RTVSPropertyOp24
 70
     1
102
RTVSPropertyOp25
 70
     1
102
RTVSPropertyOp26
 70
     1
102
RTVSPropertyOp27
 70
     1
102
RTVSPropertyOp28
 70
     1
102
RTVSPropertyOp29
 70
     1
102
RTVSPropertyOp30
 70
     1
102
RTVSPropertyOp31
 70
     1
102
RTVSPropertyOp32
 70
     1
102
RTVSPropertyOp33
 70
     1
102
RTVSPropertyOp34
 70
     1
102
RTVSPropertyOp35
 70
     1
102
RTVSPropertyOp36
 70
     1
102
RTVSPropertyOp37
 70
     1
102
RTVSPropertyOp38
 70
     1
102
RTVSPropertyOp39
 70
     1
102
RTVSPropertyOp40
 70
     1
102
RTVSPropertyOp41
 70
     1
102
RTVSPropertyOp42
 70
     1
102
RTVSPropertyOp43
 70
     1
102
RTVSPropertyOp44
 70
     1
102
RTVSPropertyOp45
 70
     1
102
RTVSPropertyOp46
 70
     1
102
RTVSPropertyOp47
 70
     1
102
RTVSPropertyOp48
 70
     1
102
RTVSPropertyOp49
 70
     1
102
RTVSPropertyOp50
 70
     1
102
RTVSPropertyOp51
 70
     0
102
RTVSPropertyOp52
 70
     0
102
RTVSPropertyOp53
 70
     1
102
RTVSPropertyOp54
 70
     1
102
RTVSPropertyOp55
 70
     1
102
RTVSPropertyOp56
 70
     1
102
RTVSPropertyOp57
 70
     1
102
RTVSPropertyOp58
 70
     1
102
RTVSPropertyOp59
 70
     1
102
RTVSPropertyOp60
 70
     1
102
RTVSPropertyOp61
 70
     1
102
RTVSPropertyOp62
 70
     1
  0
XRECORD
  5
7C6
102
{ACAD_REACTORS
330
7C5
102
}
330
7C5
100
AcDbXrecord
280
     1
102
RTVSPost2010Prop28
280
     0
102
RTVSPost2010PropOp28
 70
     1
102
RTVSPost2010Prop29
280
     1
102
RTVSPost2010PropOp29
 70
     1
102
RTVSPost2010Prop30
280
     1
102
RTVSPost2010PropOp30
 70
     1
102
RTVSPost2010Prop31
280
     0
102
RTVSPost2010PropOp31
 70
     1
102
RTVSPost2010Prop32
280
     0
102
RTVSPost2010PropOp32
 70
     1
102
RTVSPost2010Prop33
280
     0
102
RTVSPost2010PropOp33
 70
     1
102
RTVSPost2010Prop34
280
     0
102
RTVSPost2010PropOp34
 70
     1
102
RTVSPost2010Prop35
280
     0
102
RTVSPost2010PropOp35
 70
     1
102
RTVSPost2010Prop36
280
     0
102
RTVSPost2010PropOp36
 70
     1
102
RTVSPost2010Prop37
 90
       50
102
RTVSPost2010PropOp37
 70
     1
102
RTVSPost2010Prop38
140
0.0
102
RTVSPost2010PropOp38
 70
     1
102
RTVSPost2010Prop39
140
1.0
102
RTVSPost2010PropOp39
 70
     1
102
RTVSPost2010Prop40
 90
        0
102
RTVSPost2010PropOp40
 70
     1
102
RTVSPost2010Prop41ColorIndex
 90
       18
102
RTVSPost2010Prop41ColorRGB
 90
        0
102
RTVSPost2010PropOp41
 70
     1
102
RTVSPost2010Prop42
 90
       50
102
RTVSPost2010PropOp42
 70
     1
102
RTVSPost2010Prop43
 90
        3
102
RTVSPost2010PropOp43
 70
     1
102
RTVSPost2010Prop44ColorIndex
 90
        5
102
RTVSPost2010Prop44ColorRGB
 90
      255
102
RTVSPost2010PropOp44
 70
     1
102
RTVSPost2010Prop45
280
     0
102
RTVSPost2010PropOp45
 70
     1
102
RTVSPost2010Prop46
 90
       50
102
RTVSPost2010PropOp46
 70
     1
102
RTVSPost2010Prop47
 90
       50
102
RTVSPost2010PropOp47
 70
     1
102
RTVSPost2010Prop48
 90
       50
102
RTVSPost2010PropOp48
 70
     1
102
RTVSPost2010Prop49
280
     0
102
RTVSPost2010PropOp49
 70
     1
102
RTVSPost2010Prop50
 90
       50
102
RTVSPost2010PropOp50
 70
     1
102
RTVSPost2010Prop51ColorIndex
 90
      256
102
RTVSPost2010Prop51ColorRGB
 90
-16777216
102
RTVSPost2010PropOp51
 70
     0
102
RTVSPost2010Prop52
140
1.0
102
RTVSPost2010PropOp52
 70
     0
102
RTVSPost2010Prop53
 90
        2
102
RTVSPost2010PropOp53
 70
     1
102
RTVSPost2010Prop54
  1
strokes_ogs.tif
102
RTVSPost2010PropOp54
 70
     1
102
RTVSPost2010Prop55
280
     0
102
RTVSPost2010PropOp55
 70
     1
102
RTVSPost2010Prop56
140
1.0
102
RTVSPost2010PropOp56
 70
     1
102
RTVSPost2010Prop57
140
1.0
102
RTVSPost2010PropOp57
 70
     1
102
RTVSPropertyOp0
 70
     1
102
RTVSPropertyOp1
 70
     1
102
RTVSPropertyOp2
 70
     1
102
RTVSPropertyOp3
 70
     1
102
RTVSPropertyOp4
 70
     1
102
RTVSPropertyOp5
 70
     1
102
RTVSPropertyOp6
 70
     1
102
RTVSPropertyOp7
 70
     1
102
RTVSPropertyOp8
 70
     1
102
RTVSPropertyOp9
 70
     1
102
RTVSPropertyOp10
 70
     1
102
RTVSPropertyOp11
 70
     1
102
RTVSPropertyOp12
 70
     1
102
RTVSPropertyOp13
 70
     1
102
RTVSPropertyOp14
 70
     1
102
RTVSPropertyOp15
 70
     1
102
RTVSPropertyOp16
 70
     1
102
RTVSPropertyOp17
 70
     1
102
RTVSPropertyOp18
 70
     1
102
RTVSPropertyOp19
 70
     1
102
RTVSPropertyOp20
 70
     1
102
RTVSPropertyOp21
 70
     1
102
RTVSPropertyOp22
 70
     1
102
RTVSPropertyOp23
 70
     1
102
RTVSPropertyOp24
 70
     1
102
RTVSPropertyOp25
 70
     1
102
RTVSPropertyOp26
 70
     1
102
RTVSPropertyOp27
 70
     1
102
RTVSPropertyOp28
 70
     1
102
RTVSPropertyOp29
 70
     1
102
RTVSPropertyOp30
 70
     1
102
RTVSPropertyOp31
 70
     1
102
RTVSPropertyOp32
 70
     1
102
RTVSPropertyOp33
 70
     1
102
RTVSPropertyOp34
 70
     1
102
RTVSPropertyOp35
 70
     1
102
RTVSPropertyOp36
 70
     1
102
RTVSPropertyOp37
 70
     1
102
RTVSPropertyOp38
 70
     1
102
RTVSPropertyOp39
 70
     1
102
RTVSPropertyOp40
 70
     1
102
RTVSPropertyOp41
 70
     1
102
RTVSPropertyOp42
 70
     1
102
RTVSPropertyOp43
 70
     1
102
RTVSPropertyOp44
 70
     1
102
RTVSPropertyOp45
 70
     1
102
RTVSPropertyOp46
 70
     1
102
RTVSPropertyOp47
 70
     1
102
RTVSPropertyOp48
 70
     1
102
RTVSPropertyOp49
 70
     1
102
RTVSPropertyOp50
 70
     1
102
RTVSPropertyOp51
 70
     0
102
RTVSPropertyOp52
 70
     0
102
RTVSPropertyOp53
 70
     1
102
RTVSPropertyOp54
 70
     1
102
RTVSPropertyOp55
 70
     1
102
RTVSPropertyOp56
 70
     1
102
RTVSPropertyOp57
 70
     1
102
RTVSPropertyOp58
 70
     1
102
RTVSPropertyOp59
 70
     1
102
RTVSPropertyOp60
 70
     1
102
RTVSPropertyOp61
 70
     1
102
RTVSPropertyOp62
 70
     1
  0
XRECORD
  5
7CA
102
{ACAD_REACTORS
330
7C9
102
}
330
7C9
100
AcDbXrecord
280
     1
102
RTVSPost2010Prop28
280
     0
102
RTVSPost2010PropOp28
 70
     1
102
RTVSPost2010Prop29
280
     1
102
RTVSPost2010PropOp29
 70
     1
102
RTVSPost2010Prop30
280
     1
102
RTVSPost2010PropOp30
 70
     1
102
RTVSPost2010Prop31
280
     0
102
RTVSPost2010PropOp31
 70
     1
102
RTVSPost2010Prop32
280
     0
102
RTVSPost2010PropOp32
 70
     1
102
RTVSPost2010Prop33
280
     0
102
RTVSPost2010PropOp33
 70
     1
102
RTVSPost2010Prop34
280
     0
102
RTVSPost2010PropOp34
 70
     1
102
RTVSPost2010Prop35
280
     0
102
RTVSPost2010PropOp35
 70
     1
102
RTVSPost2010Prop36
280
     0
102
RTVSPost2010PropOp36
 70
     1
102
RTVSPost2010Prop37
 90
       50
102
RTVSPost2010PropOp37
 70
     1
102
RTVSPost2010Prop38
140
0.0
102
RTVSPost2010PropOp38
 70
     1
102
RTVSPost2010Prop39
140
1.0
102
RTVSPost2010PropOp39
 70
     1
102
RTVSPost2010Prop40
 90
        0
102
RTVSPost2010PropOp40
 70
     1
102
RTVSPost2010Prop41ColorIndex
 90
       18
102
RTVSPost2010Prop41ColorRGB
 90
        0
102
RTVSPost2010PropOp41
 70
     1
102
RTVSPost2010Prop42
 90
       50
102
RTVSPost2010PropOp42
 70
     1
102
RTVSPost2010Prop43
 90
        3
102
RTVSPost2010PropOp43
 70
     1
102
RTVSPost2010Prop44ColorIndex
 90
        5
102
RTVSPost2010Prop44ColorRGB
 90
      255
102
RTVSPost2010PropOp44
 70
     1
102
RTVSPost2010Prop45
280
     0
102
RTVSPost2010PropOp45
 70
     1
102
RTVSPost2010Prop46
 90
       50
102
RTVSPost2010PropOp46
 70
     1
102
RTVSPost2010Prop47
 90
       50
102
RTVSPost2010PropOp47
 70
     1
102
RTVSPost2010Prop48
 90
       50
102
RTVSPost2010PropOp48
 70
     1
102
RTVSPost2010Prop49
280
     0
102
RTVSPost2010PropOp49
 70
     1
102
RTVSPost2010Prop50
 90
       50
102
RTVSPost2010PropOp50
 70
     1
102
RTVSPost2010Prop51ColorIndex
 90
      256
102
RTVSPost2010Prop51ColorRGB
 90
-16777216
102
RTVSPost2010PropOp51
 70
     0
102
RTVSPost2010Prop52
140
1.0
102
RTVSPost2010PropOp52
 70
     0
102
RTVSPost2010Prop53
 90
        2
102
RTVSPost2010PropOp53
 70
     1
102
RTVSPost2010Prop54
  1
strokes_ogs.tif
102
RTVSPost2010PropOp54
 70
     1
102
RTVSPost2010Prop55
280
     0
102
RTVSPost2010PropOp55
 70
     1
102
RTVSPost2010Prop56
140
1.0
102
RTVSPost2010PropOp56
 70
     1
102
RTVSPost2010Prop57
140
1.0
102
RTVSPost2010PropOp57
 70
     1
102
RTVSPropertyOp0
 70
     1
102
RTVSPropertyOp1
 70
     1
102
RTVSPropertyOp2
 70
     1
102
RTVSPropertyOp3
 70
     1
102
RTVSPropertyOp4
 70
     1
102
RTVSPropertyOp5
 70
     1
102
RTVSPropertyOp6
 70
     1
102
RTVSPropertyOp7
 70
     1
102
RTVSPropertyOp8
 70
     1
102
RTVSPropertyOp9
 70
     1
102
RTVSPropertyOp10
 70
     1
102
RTVSPropertyOp11
 70
     1
102
RTVSPropertyOp12
 70
     1
102
RTVSPropertyOp13
 70
     1
102
RTVSPropertyOp14
 70
     1
102
RTVSPropertyOp15
 70
     1
102
RTVSPropertyOp16
 70
     1
102
RTVSPropertyOp17
 70
     1
102
RTVSPropertyOp18
 70
     1
102
RTVSPropertyOp19
 70
     1
102
RTVSPropertyOp20
 70
     1
102
RTVSPropertyOp21
 70
     1
102
RTVSPropertyOp22
 70
     1
102
RTVSPropertyOp23
 70
     1
102
RTVSPropertyOp24
 70
     1
102
RTVSPropertyOp25
 70
     1
102
RTVSPropertyOp26
 70
     1
102
RTVSPropertyOp27
 70
     1
102
RTVSPropertyOp28
 70
     1
102
RTVSPropertyOp29
 70
     1
102
RTVSPropertyOp30
 70
     1
102
RTVSPropertyOp31
 70
     1
102
RTVSPropertyOp32
 70
     1
102
RTVSPropertyOp33
 70
     1
102
RTVSPropertyOp34
 70
     1
102
RTVSPropertyOp35
 70
     1
102
RTVSPropertyOp36
 70
     1
102
RTVSPropertyOp37
 70
     1
102
RTVSPropertyOp38
 70
     1
102
RTVSPropertyOp39
 70
     1
102
RTVSPropertyOp40
 70
     1
102
RTVSPropertyOp41
 70
     1
102
RTVSPropertyOp42
 70
     1
102
RTVSPropertyOp43
 70
     1
102
RTVSPropertyOp44
 70
     1
102
RTVSPropertyOp45
 70
     1
102
RTVSPropertyOp46
 70
     1
102
RTVSPropertyOp47
 70
     1
102
RTVSPropertyOp48
 70
     1
102
RTVSPropertyOp49
 70
     1
102
RTVSPropertyOp50
 70
     1
102
RTVSPropertyOp51
 70
     0
102
RTVSPropertyOp52
 70
     0
102
RTVSPropertyOp53
 70
     1
102
RTVSPropertyOp54
 70
     1
102
RTVSPropertyOp55
 70
     1
102
RTVSPropertyOp56
 70
     1
102
RTVSPropertyOp57
 70
     1
102
RTVSPropertyOp58
 70
     1
102
RTVSPropertyOp59
 70
     1
102
RTVSPropertyOp60
 70
     1
102
RTVSPropertyOp61
 70
     1
102
RTVSPropertyOp62
 70
     1
  0
XRECORD
  5
7DA
102
{ACAD_REACTORS
330
7D9
102
}
330
7D9
100
AcDbXrecord
280
     1
102
RTVSPost2010Prop28
280
     0
102
RTVSPost2010PropOp28
 70
     1
102
RTVSPost2010Prop29
280
     1
102
RTVSPost2010PropOp29
 70
     1
102
RTVSPost2010Prop30
280
     1
102
RTVSPost2010PropOp30
 70
     1
102
RTVSPost2010Prop31
280
     0
102
RTVSPost2010PropOp31
 70
     1
102
RTVSPost2010Prop32
280
     0
102
RTVSPost2010PropOp32
 70
     1
102
RTVSPost2010Prop33
280
     0
102
RTVSPost2010PropOp33
 70
     1
102
RTVSPost2010Prop34
280
     0
102
RTVSPost2010PropOp34
 70
     1
102
RTVSPost2010Prop35
280
     0
102
RTVSPost2010PropOp35
 70
     1
102
RTVSPost2010Prop36
280
     0
102
RTVSPost2010PropOp36
 70
     1
102
RTVSPost2010Prop37
 90
       50
102
RTVSPost2010PropOp37
 70
     1
102
RTVSPost2010Prop38
140
0.0
102
RTVSPost2010PropOp38
 70
     1
102
RTVSPost2010Prop39
140
1.0
102
RTVSPost2010PropOp39
 70
     1
102
RTVSPost2010Prop40
 90
        0
102
RTVSPost2010PropOp40
 70
     1
102
RTVSPost2010Prop41ColorIndex
 90
       18
102
RTVSPost2010Prop41ColorRGB
 90
        0
102
RTVSPost2010PropOp41
 70
     1
102
RTVSPost2010Prop42
 90
       50
102
RTVSPost2010PropOp42
 70
     1
102
RTVSPost2010Prop43
 90
        3
102
RTVSPost2010PropOp43
 70
     1
102
RTVSPost2010Prop44ColorIndex
 90
        5
102
RTVSPost2010Prop44ColorRGB
 90
      255
102
RTVSPost2010PropOp44
 70
     1
102
RTVSPost2010Prop45
280
     0
102
RTVSPost2010PropOp45
 70
     1
102
RTVSPost2010Prop46
 90
       50
102
RTVSPost2010PropOp46
 70
     1
102
RTVSPost2010Prop47
 90
       50
102
RTVSPost2010PropOp47
 70
     1
102
RTVSPost2010Prop48
 90
       50
102
RTVSPost2010PropOp48
 70
     1
102
RTVSPost2010Prop49
280
     0
102
RTVSPost2010PropOp49
 70
     1
102
RTVSPost2010Prop50
 90
       50
102
RTVSPost2010PropOp50
 70
     1
102
RTVSPost2010Prop51ColorIndex
 90
      256
102
RTVSPost2010Prop51ColorRGB
 90
-16777216
102
RTVSPost2010PropOp51
 70
     0
102
RTVSPost2010Prop52
140
1.0
102
RTVSPost2010PropOp52
 70
     0
102
RTVSPost2010Prop53
 90
        2
102
RTVSPost2010PropOp53
 70
     1
102
RTVSPost2010Prop54
  1
strokes_ogs.tif
102
RTVSPost2010PropOp54
 70
     1
102
RTVSPost2010Prop55
280
     0
102
RTVSPost2010PropOp55
 70
     1
102
RTVSPost2010Prop56
140
1.0
102
RTVSPost2010PropOp56
 70
     1
102
RTVSPost2010Prop57
140
1.0
102
RTVSPost2010PropOp57
 70
     1
102
RTVSPropertyOp0
 70
     0
102
RTVSPropertyOp1
 70
     0
102
RTVSPropertyOp2
 70
     0
102
RTVSPropertyOp3
 70
     0
102
RTVSPropertyOp4
 70
     0
102
RTVSPropertyOp5
 70
     0
102
RTVSPropertyOp6
 70
     0
102
RTVSPropertyOp7
 70
     0
102
RTVSPropertyOp8
 70
     0
102
RTVSPropertyOp9
 70
     0
102
RTVSPropertyOp10
 70
     0
102
RTVSPropertyOp11
 70
     0
102
RTVSPropertyOp12
 70
     0
102
RTVSPropertyOp13
 70
     0
102
RTVSPropertyOp14
 70
     2
102
RTVSPropertyOp15
 70
     0
102
RTVSPropertyOp16
 70
     0
102
RTVSPropertyOp17
 70
     0
102
RTVSPropertyOp18
 70
     0
102
RTVSPropertyOp19
 70
     0
102
RTVSPropertyOp20
 70
     0
102
RTVSPropertyOp21
 70
     0
102
RTVSPropertyOp22
 70
     0
102
RTVSPropertyOp23
 70
     0
102
RTVSPropertyOp24
 70
     0
102
RTVSPropertyOp25
 70
     0
102
RTVSPropertyOp26
 70
     0
102
RTVSPropertyOp27
 70
     0
102
RTVSPropertyOp28
 70
     1
102
RTVSPropertyOp29
 70
     1
102
RTVSPropertyOp30
 70
     1
102
RTVSPropertyOp31
 70
     1
102
RTVSPropertyOp32
 70
     1
102
RTVSPropertyOp33
 70
     1
102
RTVSPropertyOp34
 70
     1
102
RTVSPropertyOp35
 70
     1
102
RTVSPropertyOp36
 70
     1
102
RTVSPropertyOp37
 70
     1
102
RTVSPropertyOp38
 70
     1
102
RTVSPropertyOp39
 70
     1
102
RTVSPropertyOp40
 70
     1
102
RTVSPropertyOp41
 70
     1
102
RTVSPropertyOp42
 70
     1
102
RTVSPropertyOp43
 70
     1
102
RTVSPropertyOp44
 70
     1
102
RTVSPropertyOp45
 70
     1
102
RTVSPropertyOp46
 70
     1
102
RTVSPropertyOp47
 70
     1
102
RTVSPropertyOp48
 70
     1
102
RTVSPropertyOp49
 70
     1
102
RTVSPropertyOp50
 70
     1
102
RTVSPropertyOp51
 70
     0
102
RTVSPropertyOp52
 70
     0
102
RTVSPropertyOp53
 70
     1
102
RTVSPropertyOp54
 70
     1
102
RTVSPropertyOp55
 70
     1
102
RTVSPropertyOp56
 70
     1
102
RTVSPropertyOp57
 70
     1
102
RTVSPropertyOp58
 70
     1
102
RTVSPropertyOp59
 70
     1
102
RTVSPropertyOp60
 70
     1
102
RTVSPropertyOp61
 70
     1
102
RTVSPropertyOp62
 70
     1
  0
XRECORD
  5
7D2
102
{ACAD_REACTORS
330
7D1
102
}
330
7D1
100
AcDbXrecord
280
     1
102
RTVSPost2010Prop28
280
     0
102
RTVSPost2010PropOp28
 70
     1
102
RTVSPost2010Prop29
280
     1
102
RTVSPost2010PropOp29
 70
     1
102
RTVSPost2010Prop30
280
     1
102
RTVSPost2010PropOp30
 70
     1
102
RTVSPost2010Prop31
280
     0
102
RTVSPost2010PropOp31
 70
     1
102
RTVSPost2010Prop32
280
     0
102
RTVSPost2010PropOp32
 70
     1
102
RTVSPost2010Prop33
280
     0
102
RTVSPost2010PropOp33
 70
     1
102
RTVSPost2010Prop34
280
     0
102
RTVSPost2010PropOp34
 70
     1
102
RTVSPost2010Prop35
280
     0
102
RTVSPost2010PropOp35
 70
     1
102
RTVSPost2010Prop36
280
     0
102
RTVSPost2010PropOp36
 70
     1
102
RTVSPost2010Prop37
 90
       50
102
RTVSPost2010PropOp37
 70
     1
102
RTVSPost2010Prop38
140
0.0
102
RTVSPost2010PropOp38
 70
     1
102
RTVSPost2010Prop39
140
1.0
102
RTVSPost2010PropOp39
 70
     1
102
RTVSPost2010Prop40
 90
        0
102
RTVSPost2010PropOp40
 70
     1
102
RTVSPost2010Prop41ColorIndex
 90
       18
102
RTVSPost2010Prop41ColorRGB
 90
        0
102
RTVSPost2010PropOp41
 70
     1
102
RTVSPost2010Prop42
 90
       50
102
RTVSPost2010PropOp42
 70
     1
102
RTVSPost2010Prop43
 90
        3
102
RTVSPost2010PropOp43
 70
     1
102
RTVSPost2010Prop44ColorIndex
 90
        5
102
RTVSPost2010Prop44ColorRGB
 90
      255
102
RTVSPost2010PropOp44
 70
     1
102
RTVSPost2010Prop45
280
     0
102
RTVSPost2010PropOp45
 70
     1
102
RTVSPost2010Prop46
 90
       50
102
RTVSPost2010PropOp46
 70
     1
102
RTVSPost2010Prop47
 90
       50
102
RTVSPost2010PropOp47
 70
     1
102
RTVSPost2010Prop48
 90
       50
102
RTVSPost2010PropOp48
 70
     1
102
RTVSPost2010Prop49
280
     0
102
RTVSPost2010PropOp49
 70
     1
102
RTVSPost2010Prop50
 90
       50
102
RTVSPost2010PropOp50
 70
     1
102
RTVSPost2010Prop51ColorIndex
 90
      256
102
RTVSPost2010Prop51ColorRGB
 90
-16777216
102
RTVSPost2010PropOp51
 70
     0
102
RTVSPost2010Prop52
140
1.0
102
RTVSPost2010PropOp52
 70
     0
102
RTVSPost2010Prop53
 90
        2
102
RTVSPost2010PropOp53
 70
     1
102
RTVSPost2010Prop54
  1
strokes_ogs.tif
102
RTVSPost2010PropOp54
 70
     1
102
RTVSPost2010Prop55
280
     0
102
RTVSPost2010PropOp55
 70
     1
102
RTVSPost2010Prop56
140
1.0
102
RTVSPost2010PropOp56
 70
     1
102
RTVSPost2010Prop57
140
1.0
102
RTVSPost2010PropOp57
 70
     1
102
RTVSPropertyOp0
 70
     1
102
RTVSPropertyOp1
 70
     1
102
RTVSPropertyOp2
 70
     1
102
RTVSPropertyOp3
 70
     1
102
RTVSPropertyOp4
 70
     1
102
RTVSPropertyOp5
 70
     1
102
RTVSPropertyOp6
 70
     1
102
RTVSPropertyOp7
 70
     1
102
RTVSPropertyOp8
 70
     1
102
RTVSPropertyOp9
 70
     1
102
RTVSPropertyOp10
 70
     1
102
RTVSPropertyOp11
 70
     1
102
RTVSPropertyOp12
 70
     1
102
RTVSPropertyOp13
 70
     1
102
RTVSPropertyOp14
 70
     1
102
RTVSPropertyOp15
 70
     1
102
RTVSPropertyOp16
 70
     1
102
RTVSPropertyOp17
 70
     1
102
RTVSPropertyOp18
 70
     1
102
RTVSPropertyOp19
 70
     1
102
RTVSPropertyOp20
 70
     1
102
RTVSPropertyOp21
 70
     1
102
RTVSPropertyOp22
 70
     1
102
RTVSPropertyOp23
 70
     1
102
RTVSPropertyOp24
 70
     1
102
RTVSPropertyOp25
 70
     1
102
RTVSPropertyOp26
 70
     1
102
RTVSPropertyOp27
 70
     1
102
RTVSPropertyOp28
 70
     1
102
RTVSPropertyOp29
 70
     1
102
RTVSPropertyOp30
 70
     1
102
RTVSPropertyOp31
 70
     1
102
RTVSPropertyOp32
 70
     1
102
RTVSPropertyOp33
 70
     1
102
RTVSPropertyOp34
 70
     1
102
RTVSPropertyOp35
 70
     1
102
RTVSPropertyOp36
 70
     1
102
RTVSPropertyOp37
 70
     1
102
RTVSPropertyOp38
 70
     1
102
RTVSPropertyOp39
 70
     1
102
RTVSPropertyOp40
 70
     1
102
RTVSPropertyOp41
 70
     1
102
RTVSPropertyOp42
 70
     1
102
RTVSPropertyOp43
 70
     1
102
RTVSPropertyOp44
 70
     1
102
RTVSPropertyOp45
 70
     1
102
RTVSPropertyOp46
 70
     1
102
RTVSPropertyOp47
 70
     1
102
RTVSPropertyOp48
 70
     1
102
RTVSPropertyOp49
 70
     1
102
RTVSPropertyOp50
 70
     1
102
RTVSPropertyOp51
 70
     0
102
RTVSPropertyOp52
 70
     0
102
RTVSPropertyOp53
 70
     1
102
RTVSPropertyOp54
 70
     1
102
RTVSPropertyOp55
 70
     1
102
RTVSPropertyOp56
 70
     1
102
RTVSPropertyOp57
 70
     1
102
RTVSPropertyOp58
 70
     1
102
RTVSPropertyOp59
 70
     1
102
RTVSPropertyOp60
 70
     1
102
RTVSPropertyOp61
 70
     1
102
RTVSPropertyOp62
 70
     1
  0
XRECORD
  5
7B6
102
{ACAD_REACTORS
330
7B5
102
}
330
7B5
100
AcDbXrecord
280
     1
102
RTVSPost2010Prop28
280
     0
102
RTVSPost2010PropOp28
 70
     1
102
RTVSPost2010Prop29
280
     1
102
RTVSPost2010PropOp29
 70
     1
102
RTVSPost2010Prop30
280
     1
102
RTVSPost2010PropOp30
 70
     1
102
RTVSPost2010Prop31
280
     0
102
RTVSPost2010PropOp31
 70
     1
102
RTVSPost2010Prop32
280
     0
102
RTVSPost2010PropOp32
 70
     1
102
RTVSPost2010Prop33
280
     0
102
RTVSPost2010PropOp33
 70
     1
102
RTVSPost2010Prop34
280
     0
102
RTVSPost2010PropOp34
 70
     1
102
RTVSPost2010Prop35
280
     0
102
RTVSPost2010PropOp35
 70
     1
102
RTVSPost2010Prop36
280
     0
102
RTVSPost2010PropOp36
 70
     1
102
RTVSPost2010Prop37
 90
       50
102
RTVSPost2010PropOp37
 70
     1
102
RTVSPost2010Prop38
140
0.0
102
RTVSPost2010PropOp38
 70
     1
102
RTVSPost2010Prop39
140
1.0
102
RTVSPost2010PropOp39
 70
     1
102
RTVSPost2010Prop40
 90
        0
102
RTVSPost2010PropOp40
 70
     1
102
RTVSPost2010Prop41ColorIndex
 90
       18
102
RTVSPost2010Prop41ColorRGB
 90
        0
102
RTVSPost2010PropOp41
 70
     1
102
RTVSPost2010Prop42
 90
       50
102
RTVSPost2010PropOp42
 70
     1
102
RTVSPost2010Prop43
 90
        3
102
RTVSPost2010PropOp43
 70
     1
102
RTVSPost2010Prop44ColorIndex
 90
        5
102
RTVSPost2010Prop44ColorRGB
 90
      255
102
RTVSPost2010PropOp44
 70
     1
102
RTVSPost2010Prop45
280
     0
102
RTVSPost2010PropOp45
 70
     1
102
RTVSPost2010Prop46
 90
       50
102
RTVSPost2010PropOp46
 70
     1
102
RTVSPost2010Prop47
 90
       50
102
RTVSPost2010PropOp47
 70
     1
102
RTVSPost2010Prop48
 90
       50
102
RTVSPost2010PropOp48
 70
     1
102
RTVSPost2010Prop49
280
     0
102
RTVSPost2010PropOp49
 70
     1
102
RTVSPost2010Prop50
 90
       50
102
RTVSPost2010PropOp50
 70
     1
102
RTVSPost2010Prop51ColorIndex
 90
      256
102
RTVSPost2010Prop51ColorRGB
 90
-16777216
102
RTVSPost2010PropOp51
 70
     0
102
RTVSPost2010Prop52
140
1.0
102
RTVSPost2010PropOp52
 70
     0
102
RTVSPost2010Prop53
 90
        2
102
RTVSPost2010PropOp53
 70
     1
102
RTVSPost2010Prop54
  1
strokes_ogs.tif
102
RTVSPost2010PropOp54
 70
     1
102
RTVSPost2010Prop55
280
     0
102
RTVSPost2010PropOp55
 70
     1
102
RTVSPost2010Prop56
140
1.0
102
RTVSPost2010PropOp56
 70
     1
102
RTVSPost2010Prop57
140
1.0
102
RTVSPost2010PropOp57
 70
     1
102
RTVSPropertyOp0
 70
     1
102
RTVSPropertyOp1
 70
     1
102
RTVSPropertyOp2
 70
     1
102
RTVSPropertyOp3
 70
     1
102
RTVSPropertyOp4
 70
     1
102
RTVSPropertyOp5
 70
     1
102
RTVSPropertyOp6
 70
     1
102
RTVSPropertyOp7
 70
     1
102
RTVSPropertyOp8
 70
     1
102
RTVSPropertyOp9
 70
     1
102
RTVSPropertyOp10
 70
     1
102
RTVSPropertyOp11
 70
     1
102
RTVSPropertyOp12
 70
     1
102
RTVSPropertyOp13
 70
     1
102
RTVSPropertyOp14
 70
     1
102
RTVSPropertyOp15
 70
     1
102
RTVSPropertyOp16
 70
     1
102
RTVSPropertyOp17
 70
     1
102
RTVSPropertyOp18
 70
     1
102
RTVSPropertyOp19
 70
     1
102
RTVSPropertyOp20
 70
     1
102
RTVSPropertyOp21
 70
     1
102
RTVSPropertyOp22
 70
     1
102
RTVSPropertyOp23
 70
     1
102
RTVSPropertyOp24
 70
     1
102
RTVSPropertyOp25
 70
     1
102
RTVSPropertyOp26
 70
     1
102
RTVSPropertyOp27
 70
     1
102
RTVSPropertyOp28
 70
     1
102
RTVSPropertyOp29
 70
     1
102
RTVSPropertyOp30
 70
     1
102
RTVSPropertyOp31
 70
     1
102
RTVSPropertyOp32
 70
     1
102
RTVSPropertyOp33
 70
     1
102
RTVSPropertyOp34
 70
     1
102
RTVSPropertyOp35
 70
     1
102
RTVSPropertyOp36
 70
     1
102
RTVSPropertyOp37
 70
     1
102
RTVSPropertyOp38
 70
     1
102
RTVSPropertyOp39
 70
     1
102
RTVSPropertyOp40
 70
     1
102
RTVSPropertyOp41
 70
     1
102
RTVSPropertyOp42
 70
     1
102
RTVSPropertyOp43
 70
     1
102
RTVSPropertyOp44
 70
     1
102
RTVSPropertyOp45
 70
     1
102
RTVSPropertyOp46
 70
     1
102
RTVSPropertyOp47
 70
     1
102
RTVSPropertyOp48
 70
     1
102
RTVSPropertyOp49
 70
     1
102
RTVSPropertyOp50
 70
     1
102
RTVSPropertyOp51
 70
     0
102
RTVSPropertyOp52
 70
     0
102
RTVSPropertyOp53
 70
     1
102
RTVSPropertyOp54
 70
     1
102
RTVSPropertyOp55
 70
     1
102
RTVSPropertyOp56
 70
     1
102
RTVSPropertyOp57
 70
     1
102
RTVSPropertyOp58
 70
     1
102
RTVSPropertyOp59
 70
     1
102
RTVSPropertyOp60
 70
     1
102
RTVSPropertyOp61
 70
     1
102
RTVSPropertyOp62
 70
     1
  0
XRECORD
  5
7B8
102
{ACAD_REACTORS
330
7B7
102
}
330
7B7
100
AcDbXrecord
280
     1
102
RTVSPost2010Prop28
280
     0
102
RTVSPost2010PropOp28
 70
     1
102
RTVSPost2010Prop29
280
     1
102
RTVSPost2010PropOp29
 70
     1
102
RTVSPost2010Prop30
280
     1
102
RTVSPost2010PropOp30
 70
     1
102
RTVSPost2010Prop31
280
     0
102
RTVSPost2010PropOp31
 70
     1
102
RTVSPost2010Prop32
280
     0
102
RTVSPost2010PropOp32
 70
     1
102
RTVSPost2010Prop33
280
     0
102
RTVSPost2010PropOp33
 70
     1
102
RTVSPost2010Prop34
280
     0
102
RTVSPost2010PropOp34
 70
     1
102
RTVSPost2010Prop35
280
     0
102
RTVSPost2010PropOp35
 70
     1
102
RTVSPost2010Prop36
280
     0
102
RTVSPost2010PropOp36
 70
     1
102
RTVSPost2010Prop37
 90
       50
102
RTVSPost2010PropOp37
 70
     1
102
RTVSPost2010Prop38
140
0.0
102
RTVSPost2010PropOp38
 70
     1
102
RTVSPost2010Prop39
140
1.0
102
RTVSPost2010PropOp39
 70
     1
102
RTVSPost2010Prop40
 90
        0
102
RTVSPost2010PropOp40
 70
     1
102
RTVSPost2010Prop41ColorIndex
 90
       18
102
RTVSPost2010Prop41ColorRGB
 90
        0
102
RTVSPost2010PropOp41
 70
     1
102
RTVSPost2010Prop42
 90
       50
102
RTVSPost2010PropOp42
 70
     1
102
RTVSPost2010Prop43
 90
        3
102
RTVSPost2010PropOp43
 70
     1
102
RTVSPost2010Prop44ColorIndex
 90
        5
102
RTVSPost2010Prop44ColorRGB
 90
      255
102
RTVSPost2010PropOp44
 70
     1
102
RTVSPost2010Prop45
280
     0
102
RTVSPost2010PropOp45
 70
     1
102
RTVSPost2010Prop46
 90
       50
102
RTVSPost2010PropOp46
 70
     1
102
RTVSPost2010Prop47
 90
       50
102
RTVSPost2010PropOp47
 70
     1
102
RTVSPost2010Prop48
 90
       50
102
RTVSPost2010PropOp48
 70
     1
102
RTVSPost2010Prop49
280
     0
102
RTVSPost2010PropOp49
 70
     1
102
RTVSPost2010Prop50
 90
       50
102
RTVSPost2010PropOp50
 70
     1
102
RTVSPost2010Prop51ColorIndex
 90
      256
102
RTVSPost2010Prop51ColorRGB
 90
-16777216
102
RTVSPost2010PropOp51
 70
     0
102
RTVSPost2010Prop52
140
1.0
102
RTVSPost2010PropOp52
 70
     0
102
RTVSPost2010Prop53
 90
        2
102
RTVSPost2010PropOp53
 70
     1
102
RTVSPost2010Prop54
  1
strokes_ogs.tif
102
RTVSPost2010PropOp54
 70
     1
102
RTVSPost2010Prop55
280
     0
102
RTVSPost2010PropOp55
 70
     1
102
RTVSPost2010Prop56
140
1.0
102
RTVSPost2010PropOp56
 70
     1
102
RTVSPost2010Prop57
140
1.0
102
RTVSPost2010PropOp57
 70
     1
102
RTVSPropertyOp0
 70
     1
102
RTVSPropertyOp1
 70
     1
102
RTVSPropertyOp2
 70
     1
102
RTVSPropertyOp3
 70
     1
102
RTVSPropertyOp4
 70
     1
102
RTVSPropertyOp5
 70
     1
102
RTVSPropertyOp6
 70
     1
102
RTVSPropertyOp7
 70
     1
102
RTVSPropertyOp8
 70
     1
102
RTVSPropertyOp9
 70
     1
102
RTVSPropertyOp10
 70
     1
102
RTVSPropertyOp11
 70
     1
102
RTVSPropertyOp12
 70
     1
102
RTVSPropertyOp13
 70
     1
102
RTVSPropertyOp14
 70
     1
102
RTVSPropertyOp15
 70
     1
102
RTVSPropertyOp16
 70
     1
102
RTVSPropertyOp17
 70
     1
102
RTVSPropertyOp18
 70
     1
102
RTVSPropertyOp19
 70
     1
102
RTVSPropertyOp20
 70
     1
102
RTVSPropertyOp21
 70
     1
102
RTVSPropertyOp22
 70
     1
102
RTVSPropertyOp23
 70
     1
102
RTVSPropertyOp24
 70
     1
102
RTVSPropertyOp25
 70
     1
102
RTVSPropertyOp26
 70
     1
102
RTVSPropertyOp27
 70
     1
102
RTVSPropertyOp28
 70
     1
102
RTVSPropertyOp29
 70
     1
102
RTVSPropertyOp30
 70
     1
102
RTVSPropertyOp31
 70
     1
102
RTVSPropertyOp32
 70
     1
102
RTVSPropertyOp33
 70
     1
102
RTVSPropertyOp34
 70
     1
102
RTVSPropertyOp35
 70
     1
102
RTVSPropertyOp36
 70
     1
102
RTVSPropertyOp37
 70
     1
102
RTVSPropertyOp38
 70
     1
102
RTVSPropertyOp39
 70
     1
102
RTVSPropertyOp40
 70
     1
102
RTVSPropertyOp41
 70
     1
102
RTVSPropertyOp42
 70
     1
102
RTVSPropertyOp43
 70
     1
102
RTVSPropertyOp44
 70
     1
102
RTVSPropertyOp45
 70
     1
102
RTVSPropertyOp46
 70
     1
102
RTVSPropertyOp47
 70
     1
102
RTVSPropertyOp48
 70
     1
102
RTVSPropertyOp49
 70
     1
102
RTVSPropertyOp50
 70
     1
102
RTVSPropertyOp51
 70
     0
102
RTVSPropertyOp52
 70
     0
102
RTVSPropertyOp53
 70
     1
102
RTVSPropertyOp54
 70
     1
102
RTVSPropertyOp55
 70
     1
102
RTVSPropertyOp56
 70
     1
102
RTVSPropertyOp57
 70
     1
102
RTVSPropertyOp58
 70
     1
102
RTVSPropertyOp59
 70
     1
102
RTVSPropertyOp60
 70
     1
102
RTVSPropertyOp61
 70
     1
102
RTVSPropertyOp62
 70
     1
  0
XRECORD
  5
7BA
102
{ACAD_REACTORS
330
7B9
102
}
330
7B9
100
AcDbXrecord
280
     1
102
RTVSPost2010Prop28
280
     0
102
RTVSPost2010PropOp28
 70
     1
102
RTVSPost2010Prop29
280
     1
102
RTVSPost2010PropOp29
 70
     1
102
RTVSPost2010Prop30
280
     1
102
RTVSPost2010PropOp30
 70
     1
102
RTVSPost2010Prop31
280
     0
102
RTVSPost2010PropOp31
 70
     1
102
RTVSPost2010Prop32
280
     0
102
RTVSPost2010PropOp32
 70
     1
102
RTVSPost2010Prop33
280
     0
102
RTVSPost2010PropOp33
 70
     1
102
RTVSPost2010Prop34
280
     0
102
RTVSPost2010PropOp34
 70
     1
102
RTVSPost2010Prop35
280
     0
102
RTVSPost2010PropOp35
 70
     1
102
RTVSPost2010Prop36
280
     0
102
RTVSPost2010PropOp36
 70
     1
102
RTVSPost2010Prop37
 90
       50
102
RTVSPost2010PropOp37
 70
     1
102
RTVSPost2010Prop38
140
0.0
102
RTVSPost2010PropOp38
 70
     1
102
RTVSPost2010Prop39
140
1.0
102
RTVSPost2010PropOp39
 70
     1
102
RTVSPost2010Prop40
 90
        0
102
RTVSPost2010PropOp40
 70
     1
102
RTVSPost2010Prop41ColorIndex
 90
       18
102
RTVSPost2010Prop41ColorRGB
 90
        0
102
RTVSPost2010PropOp41
 70
     1
102
RTVSPost2010Prop42
 90
       50
102
RTVSPost2010PropOp42
 70
     1
102
RTVSPost2010Prop43
 90
        3
102
RTVSPost2010PropOp43
 70
     1
102
RTVSPost2010Prop44ColorIndex
 90
        5
102
RTVSPost2010Prop44ColorRGB
 90
      255
102
RTVSPost2010PropOp44
 70
     1
102
RTVSPost2010Prop45
280
     0
102
RTVSPost2010PropOp45
 70
     1
102
RTVSPost2010Prop46
 90
       50
102
RTVSPost2010PropOp46
 70
     1
102
RTVSPost2010Prop47
 90
       50
102
RTVSPost2010PropOp47
 70
     1
102
RTVSPost2010Prop48
 90
       50
102
RTVSPost2010PropOp48
 70
     1
102
RTVSPost2010Prop49
280
     0
102
RTVSPost2010PropOp49
 70
     1
102
RTVSPost2010Prop50
 90
       50
102
RTVSPost2010PropOp50
 70
     1
102
RTVSPost2010Prop51ColorIndex
 90
      256
102
RTVSPost2010Prop51ColorRGB
 90
-16777216
102
RTVSPost2010PropOp51
 70
     0
102
RTVSPost2010Prop52
140
1.0
102
RTVSPost2010PropOp52
 70
     0
102
RTVSPost2010Prop53
 90
        2
102
RTVSPost2010PropOp53
 70
     1
102
RTVSPost2010Prop54
  1
strokes_ogs.tif
102
RTVSPost2010PropOp54
 70
     1
102
RTVSPost2010Prop55
280
     0
102
RTVSPost2010PropOp55
 70
     1
102
RTVSPost2010Prop56
140
1.0
102
RTVSPost2010PropOp56
 70
     1
102
RTVSPost2010Prop57
140
1.0
102
RTVSPost2010PropOp57
 70
     1
102
RTVSPropertyOp0
 70
     1
102
RTVSPropertyOp1
 70
     1
102
RTVSPropertyOp2
 70
     1
102
RTVSPropertyOp3
 70
     1
102
RTVSPropertyOp4
 70
     1
102
RTVSPropertyOp5
 70
     1
102
RTVSPropertyOp6
 70
     1
102
RTVSPropertyOp7
 70
     1
102
RTVSPropertyOp8
 70
     1
102
RTVSPropertyOp9
 70
     1
102
RTVSPropertyOp10
 70
     1
102
RTVSPropertyOp11
 70
     1
102
RTVSPropertyOp12
 70
     1
102
RTVSPropertyOp13
 70
     1
102
RTVSPropertyOp14
 70
     1
102
RTVSPropertyOp15
 70
     1
102
RTVSPropertyOp16
 70
     1
102
RTVSPropertyOp17
 70
     1
102
RTVSPropertyOp18
 70
     1
102
RTVSPropertyOp19
 70
     1
102
RTVSPropertyOp20
 70
     1
102
RTVSPropertyOp21
 70
     1
102
RTVSPropertyOp22
 70
     1
102
RTVSPropertyOp23
 70
     1
102
RTVSPropertyOp24
 70
     1
102
RTVSPropertyOp25
 70
     1
102
RTVSPropertyOp26
 70
     1
102
RTVSPropertyOp27
 70
     1
102
RTVSPropertyOp28
 70
     1
102
RTVSPropertyOp29
 70
     1
102
RTVSPropertyOp30
 70
     1
102
RTVSPropertyOp31
 70
     1
102
RTVSPropertyOp32
 70
     1
102
RTVSPropertyOp33
 70
     1
102
RTVSPropertyOp34
 70
     1
102
RTVSPropertyOp35
 70
     1
102
RTVSPropertyOp36
 70
     1
102
RTVSPropertyOp37
 70
     1
102
RTVSPropertyOp38
 70
     1
102
RTVSPropertyOp39
 70
     1
102
RTVSPropertyOp40
 70
     1
102
RTVSPropertyOp41
 70
     1
102
RTVSPropertyOp42
 70
     1
102
RTVSPropertyOp43
 70
     1
102
RTVSPropertyOp44
 70
     1
102
RTVSPropertyOp45
 70
     1
102
RTVSPropertyOp46
 70
     1
102
RTVSPropertyOp47
 70
     1
102
RTVSPropertyOp48
 70
     1
102
RTVSPropertyOp49
 70
     1
102
RTVSPropertyOp50
 70
     1
102
RTVSPropertyOp51
 70
     0
102
RTVSPropertyOp52
 70
     0
102
RTVSPropertyOp53
 70
     1
102
RTVSPropertyOp54
 70
     1
102
RTVSPropertyOp55
 70
     1
102
RTVSPropertyOp56
 70
     1
102
RTVSPropertyOp57
 70
     1
102
RTVSPropertyOp58
 70
     1
102
RTVSPropertyOp59
 70
     1
102
RTVSPropertyOp60
 70
     1
102
RTVSPropertyOp61
 70
     1
102
RTVSPropertyOp62
 70
     1
  0
XRECORD
  5
7BC
102
{ACAD_REACTORS
330
7BB
102
}
330
7BB
100
AcDbXrecord
280
     1
102
RTVSPost2010Prop28
280
     0
102
RTVSPost2010PropOp28
 70
     1
102
RTVSPost2010Prop29
280
     1
102
RTVSPost2010PropOp29
 70
     1
102
RTVSPost2010Prop30
280
     1
102
RTVSPost2010PropOp30
 70
     1
102
RTVSPost2010Prop31
280
     0
102
RTVSPost2010PropOp31
 70
     1
102
RTVSPost2010Prop32
280
     0
102
RTVSPost2010PropOp32
 70
     1
102
RTVSPost2010Prop33
280
     0
102
RTVSPost2010PropOp33
 70
     1
102
RTVSPost2010Prop34
280
     0
102
RTVSPost2010PropOp34
 70
     1
102
RTVSPost2010Prop35
280
     0
102
RTVSPost2010PropOp35
 70
     1
102
RTVSPost2010Prop36
280
     0
102
RTVSPost2010PropOp36
 70
     1
102
RTVSPost2010Prop37
 90
       50
102
RTVSPost2010PropOp37
 70
     1
102
RTVSPost2010Prop38
140
0.0
102
RTVSPost2010PropOp38
 70
     1
102
RTVSPost2010Prop39
140
1.0
102
RTVSPost2010PropOp39
 70
     1
102
RTVSPost2010Prop40
 90
        0
102
RTVSPost2010PropOp40
 70
     1
102
RTVSPost2010Prop41ColorIndex
 90
       18
102
RTVSPost2010Prop41ColorRGB
 90
        0
102
RTVSPost2010PropOp41
 70
     1
102
RTVSPost2010Prop42
 90
       50
102
RTVSPost2010PropOp42
 70
     1
102
RTVSPost2010Prop43
 90
        3
102
RTVSPost2010PropOp43
 70
     1
102
RTVSPost2010Prop44ColorIndex
 90
        5
102
RTVSPost2010Prop44ColorRGB
 90
      255
102
RTVSPost2010PropOp44
 70
     1
102
RTVSPost2010Prop45
280
     0
102
RTVSPost2010PropOp45
 70
     1
102
RTVSPost2010Prop46
 90
       50
102
RTVSPost2010PropOp46
 70
     1
102
RTVSPost2010Prop47
 90
       50
102
RTVSPost2010PropOp47
 70
     1
102
RTVSPost2010Prop48
 90
       50
102
RTVSPost2010PropOp48
 70
     1
102
RTVSPost2010Prop49
280
     0
102
RTVSPost2010PropOp49
 70
     1
102
RTVSPost2010Prop50
 90
       50
102
RTVSPost2010PropOp50
 70
     1
102
RTVSPost2010Prop51ColorIndex
 90
      256
102
RTVSPost2010Prop51ColorRGB
 90
-16777216
102
RTVSPost2010PropOp51
 70
     0
102
RTVSPost2010Prop52
140
1.0
102
RTVSPost2010PropOp52
 70
     0
102
RTVSPost2010Prop53
 90
        2
102
RTVSPost2010PropOp53
 70
     1
102
RTVSPost2010Prop54
  1
strokes_ogs.tif
102
RTVSPost2010PropOp54
 70
     1
102
RTVSPost2010Prop55
280
     0
102
RTVSPost2010PropOp55
 70
     1
102
RTVSPost2010Prop56
140
1.0
102
RTVSPost2010PropOp56
 70
     1
102
RTVSPost2010Prop57
140
1.0
102
RTVSPost2010PropOp57
 70
     1
102
RTVSPropertyOp0
 70
     1
102
RTVSPropertyOp1
 70
     1
102
RTVSPropertyOp2
 70
     1
102
RTVSPropertyOp3
 70
     1
102
RTVSPropertyOp4
 70
     1
102
RTVSPropertyOp5
 70
     1
102
RTVSPropertyOp6
 70
     1
102
RTVSPropertyOp7
 70
     1
102
RTVSPropertyOp8
 70
     1
102
RTVSPropertyOp9
 70
     1
102
RTVSPropertyOp10
 70
     1
102
RTVSPropertyOp11
 70
     1
102
RTVSPropertyOp12
 70
     1
102
RTVSPropertyOp13
 70
     1
102
RTVSPropertyOp14
 70
     1
102
RTVSPropertyOp15
 70
     1
102
RTVSPropertyOp16
 70
     1
102
RTVSPropertyOp17
 70
     1
102
RTVSPropertyOp18
 70
     1
102
RTVSPropertyOp19
 70
     1
102
RTVSPropertyOp20
 70
     1
102
RTVSPropertyOp21
 70
     1
102
RTVSPropertyOp22
 70
     1
102
RTVSPropertyOp23
 70
     1
102
RTVSPropertyOp24
 70
     1
102
RTVSPropertyOp25
 70
     1
102
RTVSPropertyOp26
 70
     1
102
RTVSPropertyOp27
 70
     1
102
RTVSPropertyOp28
 70
     1
102
RTVSPropertyOp29
 70
     1
102
RTVSPropertyOp30
 70
     1
102
RTVSPropertyOp31
 70
     1
102
RTVSPropertyOp32
 70
     1
102
RTVSPropertyOp33
 70
     1
102
RTVSPropertyOp34
 70
     1
102
RTVSPropertyOp35
 70
     1
102
RTVSPropertyOp36
 70
     1
102
RTVSPropertyOp37
 70
     1
102
RTVSPropertyOp38
 70
     1
102
RTVSPropertyOp39
 70
     1
102
RTVSPropertyOp40
 70
     1
102
RTVSPropertyOp41
 70
     1
102
RTVSPropertyOp42
 70
     1
102
RTVSPropertyOp43
 70
     1
102
RTVSPropertyOp44
 70
     1
102
RTVSPropertyOp45
 70
     1
102
RTVSPropertyOp46
 70
     1
102
RTVSPropertyOp47
 70
     1
102
RTVSPropertyOp48
 70
     1
102
RTVSPropertyOp49
 70
     1
102
RTVSPropertyOp50
 70
     1
102
RTVSPropertyOp51
 70
     0
102
RTVSPropertyOp52
 70
     0
102
RTVSPropertyOp53
 70
     1
102
RTVSPropertyOp54
 70
     1
102
RTVSPropertyOp55
 70
     1
102
RTVSPropertyOp56
 70
     1
102
RTVSPropertyOp57
 70
     1
102
RTVSPropertyOp58
 70
     1
102
RTVSPropertyOp59
 70
     1
102
RTVSPropertyOp60
 70
     1
102
RTVSPropertyOp61
 70
     1
102
RTVSPropertyOp62
 70
     1
  0
XRECORD
  5
7C4
102
{ACAD_REACTORS
330
7C3
102
}
330
7C3
100
AcDbXrecord
280
     1
102
RTVSPost2010Prop28
280
     0
102
RTVSPost2010PropOp28
 70
     1
102
RTVSPost2010Prop29
280
     1
102
RTVSPost2010PropOp29
 70
     1
102
RTVSPost2010Prop30
280
     1
102
RTVSPost2010PropOp30
 70
     1
102
RTVSPost2010Prop31
280
     0
102
RTVSPost2010PropOp31
 70
     1
102
RTVSPost2010Prop32
280
     0
102
RTVSPost2010PropOp32
 70
     1
102
RTVSPost2010Prop33
280
     0
102
RTVSPost2010PropOp33
 70
     1
102
RTVSPost2010Prop34
280
     0
102
RTVSPost2010PropOp34
 70
     1
102
RTVSPost2010Prop35
280
     0
102
RTVSPost2010PropOp35
 70
     1
102
RTVSPost2010Prop36
280
     0
102
RTVSPost2010PropOp36
 70
     1
102
RTVSPost2010Prop37
 90
       50
102
RTVSPost2010PropOp37
 70
     1
102
RTVSPost2010Prop38
140
0.0
102
RTVSPost2010PropOp38
 70
     1
102
RTVSPost2010Prop39
140
1.0
102
RTVSPost2010PropOp39
 70
     1
102
RTVSPost2010Prop40
 90
        0
102
RTVSPost2010PropOp40
 70
     1
102
RTVSPost2010Prop41ColorIndex
 90
       18
102
RTVSPost2010Prop41ColorRGB
 90
        0
102
RTVSPost2010PropOp41
 70
     1
102
RTVSPost2010Prop42
 90
       50
102
RTVSPost2010PropOp42
 70
     1
102
RTVSPost2010Prop43
 90
        3
102
RTVSPost2010PropOp43
 70
     1
102
RTVSPost2010Prop44ColorIndex
 90
        5
102
RTVSPost2010Prop44ColorRGB
 90
      255
102
RTVSPost2010PropOp44
 70
     1
102
RTVSPost2010Prop45
280
     0
102
RTVSPost2010PropOp45
 70
     1
102
RTVSPost2010Prop46
 90
       50
102
RTVSPost2010PropOp46
 70
     1
102
RTVSPost2010Prop47
 90
       50
102
RTVSPost2010PropOp47
 70
     1
102
RTVSPost2010Prop48
 90
       50
102
RTVSPost2010PropOp48
 70
     1
102
RTVSPost2010Prop49
280
     0
102
RTVSPost2010PropOp49
 70
     1
102
RTVSPost2010Prop50
 90
       50
102
RTVSPost2010PropOp50
 70
     1
102
RTVSPost2010Prop51ColorIndex
 90
      256
102
RTVSPost2010Prop51ColorRGB
 90
-16777216
102
RTVSPost2010PropOp51
 70
     0
102
RTVSPost2010Prop52
140
1.0
102
RTVSPost2010PropOp52
 70
     0
102
RTVSPost2010Prop53
 90
        2
102
RTVSPost2010PropOp53
 70
     1
102
RTVSPost2010Prop54
  1
strokes_ogs.tif
102
RTVSPost2010PropOp54
 70
     1
102
RTVSPost2010Prop55
280
     0
102
RTVSPost2010PropOp55
 70
     1
102
RTVSPost2010Prop56
140
1.0
102
RTVSPost2010PropOp56
 70
     1
102
RTVSPost2010Prop57
140
1.0
102
RTVSPost2010PropOp57
 70
     1
102
RTVSPropertyOp0
 70
     1
102
RTVSPropertyOp1
 70
     1
102
RTVSPropertyOp2
 70
     1
102
RTVSPropertyOp3
 70
     1
102
RTVSPropertyOp4
 70
     1
102
RTVSPropertyOp5
 70
     1
102
RTVSPropertyOp6
 70
     1
102
RTVSPropertyOp7
 70
     1
102
RTVSPropertyOp8
 70
     1
102
RTVSPropertyOp9
 70
     1
102
RTVSPropertyOp10
 70
     1
102
RTVSPropertyOp11
 70
     1
102
RTVSPropertyOp12
 70
     1
102
RTVSPropertyOp13
 70
     1
102
RTVSPropertyOp14
 70
     1
102
RTVSPropertyOp15
 70
     1
102
RTVSPropertyOp16
 70
     1
102
RTVSPropertyOp17
 70
     1
102
RTVSPropertyOp18
 70
     1
102
RTVSPropertyOp19
 70
     1
102
RTVSPropertyOp20
 70
     1
102
RTVSPropertyOp21
 70
     1
102
RTVSPropertyOp22
 70
     1
102
RTVSPropertyOp23
 70
     1
102
RTVSPropertyOp24
 70
     1
102
RTVSPropertyOp25
 70
     1
102
RTVSPropertyOp26
 70
     1
102
RTVSPropertyOp27
 70
     1
102
RTVSPropertyOp28
 70
     1
102
RTVSPropertyOp29
 70
     1
102
RTVSPropertyOp30
 70
     1
102
RTVSPropertyOp31
 70
     1
102
RTVSPropertyOp32
 70
     1
102
RTVSPropertyOp33
 70
     1
102
RTVSPropertyOp34
 70
     1
102
RTVSPropertyOp35
 70
     1
102
RTVSPropertyOp36
 70
     1
102
RTVSPropertyOp37
 70
     1
102
RTVSPropertyOp38
 70
     1
102
RTVSPropertyOp39
 70
     1
102
RTVSPropertyOp40
 70
     1
102
RTVSPropertyOp41
 70
     1
102
RTVSPropertyOp42
 70
     1
102
RTVSPropertyOp43
 70
     1
102
RTVSPropertyOp44
 70
     1
102
RTVSPropertyOp45
 70
     1
102
RTVSPropertyOp46
 70
     1
102
RTVSPropertyOp47
 70
     1
102
RTVSPropertyOp48
 70
     1
102
RTVSPropertyOp49
 70
     1
102
RTVSPropertyOp50
 70
     1
102
RTVSPropertyOp51
 70
     0
102
RTVSPropertyOp52
 70
     0
102
RTVSPropertyOp53
 70
     1
102
RTVSPropertyOp54
 70
     1
102
RTVSPropertyOp55
 70
     1
102
RTVSPropertyOp56
 70
     1
102
RTVSPropertyOp57
 70
     1
102
RTVSPropertyOp58
 70
     1
102
RTVSPropertyOp59
 70
     1
102
RTVSPropertyOp60
 70
     1
102
RTVSPropertyOp61
 70
     1
102
RTVSPropertyOp62
 70
     1
  0
XRECORD
  5
7D6
102
{ACAD_REACTORS
330
7D5
102
}
330
7D5
100
AcDbXrecord
280
     1
102
RTVSPost2010Prop28
280
     0
102
RTVSPost2010PropOp28
 70
     1
102
RTVSPost2010Prop29
280
     1
102
RTVSPost2010PropOp29
 70
     1
102
RTVSPost2010Prop30
280
     1
102
RTVSPost2010PropOp30
 70
     1
102
RTVSPost2010Prop31
280
     0
102
RTVSPost2010PropOp31
 70
     1
102
RTVSPost2010Prop32
280
     0
102
RTVSPost2010PropOp32
 70
     1
102
RTVSPost2010Prop33
280
     0
102
RTVSPost2010PropOp33
 70
     1
102
RTVSPost2010Prop34
280
     0
102
RTVSPost2010PropOp34
 70
     1
102
RTVSPost2010Prop35
280
     0
102
RTVSPost2010PropOp35
 70
     1
102
RTVSPost2010Prop36
280
     0
102
RTVSPost2010PropOp36
 70
     1
102
RTVSPost2010Prop37
 90
       50
102
RTVSPost2010PropOp37
 70
     1
102
RTVSPost2010Prop38
140
0.0
102
RTVSPost2010PropOp38
 70
     1
102
RTVSPost2010Prop39
140
1.0
102
RTVSPost2010PropOp39
 70
     1
102
RTVSPost2010Prop40
 90
        0
102
RTVSPost2010PropOp40
 70
     1
102
RTVSPost2010Prop41ColorIndex
 90
       18
102
RTVSPost2010Prop41ColorRGB
 90
        0
102
RTVSPost2010PropOp41
 70
     1
102
RTVSPost2010Prop42
 90
       50
102
RTVSPost2010PropOp42
 70
     1
102
RTVSPost2010Prop43
 90
        3
102
RTVSPost2010PropOp43
 70
     1
102
RTVSPost2010Prop44ColorIndex
 90
        5
102
RTVSPost2010Prop44ColorRGB
 90
      255
102
RTVSPost2010PropOp44
 70
     1
102
RTVSPost2010Prop45
280
     0
102
RTVSPost2010PropOp45
 70
     1
102
RTVSPost2010Prop46
 90
       50
102
RTVSPost2010PropOp46
 70
     1
102
RTVSPost2010Prop47
 90
       50
102
RTVSPost2010PropOp47
 70
     1
102
RTVSPost2010Prop48
 90
       50
102
RTVSPost2010PropOp48
 70
     1
102
RTVSPost2010Prop49
280
     0
102
RTVSPost2010PropOp49
 70
     1
102
RTVSPost2010Prop50
 90
       50
102
RTVSPost2010PropOp50
 70
     1
102
RTVSPost2010Prop51ColorIndex
 90
      256
102
RTVSPost2010Prop51ColorRGB
 90
-16777216
102
RTVSPost2010PropOp51
 70
     0
102
RTVSPost2010Prop52
140
1.0
102
RTVSPost2010PropOp52
 70
     0
102
RTVSPost2010Prop53
 90
        2
102
RTVSPost2010PropOp53
 70
     1
102
RTVSPost2010Prop54
  1
strokes_ogs.tif
102
RTVSPost2010PropOp54
 70
     1
102
RTVSPost2010Prop55
280
     0
102
RTVSPost2010PropOp55
 70
     1
102
RTVSPost2010Prop56
140
1.0
102
RTVSPost2010PropOp56
 70
     1
102
RTVSPost2010Prop57
140
1.0
102
RTVSPost2010PropOp57
 70
     1
102
RTVSPropertyOp0
 70
     0
102
RTVSPropertyOp1
 70
     0
102
RTVSPropertyOp2
 70
     0
102
RTVSPropertyOp3
 70
     0
102
RTVSPropertyOp4
 70
     0
102
RTVSPropertyOp5
 70
     0
102
RTVSPropertyOp6
 70
     0
102
RTVSPropertyOp7
 70
     0
102
RTVSPropertyOp8
 70
     0
102
RTVSPropertyOp9
 70
     0
102
RTVSPropertyOp10
 70
     0
102
RTVSPropertyOp11
 70
     0
102
RTVSPropertyOp12
 70
     0
102
RTVSPropertyOp13
 70
     0
102
RTVSPropertyOp14
 70
     2
102
RTVSPropertyOp15
 70
     0
102
RTVSPropertyOp16
 70
     0
102
RTVSPropertyOp17
 70
     0
102
RTVSPropertyOp18
 70
     0
102
RTVSPropertyOp19
 70
     0
102
RTVSPropertyOp20
 70
     0
102
RTVSPropertyOp21
 70
     0
102
RTVSPropertyOp22
 70
     0
102
RTVSPropertyOp23
 70
     0
102
RTVSPropertyOp24
 70
     0
102
RTVSPropertyOp25
 70
     0
102
RTVSPropertyOp26
 70
     0
102
RTVSPropertyOp27
 70
     0
102
RTVSPropertyOp28
 70
     1
102
RTVSPropertyOp29
 70
     1
102
RTVSPropertyOp30
 70
     1
102
RTVSPropertyOp31
 70
     1
102
RTVSPropertyOp32
 70
     1
102
RTVSPropertyOp33
 70
     1
102
RTVSPropertyOp34
 70
     1
102
RTVSPropertyOp35
 70
     1
102
RTVSPropertyOp36
 70
     1
102
RTVSPropertyOp37
 70
     1
102
RTVSPropertyOp38
 70
     1
102
RTVSPropertyOp39
 70
     1
102
RTVSPropertyOp40
 70
     1
102
RTVSPropertyOp41
 70
     1
102
RTVSPropertyOp42
 70
     1
102
RTVSPropertyOp43
 70
     1
102
RTVSPropertyOp44
 70
     1
102
RTVSPropertyOp45
 70
     1
102
RTVSPropertyOp46
 70
     1
102
RTVSPropertyOp47
 70
     1
102
RTVSPropertyOp48
 70
     1
102
RTVSPropertyOp49
 70
     1
102
RTVSPropertyOp50
 70
     1
102
RTVSPropertyOp51
 70
     0
102
RTVSPropertyOp52
 70
     0
102
RTVSPropertyOp53
 70
     1
102
RTVSPropertyOp54
 70
     1
102
RTVSPropertyOp55
 70
     1
102
RTVSPropertyOp56
 70
     1
102
RTVSPropertyOp57
 70
     1
102
RTVSPropertyOp58
 70
     1
102
RTVSPropertyOp59
 70
     1
102
RTVSPropertyOp60
 70
     1
102
RTVSPropertyOp61
 70
     1
102
RTVSPropertyOp62
 70
     1
  0
XRECORD
  5
7D0
102
{ACAD_REACTORS
330
7CF
102
}
330
7CF
100
AcDbXrecord
280
     1
102
RTVSPost2010Prop28
280
     0
102
RTVSPost2010PropOp28
 70
     1
102
RTVSPost2010Prop29
280
     1
102
RTVSPost2010PropOp29
 70
     1
102
RTVSPost2010Prop30
280
     1
102
RTVSPost2010PropOp30
 70
     1
102
RTVSPost2010Prop31
280
     0
102
RTVSPost2010PropOp31
 70
     1
102
RTVSPost2010Prop32
280
     0
102
RTVSPost2010PropOp32
 70
     1
102
RTVSPost2010Prop33
280
     0
102
RTVSPost2010PropOp33
 70
     1
102
RTVSPost2010Prop34
280
     0
102
RTVSPost2010PropOp34
 70
     1
102
RTVSPost2010Prop35
280
     0
102
RTVSPost2010PropOp35
 70
     1
102
RTVSPost2010Prop36
280
     0
102
RTVSPost2010PropOp36
 70
     1
102
RTVSPost2010Prop37
 90
       50
102
RTVSPost2010PropOp37
 70
     1
102
RTVSPost2010Prop38
140
0.0
102
RTVSPost2010PropOp38
 70
     1
102
RTVSPost2010Prop39
140
1.0
102
RTVSPost2010PropOp39
 70
     1
102
RTVSPost2010Prop40
 90
        0
102
RTVSPost2010PropOp40
 70
     1
102
RTVSPost2010Prop41ColorIndex
 90
       18
102
RTVSPost2010Prop41ColorRGB
 90
        0
102
RTVSPost2010PropOp41
 70
     1
102
RTVSPost2010Prop42
 90
       50
102
RTVSPost2010PropOp42
 70
     1
102
RTVSPost2010Prop43
 90
        3
102
RTVSPost2010PropOp43
 70
     1
102
RTVSPost2010Prop44ColorIndex
 90
        5
102
RTVSPost2010Prop44ColorRGB
 90
      255
102
RTVSPost2010PropOp44
 70
     1
102
RTVSPost2010Prop45
280
     0
102
RTVSPost2010PropOp45
 70
     1
102
RTVSPost2010Prop46
 90
       50
102
RTVSPost2010PropOp46
 70
     1
102
RTVSPost2010Prop47
 90
       50
102
RTVSPost2010PropOp47
 70
     1
102
RTVSPost2010Prop48
 90
       50
102
RTVSPost2010PropOp48
 70
     1
102
RTVSPost2010Prop49
280
     0
102
RTVSPost2010PropOp49
 70
     1
102
RTVSPost2010Prop50
 90
       50
102
RTVSPost2010PropOp50
 70
     1
102
RTVSPost2010Prop51ColorIndex
 90
      256
102
RTVSPost2010Prop51ColorRGB
 90
-16777216
102
RTVSPost2010PropOp51
 70
     0
102
RTVSPost2010Prop52
140
1.0
102
RTVSPost2010PropOp52
 70
     0
102
RTVSPost2010Prop53
 90
        2
102
RTVSPost2010PropOp53
 70
     1
102
RTVSPost2010Prop54
  1
strokes_ogs.tif
102
RTVSPost2010PropOp54
 70
     1
102
RTVSPost2010Prop55
280
     0
102
RTVSPost2010PropOp55
 70
     1
102
RTVSPost2010Prop56
140
1.0
102
RTVSPost2010PropOp56
 70
     1
102
RTVSPost2010Prop57
140
1.0
102
RTVSPost2010PropOp57
 70
     1
102
RTVSPropertyOp0
 70
     1
102
RTVSPropertyOp1
 70
     1
102
RTVSPropertyOp2
 70
     1
102
RTVSPropertyOp3
 70
     1
102
RTVSPropertyOp4
 70
     1
102
RTVSPropertyOp5
 70
     1
102
RTVSPropertyOp6
 70
     1
102
RTVSPropertyOp7
 70
     1
102
RTVSPropertyOp8
 70
     1
102
RTVSPropertyOp9
 70
     1
102
RTVSPropertyOp10
 70
     1
102
RTVSPropertyOp11
 70
     1
102
RTVSPropertyOp12
 70
     1
102
RTVSPropertyOp13
 70
     1
102
RTVSPropertyOp14
 70
     1
102
RTVSPropertyOp15
 70
     1
102
RTVSPropertyOp16
 70
     1
102
RTVSPropertyOp17
 70
     1
102
RTVSPropertyOp18
 70
     1
102
RTVSPropertyOp19
 70
     1
102
RTVSPropertyOp20
 70
     1
102
RTVSPropertyOp21
 70
     1
102
RTVSPropertyOp22
 70
     1
102
RTVSPropertyOp23
 70
     1
102
RTVSPropertyOp24
 70
     1
102
RTVSPropertyOp25
 70
     1
102
RTVSPropertyOp26
 70
     1
102
RTVSPropertyOp27
 70
     1
102
RTVSPropertyOp28
 70
     1
102
RTVSPropertyOp29
 70
     1
102
RTVSPropertyOp30
 70
     1
102
RTVSPropertyOp31
 70
     1
102
RTVSPropertyOp32
 70
     1
102
RTVSPropertyOp33
 70
     1
102
RTVSPropertyOp34
 70
     1
102
RTVSPropertyOp35
 70
     1
102
RTVSPropertyOp36
 70
     1
102
RTVSPropertyOp37
 70
     1
102
RTVSPropertyOp38
 70
     1
102
RTVSPropertyOp39
 70
     1
102
RTVSPropertyOp40
 70
     1
102
RTVSPropertyOp41
 70
     1
102
RTVSPropertyOp42
 70
     1
102
RTVSPropertyOp43
 70
     1
102
RTVSPropertyOp44
 70
     1
102
RTVSPropertyOp45
 70
     1
102
RTVSPropertyOp46
 70
     1
102
RTVSPropertyOp47
 70
     1
102
RTVSPropertyOp48
 70
     1
102
RTVSPropertyOp49
 70
     1
102
RTVSPropertyOp50
 70
     1
102
RTVSPropertyOp51
 70
     0
102
RTVSPropertyOp52
 70
     0
102
RTVSPropertyOp53
 70
     1
102
RTVSPropertyOp54
 70
     1
102
RTVSPropertyOp55
 70
     1
102
RTVSPropertyOp56
 70
     1
102
RTVSPropertyOp57
 70
     1
102
RTVSPropertyOp58
 70
     1
102
RTVSPropertyOp59
 70
     1
102
RTVSPropertyOp60
 70
     1
102
RTVSPropertyOp61
 70
     1
102
RTVSPropertyOp62
 70
     1
  0
XRECORD
  5
7D8
102
{ACAD_REACTORS
330
7D7
102
}
330
7D7
100
AcDbXrecord
280
     1
102
RTVSPost2010Prop28
280
     0
102
RTVSPost2010PropOp28
 70
     1
102
RTVSPost2010Prop29
280
     1
102
RTVSPost2010PropOp29
 70
     1
102
RTVSPost2010Prop30
280
     1
102
RTVSPost2010PropOp30
 70
     1
102
RTVSPost2010Prop31
280
     0
102
RTVSPost2010PropOp31
 70
     1
102
RTVSPost2010Prop32
280
     0
102
RTVSPost2010PropOp32
 70
     1
102
RTVSPost2010Prop33
280
     0
102
RTVSPost2010PropOp33
 70
     1
102
RTVSPost2010Prop34
280
     0
102
RTVSPost2010PropOp34
 70
     1
102
RTVSPost2010Prop35
280
     0
102
RTVSPost2010PropOp35
 70
     1
102
RTVSPost2010Prop36
280
     0
102
RTVSPost2010PropOp36
 70
     1
102
RTVSPost2010Prop37
 90
       50
102
RTVSPost2010PropOp37
 70
     1
102
RTVSPost2010Prop38
140
0.0
102
RTVSPost2010PropOp38
 70
     1
102
RTVSPost2010Prop39
140
1.0
102
RTVSPost2010PropOp39
 70
     1
102
RTVSPost2010Prop40
 90
        0
102
RTVSPost2010PropOp40
 70
     1
102
RTVSPost2010Prop41ColorIndex
 90
       18
102
RTVSPost2010Prop41ColorRGB
 90
        0
102
RTVSPost2010PropOp41
 70
     1
102
RTVSPost2010Prop42
 90
       50
102
RTVSPost2010PropOp42
 70
     1
102
RTVSPost2010Prop43
 90
        3
102
RTVSPost2010PropOp43
 70
     1
102
RTVSPost2010Prop44ColorIndex
 90
        5
102
RTVSPost2010Prop44ColorRGB
 90
      255
102
RTVSPost2010PropOp44
 70
     1
102
RTVSPost2010Prop45
280
     0
102
RTVSPost2010PropOp45
 70
     1
102
RTVSPost2010Prop46
 90
       50
102
RTVSPost2010PropOp46
 70
     1
102
RTVSPost2010Prop47
 90
       50
102
RTVSPost2010PropOp47
 70
     1
102
RTVSPost2010Prop48
 90
       50
102
RTVSPost2010PropOp48
 70
     1
102
RTVSPost2010Prop49
280
     0
102
RTVSPost2010PropOp49
 70
     1
102
RTVSPost2010Prop50
 90
       50
102
RTVSPost2010PropOp50
 70
     1
102
RTVSPost2010Prop51ColorIndex
 90
      256
102
RTVSPost2010Prop51ColorRGB
 90
-16777216
102
RTVSPost2010PropOp51
 70
     0
102
RTVSPost2010Prop52
140
1.0
102
RTVSPost2010PropOp52
 70
     0
102
RTVSPost2010Prop53
 90
        2
102
RTVSPost2010PropOp53
 70
     1
102
RTVSPost2010Prop54
  1
strokes_ogs.tif
102
RTVSPost2010PropOp54
 70
     1
102
RTVSPost2010Prop55
280
     0
102
RTVSPost2010PropOp55
 70
     1
102
RTVSPost2010Prop56
140
1.0
102
RTVSPost2010PropOp56
 70
     1
102
RTVSPost2010Prop57
140
1.0
102
RTVSPost2010PropOp57
 70
     1
102
RTVSPropertyOp0
 70
     0
102
RTVSPropertyOp1
 70
     0
102
RTVSPropertyOp2
 70
     0
102
RTVSPropertyOp3
 70
     0
102
RTVSPropertyOp4
 70
     0
102
RTVSPropertyOp5
 70
     0
102
RTVSPropertyOp6
 70
     0
102
RTVSPropertyOp7
 70
     0
102
RTVSPropertyOp8
 70
     0
102
RTVSPropertyOp9
 70
     0
102
RTVSPropertyOp10
 70
     0
102
RTVSPropertyOp11
 70
     0
102
RTVSPropertyOp12
 70
     0
102
RTVSPropertyOp13
 70
     0
102
RTVSPropertyOp14
 70
     2
102
RTVSPropertyOp15
 70
     0
102
RTVSPropertyOp16
 70
     0
102
RTVSPropertyOp17
 70
     0
102
RTVSPropertyOp18
 70
     0
102
RTVSPropertyOp19
 70
     0
102
RTVSPropertyOp20
 70
     0
102
RTVSPropertyOp21
 70
     0
102
RTVSPropertyOp22
 70
     0
102
RTVSPropertyOp23
 70
     0
102
RTVSPropertyOp24
 70
     0
102
RTVSPropertyOp25
 70
     0
102
RTVSPropertyOp26
 70
     0
102
RTVSPropertyOp27
 70
     0
102
RTVSPropertyOp28
 70
     1
102
RTVSPropertyOp29
 70
     1
102
RTVSPropertyOp30
 70
     1
102
RTVSPropertyOp31
 70
     1
102
RTVSPropertyOp32
 70
     1
102
RTVSPropertyOp33
 70
     1
102
RTVSPropertyOp34
 70
     1
102
RTVSPropertyOp35
 70
     1
102
RTVSPropertyOp36
 70
     1
102
RTVSPropertyOp37
 70
     1
102
RTVSPropertyOp38
 70
     1
102
RTVSPropertyOp39
 70
     1
102
RTVSPropertyOp40
 70
     1
102
RTVSPropertyOp41
 70
     1
102
RTVSPropertyOp42
 70
     1
102
RTVSPropertyOp43
 70
     1
102
RTVSPropertyOp44
 70
     1
102
RTVSPropertyOp45
 70
     1
102
RTVSPropertyOp46
 70
     1
102
RTVSPropertyOp47
 70
     1
102
RTVSPropertyOp48
 70
     1
102
RTVSPropertyOp49
 70
     1
102
RTVSPropertyOp50
 70
     1
102
RTVSPropertyOp51
 70
     0
102
RTVSPropertyOp52
 70
     0
102
RTVSPropertyOp53
 70
     1
102
RTVSPropertyOp54
 70
     1
102
RTVSPropertyOp55
 70
     1
102
RTVSPropertyOp56
 70
     1
102
RTVSPropertyOp57
 70
     1
102
RTVSPropertyOp58
 70
     1
102
RTVSPropertyOp59
 70
     1
102
RTVSPropertyOp60
 70
     1
102
RTVSPropertyOp61
 70
     1
102
RTVSPropertyOp62
 70
     1
  0
XRECORD
  5
7C8
102
{ACAD_REACTORS
330
7C7
102
}
330
7C7
100
AcDbXrecord
280
     1
102
RTVSPost2010Prop28
280
     0
102
RTVSPost2010PropOp28
 70
     1
102
RTVSPost2010Prop29
280
     1
102
RTVSPost2010PropOp29
 70
     1
102
RTVSPost2010Prop30
280
     1
102
RTVSPost2010PropOp30
 70
     1
102
RTVSPost2010Prop31
280
     0
102
RTVSPost2010PropOp31
 70
     1
102
RTVSPost2010Prop32
280
     0
102
RTVSPost2010PropOp32
 70
     1
102
RTVSPost2010Prop33
280
     0
102
RTVSPost2010PropOp33
 70
     1
102
RTVSPost2010Prop34
280
     0
102
RTVSPost2010PropOp34
 70
     1
102
RTVSPost2010Prop35
280
     0
102
RTVSPost2010PropOp35
 70
     1
102
RTVSPost2010Prop36
280
     0
102
RTVSPost2010PropOp36
 70
     1
102
RTVSPost2010Prop37
 90
       50
102
RTVSPost2010PropOp37
 70
     1
102
RTVSPost2010Prop38
140
0.0
102
RTVSPost2010PropOp38
 70
     1
102
RTVSPost2010Prop39
140
1.0
102
RTVSPost2010PropOp39
 70
     1
102
RTVSPost2010Prop40
 90
        0
102
RTVSPost2010PropOp40
 70
     1
102
RTVSPost2010Prop41ColorIndex
 90
       18
102
RTVSPost2010Prop41ColorRGB
 90
        0
102
RTVSPost2010PropOp41
 70
     1
102
RTVSPost2010Prop42
 90
       50
102
RTVSPost2010PropOp42
 70
     1
102
RTVSPost2010Prop43
 90
        3
102
RTVSPost2010PropOp43
 70
     1
102
RTVSPost2010Prop44ColorIndex
 90
        5
102
RTVSPost2010Prop44ColorRGB
 90
      255
102
RTVSPost2010PropOp44
 70
     1
102
RTVSPost2010Prop45
280
     0
102
RTVSPost2010PropOp45
 70
     1
102
RTVSPost2010Prop46
 90
       50
102
RTVSPost2010PropOp46
 70
     1
102
RTVSPost2010Prop47
 90
       50
102
RTVSPost2010PropOp47
 70
     1
102
RTVSPost2010Prop48
 90
       50
102
RTVSPost2010PropOp48
 70
     1
102
RTVSPost2010Prop49
280
     0
102
RTVSPost2010PropOp49
 70
     1
102
RTVSPost2010Prop50
 90
       50
102
RTVSPost2010PropOp50
 70
     1
102
RTVSPost2010Prop51ColorIndex
 90
      256
102
RTVSPost2010Prop51ColorRGB
 90
-16777216
102
RTVSPost2010PropOp51
 70
     0
102
RTVSPost2010Prop52
140
1.0
102
RTVSPost2010PropOp52
 70
     0
102
RTVSPost2010Prop53
 90
        2
102
RTVSPost2010PropOp53
 70
     1
102
RTVSPost2010Prop54
  1
strokes_ogs.tif
102
RTVSPost2010PropOp54
 70
     1
102
RTVSPost2010Prop55
280
     0
102
RTVSPost2010PropOp55
 70
     1
102
RTVSPost2010Prop56
140
1.0
102
RTVSPost2010PropOp56
 70
     1
102
RTVSPost2010Prop57
140
1.0
102
RTVSPost2010PropOp57
 70
     1
102
RTVSPropertyOp0
 70
     1
102
RTVSPropertyOp1
 70
     1
102
RTVSPropertyOp2
 70
     1
102
RTVSPropertyOp3
 70
     1
102
RTVSPropertyOp4
 70
     1
102
RTVSPropertyOp5
 70
     1
102
RTVSPropertyOp6
 70
     1
102
RTVSPropertyOp7
 70
     1
102
RTVSPropertyOp8
 70
     1
102
RTVSPropertyOp9
 70
     1
102
RTVSPropertyOp10
 70
     1
102
RTVSPropertyOp11
 70
     1
102
RTVSPropertyOp12
 70
     1
102
RTVSPropertyOp13
 70
     1
102
RTVSPropertyOp14
 70
     1
102
RTVSPropertyOp15
 70
     1
102
RTVSPropertyOp16
 70
     1
102
RTVSPropertyOp17
 70
     1
102
RTVSPropertyOp18
 70
     1
102
RTVSPropertyOp19
 70
     1
102
RTVSPropertyOp20
 70
     1
102
RTVSPropertyOp21
 70
     1
102
RTVSPropertyOp22
 70
     1
102
RTVSPropertyOp23
 70
     1
102
RTVSPropertyOp24
 70
     1
102
RTVSPropertyOp25
 70
     1
102
RTVSPropertyOp26
 70
     1
102
RTVSPropertyOp27
 70
     1
102
RTVSPropertyOp28
 70
     1
102
RTVSPropertyOp29
 70
     1
102
RTVSPropertyOp30
 70
     1
102
RTVSPropertyOp31
 70
     1
102
RTVSPropertyOp32
 70
     1
102
RTVSPropertyOp33
 70
     1
102
RTVSPropertyOp34
 70
     1
102
RTVSPropertyOp35
 70
     1
102
RTVSPropertyOp36
 70
     1
102
RTVSPropertyOp37
 70
     1
102
RTVSPropertyOp38
 70
     1
102
RTVSPropertyOp39
 70
     1
102
RTVSPropertyOp40
 70
     1
102
RTVSPropertyOp41
 70
     1
102
RTVSPropertyOp42
 70
     1
102
RTVSPropertyOp43
 70
     1
102
RTVSPropertyOp44
 70
     1
102
RTVSPropertyOp45
 70
     1
102
RTVSPropertyOp46
 70
     1
102
RTVSPropertyOp47
 70
     1
102
RTVSPropertyOp48
 70
     1
102
RTVSPropertyOp49
 70
     1
102
RTVSPropertyOp50
 70
     1
102
RTVSPropertyOp51
 70
     0
102
RTVSPropertyOp52
 70
     0
102
RTVSPropertyOp53
 70
     1
102
RTVSPropertyOp54
 70
     1
102
RTVSPropertyOp55
 70
     1
102
RTVSPropertyOp56
 70
     1
102
RTVSPropertyOp57
 70
     1
102
RTVSPropertyOp58
 70
     1
102
RTVSPropertyOp59
 70
     1
102
RTVSPropertyOp60
 70
     1
102
RTVSPropertyOp61
 70
     1
102
RTVSPropertyOp62
 70
     1
  0
XRECORD
  5
7E4
102
{ACAD_REACTORS
330
7E3
102
}
330
7E3
100
AcDbXrecord
280
     1
102
RTVSPost2010Prop28
280
     0
102
RTVSPost2010PropOp28
 70
     1
102
RTVSPost2010Prop29
280
     1
102
RTVSPost2010PropOp29
 70
     1
102
RTVSPost2010Prop30
280
     1
102
RTVSPost2010PropOp30
 70
     1
102
RTVSPost2010Prop31
280
     0
102
RTVSPost2010PropOp31
 70
     1
102
RTVSPost2010Prop32
280
     0
102
RTVSPost2010PropOp32
 70
     1
102
RTVSPost2010Prop33
280
     0
102
RTVSPost2010PropOp33
 70
     1
102
RTVSPost2010Prop34
280
     0
102
RTVSPost2010PropOp34
 70
     1
102
RTVSPost2010Prop35
280
     0
102
RTVSPost2010PropOp35
 70
     1
102
RTVSPost2010Prop36
280
     0
102
RTVSPost2010PropOp36
 70
     1
102
RTVSPost2010Prop37
 90
       50
102
RTVSPost2010PropOp37
 70
     1
102
RTVSPost2010Prop38
140
0.0
102
RTVSPost2010PropOp38
 70
     1
102
RTVSPost2010Prop39
140
1.0
102
RTVSPost2010PropOp39
 70
     1
102
RTVSPost2010Prop40
 90
        0
102
RTVSPost2010PropOp40
 70
     1
102
RTVSPost2010Prop41ColorIndex
 90
       18
102
RTVSPost2010Prop41ColorRGB
 90
        0
102
RTVSPost2010PropOp41
 70
     1
102
RTVSPost2010Prop42
 90
       50
102
RTVSPost2010PropOp42
 70
     1
102
RTVSPost2010Prop43
 90
        3
102
RTVSPost2010PropOp43
 70
     1
102
RTVSPost2010Prop44ColorIndex
 90
        5
102
RTVSPost2010Prop44ColorRGB
 90
      255
102
RTVSPost2010PropOp44
 70
     1
102
RTVSPost2010Prop45
280
     0
102
RTVSPost2010PropOp45
 70
     1
102
RTVSPost2010Prop46
 90
       50
102
RTVSPost2010PropOp46
 70
     1
102
RTVSPost2010Prop47
 90
       50
102
RTVSPost2010PropOp47
 70
     1
102
RTVSPost2010Prop48
 90
       50
102
RTVSPost2010PropOp48
 70
     1
102
RTVSPost2010Prop49
280
     0
102
RTVSPost2010PropOp49
 70
     1
102
RTVSPost2010Prop50
 90
       50
102
RTVSPost2010PropOp50
 70
     1
102
RTVSPost2010Prop51ColorIndex
 90
      256
102
RTVSPost2010Prop51ColorRGB
 90
-16777216
102
RTVSPost2010PropOp51
 70
     0
102
RTVSPost2010Prop52
140
1.0
102
RTVSPost2010PropOp52
 70
     0
102
RTVSPost2010Prop53
 90
        2
102
RTVSPost2010PropOp53
 70
     1
102
RTVSPost2010Prop54
  1
strokes_ogs.tif
102
RTVSPost2010PropOp54
 70
     1
102
RTVSPost2010Prop55
280
     0
102
RTVSPost2010PropOp55
 70
     1
102
RTVSPost2010Prop56
140
1.0
102
RTVSPost2010PropOp56
 70
     1
102
RTVSPost2010Prop57
140
1.0
102
RTVSPost2010PropOp57
 70
     1
102
RTVSPropertyOp0
 70
     1
102
RTVSPropertyOp1
 70
     1
102
RTVSPropertyOp2
 70
     1
102
RTVSPropertyOp3
 70
     1
102
RTVSPropertyOp4
 70
     1
102
RTVSPropertyOp5
 70
     1
102
RTVSPropertyOp6
 70
     1
102
RTVSPropertyOp7
 70
     1
102
RTVSPropertyOp8
 70
     1
102
RTVSPropertyOp9
 70
     1
102
RTVSPropertyOp10
 70
     1
102
RTVSPropertyOp11
 70
     1
102
RTVSPropertyOp12
 70
     1
102
RTVSPropertyOp13
 70
     1
102
RTVSPropertyOp14
 70
     1
102
RTVSPropertyOp15
 70
     1
102
RTVSPropertyOp16
 70
     1
102
RTVSPropertyOp17
 70
     1
102
RTVSPropertyOp18
 70
     1
102
RTVSPropertyOp19
 70
     1
102
RTVSPropertyOp20
 70
     1
102
RTVSPropertyOp21
 70
     1
102
RTVSPropertyOp22
 70
     1
102
RTVSPropertyOp23
 70
     1
102
RTVSPropertyOp24
 70
     1
102
RTVSPropertyOp25
 70
     1
102
RTVSPropertyOp26
 70
     1
102
RTVSPropertyOp27
 70
     1
102
RTVSPropertyOp28
 70
     1
102
RTVSPropertyOp29
 70
     1
102
RTVSPropertyOp30
 70
     1
102
RTVSPropertyOp31
 70
     1
102
RTVSPropertyOp32
 70
     1
102
RTVSPropertyOp33
 70
     1
102
RTVSPropertyOp34
 70
     1
102
RTVSPropertyOp35
 70
     1
102
RTVSPropertyOp36
 70
     1
102
RTVSPropertyOp37
 70
     1
102
RTVSPropertyOp38
 70
     1
102
RTVSPropertyOp39
 70
     1
102
RTVSPropertyOp40
 70
     1
102
RTVSPropertyOp41
 70
     1
102
RTVSPropertyOp42
 70
     1
102
RTVSPropertyOp43
 70
     1
102
RTVSPropertyOp44
 70
     1
102
RTVSPropertyOp45
 70
     1
102
RTVSPropertyOp46
 70
     1
102
RTVSPropertyOp47
 70
     1
102
RTVSPropertyOp48
 70
     1
102
RTVSPropertyOp49
 70
     1
102
RTVSPropertyOp50
 70
     1
102
RTVSPropertyOp51
 70
     0
102
RTVSPropertyOp52
 70
     0
102
RTVSPropertyOp53
 70
     1
102
RTVSPropertyOp54
 70
     1
102
RTVSPropertyOp55
 70
     1
102
RTVSPropertyOp56
 70
     1
102
RTVSPropertyOp57
 70
     1
102
RTVSPropertyOp58
 70
     1
102
RTVSPropertyOp59
 70
     1
102
RTVSPropertyOp60
 70
     1
102
RTVSPropertyOp61
 70
     1
102
RTVSPropertyOp62
 70
     1
  0
XRECORD
  5
7E2
102
{ACAD_REACTORS
330
7E1
102
}
330
7E1
100
AcDbXrecord
280
     1
102
RTVSPost2010Prop28
280
     0
102
RTVSPost2010PropOp28
 70
     1
102
RTVSPost2010Prop29
280
     1
102
RTVSPost2010PropOp29
 70
     1
102
RTVSPost2010Prop30
280
     1
102
RTVSPost2010PropOp30
 70
     1
102
RTVSPost2010Prop31
280
     0
102
RTVSPost2010PropOp31
 70
     1
102
RTVSPost2010Prop32
280
     0
102
RTVSPost2010PropOp32
 70
     1
102
RTVSPost2010Prop33
280
     0
102
RTVSPost2010PropOp33
 70
     1
102
RTVSPost2010Prop34
280
     0
102
RTVSPost2010PropOp34
 70
     1
102
RTVSPost2010Prop35
280
     0
102
RTVSPost2010PropOp35
 70
     1
102
RTVSPost2010Prop36
280
     0
102
RTVSPost2010PropOp36
 70
     1
102
RTVSPost2010Prop37
 90
       50
102
RTVSPost2010PropOp37
 70
     1
102
RTVSPost2010Prop38
140
0.0
102
RTVSPost2010PropOp38
 70
     1
102
RTVSPost2010Prop39
140
1.0
102
RTVSPost2010PropOp39
 70
     1
102
RTVSPost2010Prop40
 90
        0
102
RTVSPost2010PropOp40
 70
     1
102
RTVSPost2010Prop41ColorIndex
 90
       18
102
RTVSPost2010Prop41ColorRGB
 90
        0
102
RTVSPost2010PropOp41
 70
     1
102
RTVSPost2010Prop42
 90
       50
102
RTVSPost2010PropOp42
 70
     1
102
RTVSPost2010Prop43
 90
        3
102
RTVSPost2010PropOp43
 70
     1
102
RTVSPost2010Prop44ColorIndex
 90
        5
102
RTVSPost2010Prop44ColorRGB
 90
      255
102
RTVSPost2010PropOp44
 70
     1
102
RTVSPost2010Prop45
280
     0
102
RTVSPost2010PropOp45
 70
     1
102
RTVSPost2010Prop46
 90
       50
102
RTVSPost2010PropOp46
 70
     1
102
RTVSPost2010Prop47
 90
       50
102
RTVSPost2010PropOp47
 70
     1
102
RTVSPost2010Prop48
 90
       50
102
RTVSPost2010PropOp48
 70
     1
102
RTVSPost2010Prop49
280
     0
102
RTVSPost2010PropOp49
 70
     1
102
RTVSPost2010Prop50
 90
       50
102
RTVSPost2010PropOp50
 70
     1
102
RTVSPost2010Prop51ColorIndex
 90
      256
102
RTVSPost2010Prop51ColorRGB
 90
-16777216
102
RTVSPost2010PropOp51
 70
     0
102
RTVSPost2010Prop52
140
1.0
102
RTVSPost2010PropOp52
 70
     0
102
RTVSPost2010Prop53
 90
        2
102
RTVSPost2010PropOp53
 70
     1
102
RTVSPost2010Prop54
  1
strokes_ogs.tif
102
RTVSPost2010PropOp54
 70
     1
102
RTVSPost2010Prop55
280
     0
102
RTVSPost2010PropOp55
 70
     1
102
RTVSPost2010Prop56
140
1.0
102
RTVSPost2010PropOp56
 70
     1
102
RTVSPost2010Prop57
140
1.0
102
RTVSPost2010PropOp57
 70
     1
102
RTVSPropertyOp0
 70
     1
102
RTVSPropertyOp1
 70
     1
102
RTVSPropertyOp2
 70
     1
102
RTVSPropertyOp3
 70
     1
102
RTVSPropertyOp4
 70
     1
102
RTVSPropertyOp5
 70
     1
102
RTVSPropertyOp6
 70
     1
102
RTVSPropertyOp7
 70
     1
102
RTVSPropertyOp8
 70
     1
102
RTVSPropertyOp9
 70
     1
102
RTVSPropertyOp10
 70
     1
102
RTVSPropertyOp11
 70
     1
102
RTVSPropertyOp12
 70
     1
102
RTVSPropertyOp13
 70
     1
102
RTVSPropertyOp14
 70
     1
102
RTVSPropertyOp15
 70
     1
102
RTVSPropertyOp16
 70
     1
102
RTVSPropertyOp17
 70
     1
102
RTVSPropertyOp18
 70
     1
102
RTVSPropertyOp19
 70
     1
102
RTVSPropertyOp20
 70
     1
102
RTVSPropertyOp21
 70
     1
102
RTVSPropertyOp22
 70
     1
102
RTVSPropertyOp23
 70
     1
102
RTVSPropertyOp24
 70
     1
102
RTVSPropertyOp25
 70
     1
102
RTVSPropertyOp26
 70
     1
102
RTVSPropertyOp27
 70
     1
102
RTVSPropertyOp28
 70
     1
102
RTVSPropertyOp29
 70
     1
102
RTVSPropertyOp30
 70
     1
102
RTVSPropertyOp31
 70
     1
102
RTVSPropertyOp32
 70
     1
102
RTVSPropertyOp33
 70
     1
102
RTVSPropertyOp34
 70
     1
102
RTVSPropertyOp35
 70
     1
102
RTVSPropertyOp36
 70
     1
102
RTVSPropertyOp37
 70
     1
102
RTVSPropertyOp38
 70
     1
102
RTVSPropertyOp39
 70
     1
102
RTVSPropertyOp40
 70
     1
102
RTVSPropertyOp41
 70
     1
102
RTVSPropertyOp42
 70
     1
102
RTVSPropertyOp43
 70
     1
102
RTVSPropertyOp44
 70
     1
102
RTVSPropertyOp45
 70
     1
102
RTVSPropertyOp46
 70
     1
102
RTVSPropertyOp47
 70
     1
102
RTVSPropertyOp48
 70
     1
102
RTVSPropertyOp49
 70
     1
102
RTVSPropertyOp50
 70
     1
102
RTVSPropertyOp51
 70
     0
102
RTVSPropertyOp52
 70
     0
102
RTVSPropertyOp53
 70
     1
102
RTVSPropertyOp54
 70
     1
102
RTVSPropertyOp55
 70
     1
102
RTVSPropertyOp56
 70
     1
102
RTVSPropertyOp57
 70
     1
102
RTVSPropertyOp58
 70
     1
102
RTVSPropertyOp59
 70
     1
102
RTVSPropertyOp60
 70
     1
102
RTVSPropertyOp61
 70
     1
102
RTVSPropertyOp62
 70
     1
  0
XRECORD
  5
7DC
102
{ACAD_REACTORS
330
7DB
102
}
330
7DB
100
AcDbXrecord
280
     1
102
RTVSPost2010Prop28
280
     0
102
RTVSPost2010PropOp28
 70
     1
102
RTVSPost2010Prop29
280
     1
102
RTVSPost2010PropOp29
 70
     1
102
RTVSPost2010Prop30
280
     1
102
RTVSPost2010PropOp30
 70
     1
102
RTVSPost2010Prop31
280
     0
102
RTVSPost2010PropOp31
 70
     1
102
RTVSPost2010Prop32
280
     0
102
RTVSPost2010PropOp32
 70
     1
102
RTVSPost2010Prop33
280
     0
102
RTVSPost2010PropOp33
 70
     1
102
RTVSPost2010Prop34
280
     0
102
RTVSPost2010PropOp34
 70
     1
102
RTVSPost2010Prop35
280
     0
102
RTVSPost2010PropOp35
 70
     1
102
RTVSPost2010Prop36
280
     0
102
RTVSPost2010PropOp36
 70
     1
102
RTVSPost2010Prop37
 90
       50
102
RTVSPost2010PropOp37
 70
     1
102
RTVSPost2010Prop38
140
0.0
102
RTVSPost2010PropOp38
 70
     1
102
RTVSPost2010Prop39
140
1.0
102
RTVSPost2010PropOp39
 70
     1
102
RTVSPost2010Prop40
 90
        0
102
RTVSPost2010PropOp40
 70
     1
102
RTVSPost2010Prop41ColorIndex
 90
       18
102
RTVSPost2010Prop41ColorRGB
 90
        0
102
RTVSPost2010PropOp41
 70
     1
102
RTVSPost2010Prop42
 90
       50
102
RTVSPost2010PropOp42
 70
     1
102
RTVSPost2010Prop43
 90
        3
102
RTVSPost2010PropOp43
 70
     1
102
RTVSPost2010Prop44ColorIndex
 90
        5
102
RTVSPost2010Prop44ColorRGB
 90
      255
102
RTVSPost2010PropOp44
 70
     1
102
RTVSPost2010Prop45
280
     0
102
RTVSPost2010PropOp45
 70
     1
102
RTVSPost2010Prop46
 90
       50
102
RTVSPost2010PropOp46
 70
     1
102
RTVSPost2010Prop47
 90
       50
102
RTVSPost2010PropOp47
 70
     1
102
RTVSPost2010Prop48
 90
       50
102
RTVSPost2010PropOp48
 70
     1
102
RTVSPost2010Prop49
280
     0
102
RTVSPost2010PropOp49
 70
     1
102
RTVSPost2010Prop50
 90
       50
102
RTVSPost2010PropOp50
 70
     1
102
RTVSPost2010Prop51ColorIndex
 90
      256
102
RTVSPost2010Prop51ColorRGB
 90
-16777216
102
RTVSPost2010PropOp51
 70
     0
102
RTVSPost2010Prop52
140
1.0
102
RTVSPost2010PropOp52
 70
     0
102
RTVSPost2010Prop53
 90
        2
102
RTVSPost2010PropOp53
 70
     1
102
RTVSPost2010Prop54
  1
strokes_ogs.tif
102
RTVSPost2010PropOp54
 70
     1
102
RTVSPost2010Prop55
280
     0
102
RTVSPost2010PropOp55
 70
     1
102
RTVSPost2010Prop56
140
1.0
102
RTVSPost2010PropOp56
 70
     1
102
RTVSPost2010Prop57
140
1.0
102
RTVSPost2010PropOp57
 70
     1
102
RTVSPropertyOp0
 70
     1
102
RTVSPropertyOp1
 70
     1
102
RTVSPropertyOp2
 70
     1
102
RTVSPropertyOp3
 70
     1
102
RTVSPropertyOp4
 70
     1
102
RTVSPropertyOp5
 70
     1
102
RTVSPropertyOp6
 70
     1
102
RTVSPropertyOp7
 70
     1
102
RTVSPropertyOp8
 70
     1
102
RTVSPropertyOp9
 70
     1
102
RTVSPropertyOp10
 70
     1
102
RTVSPropertyOp11
 70
     1
102
RTVSPropertyOp12
 70
     1
102
RTVSPropertyOp13
 70
     1
102
RTVSPropertyOp14
 70
     1
102
RTVSPropertyOp15
 70
     1
102
RTVSPropertyOp16
 70
     1
102
RTVSPropertyOp17
 70
     1
102
RTVSPropertyOp18
 70
     1
102
RTVSPropertyOp19
 70
     1
102
RTVSPropertyOp20
 70
     1
102
RTVSPropertyOp21
 70
     1
102
RTVSPropertyOp22
 70
     1
102
RTVSPropertyOp23
 70
     1
102
RTVSPropertyOp24
 70
     1
102
RTVSPropertyOp25
 70
     1
102
RTVSPropertyOp26
 70
     1
102
RTVSPropertyOp27
 70
     1
102
RTVSPropertyOp28
 70
     1
102
RTVSPropertyOp29
 70
     1
102
RTVSPropertyOp30
 70
     1
102
RTVSPropertyOp31
 70
     1
102
RTVSPropertyOp32
 70
     1
102
RTVSPropertyOp33
 70
     1
102
RTVSPropertyOp34
 70
     1
102
RTVSPropertyOp35
 70
     1
102
RTVSPropertyOp36
 70
     1
102
RTVSPropertyOp37
 70
     1
102
RTVSPropertyOp38
 70
     1
102
RTVSPropertyOp39
 70
     1
102
RTVSPropertyOp40
 70
     1
102
RTVSPropertyOp41
 70
     1
102
RTVSPropertyOp42
 70
     1
102
RTVSPropertyOp43
 70
     1
102
RTVSPropertyOp44
 70
     1
102
RTVSPropertyOp45
 70
     1
102
RTVSPropertyOp46
 70
     1
102
RTVSPropertyOp47
 70
     1
102
RTVSPropertyOp48
 70
     1
102
RTVSPropertyOp49
 70
     1
102
RTVSPropertyOp50
 70
     1
102
RTVSPropertyOp51
 70
     0
102
RTVSPropertyOp52
 70
     0
102
RTVSPropertyOp53
 70
     1
102
RTVSPropertyOp54
 70
     1
102
RTVSPropertyOp55
 70
     1
102
RTVSPropertyOp56
 70
     1
102
RTVSPropertyOp57
 70
     1
102
RTVSPropertyOp58
 70
     1
102
RTVSPropertyOp59
 70
     1
102
RTVSPropertyOp60
 70
     1
102
RTVSPropertyOp61
 70
     1
102
RTVSPropertyOp62
 70
     1
  0
XRECORD
  5
7DE
102
{ACAD_REACTORS
330
7DD
102
}
330
7DD
100
AcDbXrecord
280
     1
102
RTVSPost2010Prop28
280
     0
102
RTVSPost2010PropOp28
 70
     1
102
RTVSPost2010Prop29
280
     1
102
RTVSPost2010PropOp29
 70
     1
102
RTVSPost2010Prop30
280
     1
102
RTVSPost2010PropOp30
 70
     1
102
RTVSPost2010Prop31
280
     0
102
RTVSPost2010PropOp31
 70
     1
102
RTVSPost2010Prop32
280
     0
102
RTVSPost2010PropOp32
 70
     1
102
RTVSPost2010Prop33
280
     0
102
RTVSPost2010PropOp33
 70
     1
102
RTVSPost2010Prop34
280
     0
102
RTVSPost2010PropOp34
 70
     1
102
RTVSPost2010Prop35
280
     0
102
RTVSPost2010PropOp35
 70
     1
102
RTVSPost2010Prop36
280
     0
102
RTVSPost2010PropOp36
 70
     1
102
RTVSPost2010Prop37
 90
       50
102
RTVSPost2010PropOp37
 70
     1
102
RTVSPost2010Prop38
140
0.0
102
RTVSPost2010PropOp38
 70
     1
102
RTVSPost2010Prop39
140
1.0
102
RTVSPost2010PropOp39
 70
     1
102
RTVSPost2010Prop40
 90
        0
102
RTVSPost2010PropOp40
 70
     1
102
RTVSPost2010Prop41ColorIndex
 90
       18
102
RTVSPost2010Prop41ColorRGB
 90
        0
102
RTVSPost2010PropOp41
 70
     1
102
RTVSPost2010Prop42
 90
       50
102
RTVSPost2010PropOp42
 70
     1
102
RTVSPost2010Prop43
 90
        3
102
RTVSPost2010PropOp43
 70
     1
102
RTVSPost2010Prop44ColorIndex
 90
        5
102
RTVSPost2010Prop44ColorRGB
 90
      255
102
RTVSPost2010PropOp44
 70
     1
102
RTVSPost2010Prop45
280
     0
102
RTVSPost2010PropOp45
 70
     1
102
RTVSPost2010Prop46
 90
       50
102
RTVSPost2010PropOp46
 70
     1
102
RTVSPost2010Prop47
 90
       50
102
RTVSPost2010PropOp47
 70
     1
102
RTVSPost2010Prop48
 90
       50
102
RTVSPost2010PropOp48
 70
     1
102
RTVSPost2010Prop49
280
     0
102
RTVSPost2010PropOp49
 70
     1
102
RTVSPost2010Prop50
 90
       50
102
RTVSPost2010PropOp50
 70
     1
102
RTVSPost2010Prop51ColorIndex
 90
      256
102
RTVSPost2010Prop51ColorRGB
 90
-16777216
102
RTVSPost2010PropOp51
 70
     0
102
RTVSPost2010Prop52
140
1.0
102
RTVSPost2010PropOp52
 70
     0
102
RTVSPost2010Prop53
 90
        2
102
RTVSPost2010PropOp53
 70
     1
102
RTVSPost2010Prop54
  1
strokes_ogs.tif
102
RTVSPost2010PropOp54
 70
     1
102
RTVSPost2010Prop55
280
     0
102
RTVSPost2010PropOp55
 70
     1
102
RTVSPost2010Prop56
140
1.0
102
RTVSPost2010PropOp56
 70
     1
102
RTVSPost2010Prop57
140
1.0
102
RTVSPost2010PropOp57
 70
     1
102
RTVSPropertyOp0
 70
     1
102
RTVSPropertyOp1
 70
     1
102
RTVSPropertyOp2
 70
     1
102
RTVSPropertyOp3
 70
     1
102
RTVSPropertyOp4
 70
     1
102
RTVSPropertyOp5
 70
     1
102
RTVSPropertyOp6
 70
     1
102
RTVSPropertyOp7
 70
     1
102
RTVSPropertyOp8
 70
     1
102
RTVSPropertyOp9
 70
     1
102
RTVSPropertyOp10
 70
     1
102
RTVSPropertyOp11
 70
     1
102
RTVSPropertyOp12
 70
     1
102
RTVSPropertyOp13
 70
     1
102
RTVSPropertyOp14
 70
     1
102
RTVSPropertyOp15
 70
     1
102
RTVSPropertyOp16
 70
     1
102
RTVSPropertyOp17
 70
     1
102
RTVSPropertyOp18
 70
     1
102
RTVSPropertyOp19
 70
     1
102
RTVSPropertyOp20
 70
     1
102
RTVSPropertyOp21
 70
     1
102
RTVSPropertyOp22
 70
     1
102
RTVSPropertyOp23
 70
     1
102
RTVSPropertyOp24
 70
     1
102
RTVSPropertyOp25
 70
     1
102
RTVSPropertyOp26
 70
     1
102
RTVSPropertyOp27
 70
     1
102
RTVSPropertyOp28
 70
     1
102
RTVSPropertyOp29
 70
     1
102
RTVSPropertyOp30
 70
     1
102
RTVSPropertyOp31
 70
     1
102
RTVSPropertyOp32
 70
     1
102
RTVSPropertyOp33
 70
     1
102
RTVSPropertyOp34
 70
     1
102
RTVSPropertyOp35
 70
     1
102
RTVSPropertyOp36
 70
     1
102
RTVSPropertyOp37
 70
     1
102
RTVSPropertyOp38
 70
     1
102
RTVSPropertyOp39
 70
     1
102
RTVSPropertyOp40
 70
     1
102
RTVSPropertyOp41
 70
     1
102
RTVSPropertyOp42
 70
     1
102
RTVSPropertyOp43
 70
     1
102
RTVSPropertyOp44
 70
     1
102
RTVSPropertyOp45
 70
     1
102
RTVSPropertyOp46
 70
     1
102
RTVSPropertyOp47
 70
     1
102
RTVSPropertyOp48
 70
     1
102
RTVSPropertyOp49
 70
     1
102
RTVSPropertyOp50
 70
     1
102
RTVSPropertyOp51
 70
     0
102
RTVSPropertyOp52
 70
     0
102
RTVSPropertyOp53
 70
     1
102
RTVSPropertyOp54
 70
     1
102
RTVSPropertyOp55
 70
     1
102
RTVSPropertyOp56
 70
     1
102
RTVSPropertyOp57
 70
     1
102
RTVSPropertyOp58
 70
     1
102
RTVSPropertyOp59
 70
     1
102
RTVSPropertyOp60
 70
     1
102
RTVSPropertyOp61
 70
     1
102
RTVSPropertyOp62
 70
     1
  0
XRECORD
  5
7CE
102
{ACAD_REACTORS
330
7CD
102
}
330
7CD
100
AcDbXrecord
280
     1
102
RTVSPost2010Prop28
280
     0
102
RTVSPost2010PropOp28
 70
     1
102
RTVSPost2010Prop29
280
     1
102
RTVSPost2010PropOp29
 70
     1
102
RTVSPost2010Prop30
280
     1
102
RTVSPost2010PropOp30
 70
     1
102
RTVSPost2010Prop31
280
     0
102
RTVSPost2010PropOp31
 70
     1
102
RTVSPost2010Prop32
280
     0
102
RTVSPost2010PropOp32
 70
     1
102
RTVSPost2010Prop33
280
     0
102
RTVSPost2010PropOp33
 70
     1
102
RTVSPost2010Prop34
280
     0
102
RTVSPost2010PropOp34
 70
     1
102
RTVSPost2010Prop35
280
     0
102
RTVSPost2010PropOp35
 70
     1
102
RTVSPost2010Prop36
280
     0
102
RTVSPost2010PropOp36
 70
     1
102
RTVSPost2010Prop37
 90
       50
102
RTVSPost2010PropOp37
 70
     1
102
RTVSPost2010Prop38
140
0.0
102
RTVSPost2010PropOp38
 70
     1
102
RTVSPost2010Prop39
140
1.0
102
RTVSPost2010PropOp39
 70
     1
102
RTVSPost2010Prop40
 90
        0
102
RTVSPost2010PropOp40
 70
     1
102
RTVSPost2010Prop41ColorIndex
 90
       18
102
RTVSPost2010Prop41ColorRGB
 90
        0
102
RTVSPost2010PropOp41
 70
     1
102
RTVSPost2010Prop42
 90
       50
102
RTVSPost2010PropOp42
 70
     1
102
RTVSPost2010Prop43
 90
        3
102
RTVSPost2010PropOp43
 70
     1
102
RTVSPost2010Prop44ColorIndex
 90
        5
102
RTVSPost2010Prop44ColorRGB
 90
      255
102
RTVSPost2010PropOp44
 70
     1
102
RTVSPost2010Prop45
280
     0
102
RTVSPost2010PropOp45
 70
     1
102
RTVSPost2010Prop46
 90
       50
102
RTVSPost2010PropOp46
 70
     1
102
RTVSPost2010Prop47
 90
       50
102
RTVSPost2010PropOp47
 70
     1
102
RTVSPost2010Prop48
 90
       50
102
RTVSPost2010PropOp48
 70
     1
102
RTVSPost2010Prop49
280
     0
102
RTVSPost2010PropOp49
 70
     1
102
RTVSPost2010Prop50
 90
       50
102
RTVSPost2010PropOp50
 70
     1
102
RTVSPost2010Prop51ColorIndex
 90
      256
102
RTVSPost2010Prop51ColorRGB
 90
-16777216
102
RTVSPost2010PropOp51
 70
     0
102
RTVSPost2010Prop52
140
1.0
102
RTVSPost2010PropOp52
 70
     0
102
RTVSPost2010Prop53
 90
        2
102
RTVSPost2010PropOp53
 70
     1
102
RTVSPost2010Prop54
  1
strokes_ogs.tif
102
RTVSPost2010PropOp54
 70
     1
102
RTVSPost2010Prop55
280
     0
102
RTVSPost2010PropOp55
 70
     1
102
RTVSPost2010Prop56
140
1.0
102
RTVSPost2010PropOp56
 70
     1
102
RTVSPost2010Prop57
140
1.0
102
RTVSPost2010PropOp57
 70
     1
102
RTVSPropertyOp0
 70
     1
102
RTVSPropertyOp1
 70
     1
102
RTVSPropertyOp2
 70
     1
102
RTVSPropertyOp3
 70
     1
102
RTVSPropertyOp4
 70
     1
102
RTVSPropertyOp5
 70
     1
102
RTVSPropertyOp6
 70
     1
102
RTVSPropertyOp7
 70
     1
102
RTVSPropertyOp8
 70
     1
102
RTVSPropertyOp9
 70
     1
102
RTVSPropertyOp10
 70
     1
102
RTVSPropertyOp11
 70
     1
102
RTVSPropertyOp12
 70
     1
102
RTVSPropertyOp13
 70
     1
102
RTVSPropertyOp14
 70
     1
102
RTVSPropertyOp15
 70
     1
102
RTVSPropertyOp16
 70
     1
102
RTVSPropertyOp17
 70
     1
102
RTVSPropertyOp18
 70
     1
102
RTVSPropertyOp19
 70
     1
102
RTVSPropertyOp20
 70
     1
102
RTVSPropertyOp21
 70
     1
102
RTVSPropertyOp22
 70
     1
102
RTVSPropertyOp23
 70
     1
102
RTVSPropertyOp24
 70
     1
102
RTVSPropertyOp25
 70
     1
102
RTVSPropertyOp26
 70
     1
102
RTVSPropertyOp27
 70
     1
102
RTVSPropertyOp28
 70
     1
102
RTVSPropertyOp29
 70
     1
102
RTVSPropertyOp30
 70
     1
102
RTVSPropertyOp31
 70
     1
102
RTVSPropertyOp32
 70
     1
102
RTVSPropertyOp33
 70
     1
102
RTVSPropertyOp34
 70
     1
102
RTVSPropertyOp35
 70
     1
102
RTVSPropertyOp36
 70
     1
102
RTVSPropertyOp37
 70
     1
102
RTVSPropertyOp38
 70
     1
102
RTVSPropertyOp39
 70
     1
102
RTVSPropertyOp40
 70
     1
102
RTVSPropertyOp41
 70
     1
102
RTVSPropertyOp42
 70
     1
102
RTVSPropertyOp43
 70
     1
102
RTVSPropertyOp44
 70
     1
102
RTVSPropertyOp45
 70
     1
102
RTVSPropertyOp46
 70
     1
102
RTVSPropertyOp47
 70
     1
102
RTVSPropertyOp48
 70
     1
102
RTVSPropertyOp49
 70
     1
102
RTVSPropertyOp50
 70
     1
102
RTVSPropertyOp51
 70
     0
102
RTVSPropertyOp52
 70
     0
102
RTVSPropertyOp53
 70
     1
102
RTVSPropertyOp54
 70
     1
102
RTVSPropertyOp55
 70
     1
102
RTVSPropertyOp56
 70
     1
102
RTVSPropertyOp57
 70
     1
102
RTVSPropertyOp58
 70
     1
102
RTVSPropertyOp59
 70
     1
102
RTVSPropertyOp60
 70
     1
102
RTVSPropertyOp61
 70
     1
102
RTVSPropertyOp62
 70
     1
  0
XRECORD
  5
7C2
102
{ACAD_REACTORS
330
7C1
102
}
330
7C1
100
AcDbXrecord
280
     1
102
RTVSPost2010Prop28
280
     0
102
RTVSPost2010PropOp28
 70
     1
102
RTVSPost2010Prop29
280
     1
102
RTVSPost2010PropOp29
 70
     1
102
RTVSPost2010Prop30
280
     1
102
RTVSPost2010PropOp30
 70
     1
102
RTVSPost2010Prop31
280
     0
102
RTVSPost2010PropOp31
 70
     1
102
RTVSPost2010Prop32
280
     0
102
RTVSPost2010PropOp32
 70
     1
102
RTVSPost2010Prop33
280
     0
102
RTVSPost2010PropOp33
 70
     1
102
RTVSPost2010Prop34
280
     0
102
RTVSPost2010PropOp34
 70
     1
102
RTVSPost2010Prop35
280
     0
102
RTVSPost2010PropOp35
 70
     1
102
RTVSPost2010Prop36
280
     0
102
RTVSPost2010PropOp36
 70
     1
102
RTVSPost2010Prop37
 90
       50
102
RTVSPost2010PropOp37
 70
     1
102
RTVSPost2010Prop38
140
0.0
102
RTVSPost2010PropOp38
 70
     1
102
RTVSPost2010Prop39
140
1.0
102
RTVSPost2010PropOp39
 70
     1
102
RTVSPost2010Prop40
 90
        0
102
RTVSPost2010PropOp40
 70
     1
102
RTVSPost2010Prop41ColorIndex
 90
       18
102
RTVSPost2010Prop41ColorRGB
 90
        0
102
RTVSPost2010PropOp41
 70
     1
102
RTVSPost2010Prop42
 90
       50
102
RTVSPost2010PropOp42
 70
     1
102
RTVSPost2010Prop43
 90
        3
102
RTVSPost2010PropOp43
 70
     1
102
RTVSPost2010Prop44ColorIndex
 90
        5
102
RTVSPost2010Prop44ColorRGB
 90
      255
102
RTVSPost2010PropOp44
 70
     1
102
RTVSPost2010Prop45
280
     0
102
RTVSPost2010PropOp45
 70
     1
102
RTVSPost2010Prop46
 90
       50
102
RTVSPost2010PropOp46
 70
     1
102
RTVSPost2010Prop47
 90
       50
102
RTVSPost2010PropOp47
 70
     1
102
RTVSPost2010Prop48
 90
       50
102
RTVSPost2010PropOp48
 70
     1
102
RTVSPost2010Prop49
280
     0
102
RTVSPost2010PropOp49
 70
     1
102
RTVSPost2010Prop50
 90
       50
102
RTVSPost2010PropOp50
 70
     1
102
RTVSPost2010Prop51ColorIndex
 90
      256
102
RTVSPost2010Prop51ColorRGB
 90
-16777216
102
RTVSPost2010PropOp51
 70
     0
102
RTVSPost2010Prop52
140
1.0
102
RTVSPost2010PropOp52
 70
     0
102
RTVSPost2010Prop53
 90
        2
102
RTVSPost2010PropOp53
 70
     1
102
RTVSPost2010Prop54
  1
strokes_ogs.tif
102
RTVSPost2010PropOp54
 70
     1
102
RTVSPost2010Prop55
280
     0
102
RTVSPost2010PropOp55
 70
     1
102
RTVSPost2010Prop56
140
1.0
102
RTVSPost2010PropOp56
 70
     1
102
RTVSPost2010Prop57
140
1.0
102
RTVSPost2010PropOp57
 70
     1
102
RTVSPropertyOp0
 70
     1
102
RTVSPropertyOp1
 70
     1
102
RTVSPropertyOp2
 70
     1
102
RTVSPropertyOp3
 70
     1
102
RTVSPropertyOp4
 70
     1
102
RTVSPropertyOp5
 70
     1
102
RTVSPropertyOp6
 70
     1
102
RTVSPropertyOp7
 70
     1
102
RTVSPropertyOp8
 70
     1
102
RTVSPropertyOp9
 70
     1
102
RTVSPropertyOp10
 70
     1
102
RTVSPropertyOp11
 70
     1
102
RTVSPropertyOp12
 70
     1
102
RTVSPropertyOp13
 70
     1
102
RTVSPropertyOp14
 70
     1
102
RTVSPropertyOp15
 70
     1
102
RTVSPropertyOp16
 70
     1
102
RTVSPropertyOp17
 70
     1
102
RTVSPropertyOp18
 70
     1
102
RTVSPropertyOp19
 70
     1
102
RTVSPropertyOp20
 70
     1
102
RTVSPropertyOp21
 70
     1
102
RTVSPropertyOp22
 70
     1
102
RTVSPropertyOp23
 70
     1
102
RTVSPropertyOp24
 70
     1
102
RTVSPropertyOp25
 70
     1
102
RTVSPropertyOp26
 70
     1
102
RTVSPropertyOp27
 70
     1
102
RTVSPropertyOp28
 70
     1
102
RTVSPropertyOp29
 70
     1
102
RTVSPropertyOp30
 70
     1
102
RTVSPropertyOp31
 70
     1
102
RTVSPropertyOp32
 70
     1
102
RTVSPropertyOp33
 70
     1
102
RTVSPropertyOp34
 70
     1
102
RTVSPropertyOp35
 70
     1
102
RTVSPropertyOp36
 70
     1
102
RTVSPropertyOp37
 70
     1
102
RTVSPropertyOp38
 70
     1
102
RTVSPropertyOp39
 70
     1
102
RTVSPropertyOp40
 70
     1
102
RTVSPropertyOp41
 70
     1
102
RTVSPropertyOp42
 70
     1
102
RTVSPropertyOp43
 70
     1
102
RTVSPropertyOp44
 70
     1
102
RTVSPropertyOp45
 70
     1
102
RTVSPropertyOp46
 70
     1
102
RTVSPropertyOp47
 70
     1
102
RTVSPropertyOp48
 70
     1
102
RTVSPropertyOp49
 70
     1
102
RTVSPropertyOp50
 70
     1
102
RTVSPropertyOp51
 70
     0
102
RTVSPropertyOp52
 70
     0
102
RTVSPropertyOp53
 70
     1
102
RTVSPropertyOp54
 70
     1
102
RTVSPropertyOp55
 70
     1
102
RTVSPropertyOp56
 70
     1
102
RTVSPropertyOp57
 70
     1
102
RTVSPropertyOp58
 70
     1
102
RTVSPropertyOp59
 70
     1
102
RTVSPropertyOp60
 70
     1
102
RTVSPropertyOp61
 70
     1
102
RTVSPropertyOp62
 70
     1
  0
XRECORD
  5
7E0
102
{ACAD_REACTORS
330
7DF
102
}
330
7DF
100
AcDbXrecord
280
     1
102
RTVSPost2010Prop28
280
     0
102
RTVSPost2010PropOp28
 70
     1
102
RTVSPost2010Prop29
280
     1
102
RTVSPost2010PropOp29
 70
     1
102
RTVSPost2010Prop30
280
     1
102
RTVSPost2010PropOp30
 70
     1
102
RTVSPost2010Prop31
280
     0
102
RTVSPost2010PropOp31
 70
     1
102
RTVSPost2010Prop32
280
     0
102
RTVSPost2010PropOp32
 70
     1
102
RTVSPost2010Prop33
280
     0
102
RTVSPost2010PropOp33
 70
     1
102
RTVSPost2010Prop34
280
     0
102
RTVSPost2010PropOp34
 70
     1
102
RTVSPost2010Prop35
280
     0
102
RTVSPost2010PropOp35
 70
     1
102
RTVSPost2010Prop36
280
     0
102
RTVSPost2010PropOp36
 70
     1
102
RTVSPost2010Prop37
 90
       50
102
RTVSPost2010PropOp37
 70
     1
102
RTVSPost2010Prop38
140
0.0
102
RTVSPost2010PropOp38
 70
     1
102
RTVSPost2010Prop39
140
1.0
102
RTVSPost2010PropOp39
 70
     1
102
RTVSPost2010Prop40
 90
        0
102
RTVSPost2010PropOp40
 70
     1
102
RTVSPost2010Prop41ColorIndex
 90
       18
102
RTVSPost2010Prop41ColorRGB
 90
        0
102
RTVSPost2010PropOp41
 70
     1
102
RTVSPost2010Prop42
 90
       50
102
RTVSPost2010PropOp42
 70
     1
102
RTVSPost2010Prop43
 90
        3
102
RTVSPost2010PropOp43
 70
     1
102
RTVSPost2010Prop44ColorIndex
 90
        5
102
RTVSPost2010Prop44ColorRGB
 90
      255
102
RTVSPost2010PropOp44
 70
     1
102
RTVSPost2010Prop45
280
     0
102
RTVSPost2010PropOp45
 70
     1
102
RTVSPost2010Prop46
 90
       50
102
RTVSPost2010PropOp46
 70
     1
102
RTVSPost2010Prop47
 90
       50
102
RTVSPost2010PropOp47
 70
     1
102
RTVSPost2010Prop48
 90
       50
102
RTVSPost2010PropOp48
 70
     1
102
RTVSPost2010Prop49
280
     0
102
RTVSPost2010PropOp49
 70
     1
102
RTVSPost2010Prop50
 90
       50
102
RTVSPost2010PropOp50
 70
     1
102
RTVSPost2010Prop51ColorIndex
 90
      256
102
RTVSPost2010Prop51ColorRGB
 90
-16777216
102
RTVSPost2010PropOp51
 70
     0
102
RTVSPost2010Prop52
140
1.0
102
RTVSPost2010PropOp52
 70
     0
102
RTVSPost2010Prop53
 90
        2
102
RTVSPost2010PropOp53
 70
     1
102
RTVSPost2010Prop54
  1
strokes_ogs.tif
102
RTVSPost2010PropOp54
 70
     1
102
RTVSPost2010Prop55
280
     0
102
RTVSPost2010PropOp55
 70
     1
102
RTVSPost2010Prop56
140
1.0
102
RTVSPost2010PropOp56
 70
     1
102
RTVSPost2010Prop57
140
1.0
102
RTVSPost2010PropOp57
 70
     1
102
RTVSPropertyOp0
 70
     1
102
RTVSPropertyOp1
 70
     1
102
RTVSPropertyOp2
 70
     1
102
RTVSPropertyOp3
 70
     1
102
RTVSPropertyOp4
 70
     1
102
RTVSPropertyOp5
 70
     1
102
RTVSPropertyOp6
 70
     1
102
RTVSPropertyOp7
 70
     1
102
RTVSPropertyOp8
 70
     1
102
RTVSPropertyOp9
 70
     1
102
RTVSPropertyOp10
 70
     1
102
RTVSPropertyOp11
 70
     1
102
RTVSPropertyOp12
 70
     1
102
RTVSPropertyOp13
 70
     1
102
RTVSPropertyOp14
 70
     1
102
RTVSPropertyOp15
 70
     1
102
RTVSPropertyOp16
 70
     1
102
RTVSPropertyOp17
 70
     1
102
RTVSPropertyOp18
 70
     1
102
RTVSPropertyOp19
 70
     1
102
RTVSPropertyOp20
 70
     1
102
RTVSPropertyOp21
 70
     1
102
RTVSPropertyOp22
 70
     1
102
RTVSPropertyOp23
 70
     1
102
RTVSPropertyOp24
 70
     1
102
RTVSPropertyOp25
 70
     1
102
RTVSPropertyOp26
 70
     1
102
RTVSPropertyOp27
 70
     1
102
RTVSPropertyOp28
 70
     1
102
RTVSPropertyOp29
 70
     1
102
RTVSPropertyOp30
 70
     1
102
RTVSPropertyOp31
 70
     1
102
RTVSPropertyOp32
 70
     1
102
RTVSPropertyOp33
 70
     1
102
RTVSPropertyOp34
 70
     1
102
RTVSPropertyOp35
 70
     1
102
RTVSPropertyOp36
 70
     1
102
RTVSPropertyOp37
 70
     1
102
RTVSPropertyOp38
 70
     1
102
RTVSPropertyOp39
 70
     1
102
RTVSPropertyOp40
 70
     1
102
RTVSPropertyOp41
 70
     1
102
RTVSPropertyOp42
 70
     1
102
RTVSPropertyOp43
 70
     1
102
RTVSPropertyOp44
 70
     1
102
RTVSPropertyOp45
 70
     1
102
RTVSPropertyOp46
 70
     1
102
RTVSPropertyOp47
 70
     1
102
RTVSPropertyOp48
 70
     1
102
RTVSPropertyOp49
 70
     1
102
RTVSPropertyOp50
 70
     1
102
RTVSPropertyOp51
 70
     0
102
RTVSPropertyOp52
 70
     0
102
RTVSPropertyOp53
 70
     1
102
RTVSPropertyOp54
 70
     1
102
RTVSPropertyOp55
 70
     1
102
RTVSPropertyOp56
 70
     1
102
RTVSPropertyOp57
 70
     1
102
RTVSPropertyOp58
 70
     1
102
RTVSPropertyOp59
 70
     1
102
RTVSPropertyOp60
 70
     1
102
RTVSPropertyOp61
 70
     1
102
RTVSPropertyOp62
 70
     1
  0
ENDSEC
  0
EOF
