ISO-10303-21;
HEADER;
FILE_DESCRIPTION (( 'STEP AP203' ),
    '1' );
FILE_NAME ('03-B1O1-galvaniz 1 mm.STEP',
    '2023-10-18T09:39:45',
    ( 'User' ),
    ( 'China' ),
    'SwSTEP 2.0',
    'SolidWorks 2021',
    '' );
FILE_SCHEMA (( 'CONFIG_CONTROL_DESIGN' ));
ENDSEC;

DATA;
#1 = AXIS2_PLACEMENT_3D ( 'NONE', #2720, #2076, #1329 ) ;
#2 = DIRECTION ( 'NONE',  ( 0.0000000000000000000, 0.0000000000000000000, -1.000000000000000000 ) ) ;
#3 = DATE_TIME_ROLE ( 'creation_date' ) ;
#4 = CARTESIAN_POINT ( 'NONE',  ( 98.99999999999998579, -176.9999999999999432, -1.000000000000000000 ) ) ;
#5 = ORIENTED_EDGE ( 'NONE', *, *, #610, .F. ) ;
#6 = EDGE_CURVE ( 'NONE', #1451, #1493, #1611, .T. ) ;
#7 = VERTEX_POINT ( 'NONE', #2557 ) ;
#8 = EDGE_LOOP ( 'NONE', ( #2921, #67 ) ) ;
#9 = CARTESIAN_POINT ( 'NONE',  ( -90.50000000000000000, -198.4999999999999432, 0.0000000000000000000 ) ) ;
#10 = AXIS2_PLACEMENT_3D ( 'NONE', #1490, #329, #118 ) ;
#11 = ORIENTED_EDGE ( 'NONE', *, *, #1848, .F. ) ;
#12 = EDGE_CURVE ( 'NONE', #1602, #2505, #3033, .T. ) ;
#13 = AXIS2_PLACEMENT_3D ( 'NONE', #916, #1342, #2293 ) ;
#14 = DIRECTION ( 'NONE',  ( 1.000000000000000000, 0.0000000000000000000, -3.035766082959409654E-15 ) ) ;
#15 = DIRECTION ( 'NONE',  ( 0.0000000000000000000, -0.0000000000000000000, -1.000000000000000000 ) ) ;
#16 = CIRCLE ( 'NONE', #1515, 1.500000000003109957 ) ;
#17 = CIRCLE ( 'NONE', #1385, 1.999999999999974021 ) ;
#18 = CARTESIAN_POINT ( 'NONE',  ( 105.2221400861409251, 166.4999999999994884, 0.0000000000000000000 ) ) ;
#19 = LINE ( 'NONE', #1203, #304 ) ;
#20 = AXIS2_PLACEMENT_3D ( 'NONE', #2915, #1966, #798 ) ;
#21 = ADVANCED_FACE ( 'NONE', ( #894 ), #2097, .F. ) ;
#22 = FACE_OUTER_BOUND ( 'NONE', #2495, .T. ) ;
#23 = CALENDAR_DATE ( 2023, 18, 10 ) ;
#24 = LINE ( 'NONE', #1410, #2960 ) ;
#25 = ORIENTED_EDGE ( 'NONE', *, *, #1617, .T. ) ;
#26 = CARTESIAN_POINT ( 'NONE',  ( -14.00000000000001599, 146.5000000000000853, 0.0000000000000000000 ) ) ;
#27 = CARTESIAN_POINT ( 'NONE',  ( 66.00000000000001421, 176.5000000000000853, -1.000000000000000000 ) ) ;
#28 = EDGE_CURVE ( 'NONE', #2053, #1516, #2692, .T. ) ;
#29 = ORIENTED_EDGE ( 'NONE', *, *, #1407, .F. ) ;
#30 = CYLINDRICAL_SURFACE ( 'NONE', #112, 3.749999999999989342 ) ;
#31 = LINE ( 'NONE', #466, #1132 ) ;
#32 = DIRECTION ( 'NONE',  ( 0.0000000000000000000, 0.0000000000000000000, 1.000000000000000000 ) ) ;
#33 = LINE ( 'NONE', #1886, #1821 ) ;
#34 = ADVANCED_FACE ( 'NONE', ( #2061 ), #1861, .F. ) ;
#35 = DIRECTION ( 'NONE',  ( -1.000000000000000000, 0.0000000000000000000, -3.713525943768164663E-15 ) ) ;
#36 = DIRECTION ( 'NONE',  ( 1.294631305246081475E-28, 1.000000000000000000, 6.982962677686267499E-15 ) ) ;
#37 = CARTESIAN_POINT ( 'NONE',  ( 103.9999999999955236, 149.9999999999869544, -1.000000000000000000 ) ) ;
#38 = ORIENTED_EDGE ( 'NONE', *, *, #2952, .F. ) ;
#39 = FACE_BOUND ( 'NONE', #776, .T. ) ;
#40 = CARTESIAN_POINT ( 'NONE',  ( -103.6778599138623065, 166.4999999999994884, -1.000000000000000000 ) ) ;
#41 = EDGE_CURVE ( 'NONE', #2152, #1958, #1351, .T. ) ;
#42 = LINE ( 'NONE', #2831, #2022 ) ;
#43 = FACE_OUTER_BOUND ( 'NONE', #2503, .T. ) ;
#44 = CARTESIAN_POINT ( 'NONE',  ( -35.00000000000000711, 169.5000000000000284, -1.000000000000000000 ) ) ;
#45 = CC_DESIGN_PERSON_AND_ORGANIZATION_ASSIGNMENT ( #1658, #2862, ( #1124 ) ) ;
#46 = VECTOR ( 'NONE', #2790, 1000.000000000000000 ) ;
#47 = CC_DESIGN_APPROVAL ( #1127, ( #1579 ) ) ;
#48 = CARTESIAN_POINT ( 'NONE',  ( -113.0000000000000000, -186.9999999999999432, -1.000000000000000000 ) ) ;
#49 = DIRECTION ( 'NONE',  ( 1.000000000000000000, 0.0000000000000000000, 0.0000000000000000000 ) ) ;
#50 = ORIENTED_EDGE ( 'NONE', *, *, #592, .F. ) ;
#51 = VECTOR ( 'NONE', #704, 1000.000000000000000 ) ;
#52 = EDGE_CURVE ( 'NONE', #2939, #1014, #2539, .T. ) ;
#53 = CIRCLE ( 'NONE', #1565, 1.999999999999974021 ) ;
#54 = DIRECTION ( 'NONE',  ( 0.0000000000000000000, -1.000000000000000000, 0.0000000000000000000 ) ) ;
#55 = VECTOR ( 'NONE', #1287, 1000.000000000000000 ) ;
#56 = CARTESIAN_POINT ( 'NONE',  ( -1.316563817030876480E-13, 213.5000000000000568, 18.00000000000081357 ) ) ;
#57 = EDGE_CURVE ( 'NONE', #575, #647, #434, .T. ) ;
#58 = DIRECTION ( 'NONE',  ( -3.083952846180946696E-15, 0.0000000000000000000, -1.000000000000000000 ) ) ;
#59 = AXIS2_PLACEMENT_3D ( 'NONE', #1405, #2368, #1665 ) ;
#60 = EDGE_CURVE ( 'NONE', #1047, #2208, #1401, .T. ) ;
#61 = CIRCLE ( 'NONE', #268, 1.500000000000001332 ) ;
#62 = CARTESIAN_POINT ( 'NONE',  ( 113.0000000000000000, -185.4999999999999432, 1.000000000000003997 ) ) ;
#63 = CIRCLE ( 'NONE', #836, 3.749999999999989342 ) ;
#64 = CIRCLE ( 'NONE', #787, 1.000000000000000888 ) ;
#65 = DIRECTION ( 'NONE',  ( 0.0000000000000000000, -1.304303365396095688E-16, 1.000000000000000000 ) ) ;
#66 = DIRECTION ( 'NONE',  ( -0.0000000000000000000, -0.0000000000000000000, -1.000000000000000000 ) ) ;
#67 = ORIENTED_EDGE ( 'NONE', *, *, #2812, .F. ) ;
#68 = ORIENTED_EDGE ( 'NONE', *, *, #2404, .F. ) ;
#69 = EDGE_CURVE ( 'NONE', #1164, #3036, #1166, .T. ) ;
#70 = FACE_OUTER_BOUND ( 'NONE', #2913, .T. ) ;
#71 = DIRECTION ( 'NONE',  ( -0.0000000000000000000, -0.0000000000000000000, -1.000000000000000000 ) ) ;
#72 = PLANE ( 'NONE',  #938 ) ;
#73 = PLANE ( 'NONE',  #264 ) ;
#74 = LINE ( 'NONE', #955, #1070 ) ;
#75 = CARTESIAN_POINT ( 'NONE',  ( 103.7221400861376992, 86.49999999999953104, 0.0000000000000000000 ) ) ;
#76 = ORIENTED_EDGE ( 'NONE', *, *, #1337, .T. ) ;
#77 = ADVANCED_FACE ( 'NONE', ( #1206 ), #260, .T. ) ;
#78 = ORIENTED_EDGE ( 'NONE', *, *, #2117, .T. ) ;
#79 = DIRECTION ( 'NONE',  ( -1.000000000000000000, 0.0000000000000000000, -3.713525943768164663E-15 ) ) ;
#80 = EDGE_CURVE ( 'NONE', #124, #228, #754, .T. ) ;
#81 = CYLINDRICAL_SURFACE ( 'NONE', #2075, 1.500000000003123724 ) ;
#82 = DIRECTION ( 'NONE',  ( 0.0000000000000000000, 0.0000000000000000000, -1.000000000000000000 ) ) ;
#83 = EDGE_CURVE ( 'NONE', #228, #2337, #2605, .T. ) ;
#84 = DIRECTION ( 'NONE',  ( 0.0000000000000000000, 1.000000000000000000, 6.982962677686270655E-15 ) ) ;
#85 = DIRECTION ( 'NONE',  ( 0.0000000000000000000, 0.0000000000000000000, 1.000000000000000000 ) ) ;
#86 = FACE_BOUND ( 'NONE', #2012, .T. ) ;
#87 = AXIS2_PLACEMENT_3D ( 'NONE', #1834, #2336, #2049 ) ;
#88 = LINE ( 'NONE', #140, #942 ) ;
#89 = EDGE_CURVE ( 'NONE', #1047, #2244, #74, .T. ) ;
#90 = EDGE_LOOP ( 'NONE', ( #181, #399, #366, #2288 ) ) ;
#91 = ORIENTED_EDGE ( 'NONE', *, *, #52, .T. ) ;
#92 = VERTEX_POINT ( 'NONE', #1937 ) ;
#93 = VERTEX_POINT ( 'NONE', #1449 ) ;
#94 = CARTESIAN_POINT ( 'NONE',  ( -103.6778599138623065, 166.4999999999994884, 0.0000000000000000000 ) ) ;
#95 = CARTESIAN_POINT ( 'NONE',  ( -96.00000000000018474, -157.5000000000133014, 34.00000000000676437 ) ) ;
#96 = CYLINDRICAL_SURFACE ( 'NONE', #457, 2.500000000000009326 ) ;
#97 = AXIS2_PLACEMENT_3D ( 'NONE', #62, #988, #1424 ) ;
#98 = DIRECTION ( 'NONE',  ( 1.000000000000000000, 0.0000000000000000000, 0.0000000000000000000 ) ) ;
#99 = EDGE_CURVE ( 'NONE', #2083, #2907, #489, .T. ) ;
#100 = AXIS2_PLACEMENT_3D ( 'NONE', #960, #1896, #2598 ) ;
#101 = CARTESIAN_POINT ( 'NONE',  ( -113.0000000000000711, 213.5000000000000568, 16.99999999999997868 ) ) ;
#102 = AXIS2_PLACEMENT_3D ( 'NONE', #483, #2240, #902 ) ;
#103 = DIRECTION ( 'NONE',  ( 1.000000000000000000, -1.391256923089173450E-16, 3.613946018757868503E-15 ) ) ;
#104 = DIRECTION ( 'NONE',  ( -0.0000000000000000000, 1.000000000000000000, 2.168404344971006896E-16 ) ) ;
#105 = ORIENTED_EDGE ( 'NONE', *, *, #1019, .T. ) ;
#106 = ORIENTED_EDGE ( 'NONE', *, *, #364, .T. ) ;
#107 = VERTEX_POINT ( 'NONE', #1412 ) ;
#108 = ORIENTED_EDGE ( 'NONE', *, *, #1305, .T. ) ;
#109 = CIRCLE ( 'NONE', #711, 2.500000000000009326 ) ;
#110 = ORIENTED_EDGE ( 'NONE', *, *, #1852, .T. ) ;
#111 = DIRECTION ( 'NONE',  ( -0.0000000000000000000, -1.000000000000000000, -0.0000000000000000000 ) ) ;
#112 = AXIS2_PLACEMENT_3D ( 'NONE', #2390, #993, #1187 ) ;
#113 = CARTESIAN_POINT ( 'NONE',  ( -96.00000000000001421, 213.5000000000000568, -3.540661915704241697E-13 ) ) ;
#114 = DIRECTION ( 'NONE',  ( 0.0000000000000000000, 6.982962677686267499E-15, -1.000000000000000000 ) ) ;
#115 = EDGE_LOOP ( 'NONE', ( #966, #2707, #558, #438 ) ) ;
#116 = ORIENTED_EDGE ( 'NONE', *, *, #543, .T. ) ;
#117 = DIRECTION ( 'NONE',  ( 3.652049423109067235E-15, -0.0000000000000000000, -1.000000000000000000 ) ) ;
#118 = DIRECTION ( 'NONE',  ( -1.000000000000000000, 0.0000000000000000000, -3.469446951953613794E-15 ) ) ;
#119 = CARTESIAN_POINT ( 'NONE',  ( 102.7500000000000000, -138.0000000000131593, 0.0000000000000000000 ) ) ;
#120 = CARTESIAN_POINT ( 'NONE',  ( -97.00000000000011369, -185.4999999999999432, 20.00000000000009237 ) ) ;
#121 = ORIENTED_EDGE ( 'NONE', *, *, #2335, .T. ) ;
#122 = VERTEX_POINT ( 'NONE', #2884 ) ;
#123 = ORIENTED_EDGE ( 'NONE', *, *, #990, .T. ) ;
#124 = VERTEX_POINT ( 'NONE', #541 ) ;
#125 = ORIENTED_EDGE ( 'NONE', *, *, #2002, .F. ) ;
#126 = ADVANCED_FACE ( 'NONE', ( #2876 ), #1182, .F. ) ;
#127 = ORIENTED_EDGE ( 'NONE', *, *, #1221, .T. ) ;
#128 = EDGE_LOOP ( 'NONE', ( #1332, #2887, #400, #2084 ) ) ;
#129 = CARTESIAN_POINT ( 'NONE',  ( -62.50000000000000000, 169.5000000000000284, -1.000000000000000000 ) ) ;
#130 = ORIENTED_EDGE ( 'NONE', *, *, #371, .F. ) ;
#131 = CARTESIAN_POINT ( 'NONE',  ( -96.00000000000015632, 116.4999999999901803, 34.00000000000594014 ) ) ;
#132 = DIRECTION ( 'NONE',  ( 1.000000000000000000, 1.734723475976805862E-16, 0.0000000000000000000 ) ) ;
#133 = ORIENTED_EDGE ( 'NONE', *, *, #41, .T. ) ;
#134 = EDGE_CURVE ( 'NONE', #2013, #1190, #1464, .T. ) ;
#135 = CARTESIAN_POINT ( 'NONE',  ( -113.0000000000000000, 213.5000000000000568, 1.000000000000013323 ) ) ;
#136 = EDGE_CURVE ( 'NONE', #2299, #1792, #1426, .T. ) ;
#137 = CARTESIAN_POINT ( 'NONE',  ( -96.00000000000015632, 213.5000000000000853, 38.00000000000008527 ) ) ;
#138 = FACE_OUTER_BOUND ( 'NONE', #1297, .T. ) ;
#139 = PLANE ( 'NONE',  #2198 ) ;
#140 = CARTESIAN_POINT ( 'NONE',  ( 66.00000000000001421, 176.5000000000000853, 0.0000000000000000000 ) ) ;
#141 = ORIENTED_EDGE ( 'NONE', *, *, #2489, .F. ) ;
#142 = ORIENTED_EDGE ( 'NONE', *, *, #564, .F. ) ;
#143 = ORIENTED_EDGE ( 'NONE', *, *, #2361, .T. ) ;
#144 = VERTEX_POINT ( 'NONE', #283 ) ;
#145 = CIRCLE ( 'NONE', #538, 1.500000000000001332 ) ;
#146 = ORIENTED_EDGE ( 'NONE', *, *, #2978, .T. ) ;
#147 = DIRECTION ( 'NONE',  ( 1.391256923089166055E-16, 1.000000000000000000, 6.956284615445842599E-17 ) ) ;
#148 = VERTEX_POINT ( 'NONE', #503 ) ;
#149 = ADVANCED_FACE ( 'NONE', ( #2396 ), #1647, .T. ) ;
#150 = CARTESIAN_POINT ( 'NONE',  ( 113.0000000000000000, -185.4999999999999432, -1.000000000000000000 ) ) ;
#151 = DIRECTION ( 'NONE',  ( -0.0000000000000000000, 0.0000000000000000000, 1.000000000000000000 ) ) ;
#152 = ORIENTED_EDGE ( 'NONE', *, *, #313, .T. ) ;
#153 = EDGE_CURVE ( 'NONE', #285, #2506, #1619, .T. ) ;
#154 = DIRECTION ( 'NONE',  ( -0.0000000000000000000, -0.0000000000000000000, -1.000000000000000000 ) ) ;
#155 = AXIS2_PLACEMENT_3D ( 'NONE', #48, #2621, #274 ) ;
#156 = VECTOR ( 'NONE', #117, 1000.000000000000000 ) ;
#157 = DIRECTION ( 'NONE',  ( 0.0000000000000000000, 0.0000000000000000000, -1.000000000000000000 ) ) ;
#158 = DIRECTION ( 'NONE',  ( -1.000000000000000000, 0.0000000000000000000, 0.0000000000000000000 ) ) ;
#159 = VECTOR ( 'NONE', #2494, 1000.000000000000000 ) ;
#160 = ORIENTED_EDGE ( 'NONE', *, *, #2591, .T. ) ;
#161 = VERTEX_POINT ( 'NONE', #1217 ) ;
#162 = ORIENTED_EDGE ( 'NONE', *, *, #662, .F. ) ;
#163 = VERTEX_POINT ( 'NONE', #1440 ) ;
#164 = VECTOR ( 'NONE', #104, 1000.000000000000000 ) ;
#165 = ORIENTED_EDGE ( 'NONE', *, *, #1119, .F. ) ;
#166 = CARTESIAN_POINT ( 'NONE',  ( 76.00000000000001421, 86.50000000000005684, 0.0000000000000000000 ) ) ;
#167 = VECTOR ( 'NONE', #1586, 1000.000000000000000 ) ;
#168 = EDGE_CURVE ( 'NONE', #2907, #195, #1670, .T. ) ;
#169 = AXIS2_PLACEMENT_3D ( 'NONE', #265, #767, #1223 ) ;
#170 = CARTESIAN_POINT ( 'NONE',  ( -29.99999999999999289, 169.5000000000000284, -1.000000000000000000 ) ) ;
#171 = DIRECTION ( 'NONE',  ( 1.000000000000000000, 0.0000000000000000000, 0.0000000000000000000 ) ) ;
#172 = ORIENTED_EDGE ( 'NONE', *, *, #1571, .T. ) ;
#173 = FACE_OUTER_BOUND ( 'NONE', #522, .T. ) ;
#174 = CYLINDRICAL_SURFACE ( 'NONE', #1377, 2.250000000000001776 ) ;
#175 =( NAMED_UNIT ( * ) SI_UNIT ( $, .STERADIAN. ) SOLID_ANGLE_UNIT ( ) );
#176 = CARTESIAN_POINT ( 'NONE',  ( -4.000000000000015987, 146.5000000000000853, -1.000000000000000000 ) ) ;
#177 = VERTEX_POINT ( 'NONE', #2632 ) ;
#178 = EDGE_CURVE ( 'NONE', #2686, #624, #53, .T. ) ;
#179 = ORIENTED_EDGE ( 'NONE', *, *, #2893, .T. ) ;
#180 = ORIENTED_EDGE ( 'NONE', *, *, #2267, .F. ) ;
#181 = ORIENTED_EDGE ( 'NONE', *, *, #547, .F. ) ;
#182 = DIRECTION ( 'NONE',  ( 0.0000000000000000000, 0.0000000000000000000, -1.000000000000000000 ) ) ;
#183 = ORIENTED_EDGE ( 'NONE', *, *, #1454, .F. ) ;
#184 = ADVANCED_FACE ( 'NONE', ( #2139 ), #1232, .T. ) ;
#185 = DIRECTION ( 'NONE',  ( -0.0000000000000000000, -0.0000000000000000000, 1.000000000000000000 ) ) ;
#186 = CYLINDRICAL_SURFACE ( 'NONE', #2760, 1.500000000003109957 ) ;
#187 = ADVANCED_FACE ( 'NONE', ( #520 ), #2166, .T. ) ;
#188 = ORIENTED_EDGE ( 'NONE', *, *, #2596, .T. ) ;
#189 = DIRECTION ( 'NONE',  ( 0.0000000000000000000, 0.0000000000000000000, 1.000000000000000000 ) ) ;
#190 = ADVANCED_FACE ( 'NONE', ( #802 ), #2669, .T. ) ;
#191 = DIRECTION ( 'NONE',  ( -1.000000000000000000, 0.0000000000000000000, -0.0000000000000000000 ) ) ;
#192 = APPROVAL_ROLE ( '' ) ;
#193 = CARTESIAN_POINT ( 'NONE',  ( -113.0000000000000711, 213.5000000000000568, 19.00000000000001066 ) ) ;
#194 = VERTEX_POINT ( 'NONE', #1952 ) ;
#195 = VERTEX_POINT ( 'NONE', #774 ) ;
#196 = EDGE_CURVE ( 'NONE', #674, #1372, #1724, .T. ) ;
#197 = CARTESIAN_POINT ( 'NONE',  ( 106.7221400861376992, 86.49999999999953104, 0.0000000000000000000 ) ) ;
#198 = DIRECTION ( 'NONE',  ( 0.0000000000000000000, 0.0000000000000000000, -1.000000000000000000 ) ) ;
#199 = ORIENTED_EDGE ( 'NONE', *, *, #1844, .F. ) ;
#200 = CARTESIAN_POINT ( 'NONE',  ( 115.0000000000000000, -188.4999999999999432, -1.000000000000000000 ) ) ;
#201 = DIRECTION ( 'NONE',  ( -0.0000000000000000000, -0.0000000000000000000, 1.000000000000000000 ) ) ;
#202 = ORIENTED_EDGE ( 'NONE', *, *, #1852, .F. ) ;
#203 = AXIS2_PLACEMENT_3D ( 'NONE', #673, #198, #458 ) ;
#204 = CIRCLE ( 'NONE', #2604, 3.749999999999989342 ) ;
#205 = DIRECTION ( 'NONE',  ( 1.000000000000000000, 0.0000000000000000000, 0.0000000000000000000 ) ) ;
#206 = PLANE ( 'NONE',  #3014 ) ;
#207 = CIRCLE ( 'NONE', #447, 3.749999999999989342 ) ;
#208 = FACE_OUTER_BOUND ( 'NONE', #1262, .T. ) ;
#209 = CARTESIAN_POINT ( 'NONE',  ( -14.00000000000001599, 136.5000000000000568, 0.0000000000000000000 ) ) ;
#210 = AXIS2_PLACEMENT_3D ( 'NONE', #2785, #681, #634 ) ;
#211 = EDGE_LOOP ( 'NONE', ( #1347, #2339, #2829, #2008 ) ) ;
#212 = EDGE_LOOP ( 'NONE', ( #925, #2472, #202, #2181 ) ) ;
#213 = VECTOR ( 'NONE', #2573, 1000.000000000000000 ) ;
#214 = DIRECTION ( 'NONE',  ( 0.0000000000000000000, 0.0000000000000000000, -1.000000000000000000 ) ) ;
#215 = ORIENTED_EDGE ( 'NONE', *, *, #1474, .F. ) ;
#216 = VECTOR ( 'NONE', #3001, 1000.000000000000000 ) ;
#217 = CARTESIAN_POINT ( 'NONE',  ( -96.00000000000018474, 1.335606646165604540E-14, 38.00000000000008527 ) ) ;
#218 = CARTESIAN_POINT ( 'NONE',  ( -113.0000000000000000, 213.5000000000000568, -1.000000000000000000 ) ) ;
#219 = AXIS2_PLACEMENT_3D ( 'NONE', #1030, #346, #2671 ) ;
#220 = ORIENTED_EDGE ( 'NONE', *, *, #768, .F. ) ;
#221 = AXIS2_PLACEMENT_3D ( 'NONE', #915, #1521, #1851 ) ;
#222 = CARTESIAN_POINT ( 'NONE',  ( -115.0000000000000000, 213.5000000000000568, 0.0000000000000000000 ) ) ;
#223 = DIRECTION ( 'NONE',  ( 3.469446951953613794E-15, 0.0000000000000000000, -1.000000000000000000 ) ) ;
#224 = EDGE_CURVE ( 'NONE', #2457, #1303, #1043, .T. ) ;
#225 = CARTESIAN_POINT ( 'NONE',  ( -95.00000000000014211, -185.4999999999999432, 19.00000000000008527 ) ) ;
#226 = DIRECTION ( 'NONE',  ( 0.0000000000000000000, 1.000000000000000000, 0.0000000000000000000 ) ) ;
#227 = EDGE_CURVE ( 'NONE', #3051, #385, #2560, .T. ) ;
#228 = VERTEX_POINT ( 'NONE', #566 ) ;
#229 = ORIENTED_EDGE ( 'NONE', *, *, #940, .T. ) ;
#230 = CARTESIAN_POINT ( 'NONE',  ( -90.50000000000000000, -198.4999999999999432, 0.0000000000000000000 ) ) ;
#231 = ORIENTED_EDGE ( 'NONE', *, *, #679, .F. ) ;
#232 = VERTEX_POINT ( 'NONE', #343 ) ;
#233 = VERTEX_POINT ( 'NONE', #2422 ) ;
#234 = ADVANCED_FACE ( 'NONE', ( #1754 ), #2482, .F. ) ;
#235 = CARTESIAN_POINT ( 'NONE',  ( -113.0000000000000711, -185.4999999999999716, 17.99999999999995026 ) ) ;
#236 = CARTESIAN_POINT ( 'NONE',  ( -96.00000000000021316, -185.4999999999999432, 38.00000000000008527 ) ) ;
#237 = LINE ( 'NONE', #251, #1874 ) ;
#238 = DIRECTION ( 'NONE',  ( 0.0000000000000000000, 0.0000000000000000000, -1.000000000000000000 ) ) ;
#239 = CARTESIAN_POINT ( 'NONE',  ( -115.0000000000000000, -213.4999999999999432, -1.000000000000000000 ) ) ;
#240 = DATE_AND_TIME ( #1178, #451 ) ;
#241 = DIRECTION ( 'NONE',  ( -1.000000000000000000, 0.0000000000000000000, 0.0000000000000000000 ) ) ;
#242 = EDGE_CURVE ( 'NONE', #195, #1280, #1010, .T. ) ;
#243 = ORIENTED_EDGE ( 'NONE', *, *, #1067, .F. ) ;
#244 = DIRECTION ( 'NONE',  ( 1.587793451051313926E-31, -1.000000000000000000, -1.739071153861452946E-16 ) ) ;
#245 = LINE ( 'NONE', #490, #2603 ) ;
#246 = ORIENTED_EDGE ( 'NONE', *, *, #1448, .T. ) ;
#247 = FACE_BOUND ( 'NONE', #3016, .T. ) ;
#248 = CARTESIAN_POINT ( 'NONE',  ( 102.7499999999999716, -167.9999999999999147, -1.000000000000000000 ) ) ;
#249 = ORIENTED_EDGE ( 'NONE', *, *, #2142, .F. ) ;
#250 = ADVANCED_FACE ( 'NONE', ( #138 ), #789, .F. ) ;
#251 = CARTESIAN_POINT ( 'NONE',  ( 66.00000000000001421, 176.5000000000000853, 0.0000000000000000000 ) ) ;
#252 = AXIS2_PLACEMENT_3D ( 'NONE', #644, #1138, #2558 ) ;
#253 = DIRECTION ( 'NONE',  ( 0.0000000000000000000, 1.000000000000000000, 0.0000000000000000000 ) ) ;
#254 = CIRCLE ( 'NONE', #1418, 1.500000000003109957 ) ;
#255 = EDGE_CURVE ( 'NONE', #689, #1150, #1176, .T. ) ;
#256 = CARTESIAN_POINT ( 'NONE',  ( 98.99999999999998579, -167.9999999999999147, 0.0000000000000000000 ) ) ;
#257 = CARTESIAN_POINT ( 'NONE',  ( 98.99999999999998579, -138.0000000000131593, -1.000000000000000000 ) ) ;
#258 = VECTOR ( 'NONE', #1367, 1000.000000000000000 ) ;
#259 = PRODUCT_DEFINITION_SHAPE ( 'NONE', 'NONE',  #1579 ) ;
#260 = PLANE ( 'NONE',  #2555 ) ;
#261 = DIRECTION ( 'NONE',  ( 4.163336342344448729E-14, 0.0000000000000000000, -1.000000000000000000 ) ) ;
#262 = AXIS2_PLACEMENT_3D ( 'NONE', #101, #2223, #837 ) ;
#263 = ORIENTED_EDGE ( 'NONE', *, *, #1690, .F. ) ;
#264 = AXIS2_PLACEMENT_3D ( 'NONE', #135, #2917, #2430 ) ;
#265 = CARTESIAN_POINT ( 'NONE',  ( 66.00000000000001421, 166.5000000000000568, -1.000000000000000000 ) ) ;
#266 = LINE ( 'NONE', #2145, #2515 ) ;
#267 = VECTOR ( 'NONE', #494, 1000.000000000000000 ) ;
#268 = AXIS2_PLACEMENT_3D ( 'NONE', #1345, #717, #1399 ) ;
#269 = CARTESIAN_POINT ( 'NONE',  ( -113.0000000000000853, -185.4999999999999432, 18.00000000000000711 ) ) ;
#270 = DIRECTION ( 'NONE',  ( -0.0000000000000000000, -0.0000000000000000000, -1.000000000000000000 ) ) ;
#271 = AXIS2_PLACEMENT_3D ( 'NONE', #969, #513, #1445 ) ;
#272 = CARTESIAN_POINT ( 'NONE',  ( -114.0000000000000000, -185.4999999999999716, 0.9999999999999314992 ) ) ;
#273 = AXIS2_PLACEMENT_3D ( 'NONE', #2087, #509, #278 ) ;
#274 = DIRECTION ( 'NONE',  ( -1.000000000000000000, 0.0000000000000000000, 0.0000000000000000000 ) ) ;
#275 = DIRECTION ( 'NONE',  ( -3.469446951953613794E-15, 0.0000000000000000000, 1.000000000000000000 ) ) ;
#276 = EDGE_CURVE ( 'NONE', #2182, #1051, #318, .T. ) ;
#277 = ORIENTED_EDGE ( 'NONE', *, *, #1073, .F. ) ;
#278 = DIRECTION ( 'NONE',  ( -1.000000000000000000, 0.0000000000000000000, 0.0000000000000000000 ) ) ;
#279 = CARTESIAN_POINT ( 'NONE',  ( 76.00000000000001421, 166.5000000000000568, 0.0000000000000000000 ) ) ;
#280 = LINE ( 'NONE', #1435, #1682 ) ;
#281 = PLANE ( 'NONE',  #746 ) ;
#282 = DIRECTION ( 'NONE',  ( -0.0000000000000000000, -0.0000000000000000000, 1.000000000000000000 ) ) ;
#283 = CARTESIAN_POINT ( 'NONE',  ( 96.75000000000000000, -198.4999999999999432, -1.000000000000000000 ) ) ;
#284 = DIRECTION ( 'NONE',  ( 1.000000000000000000, 0.0000000000000000000, -1.853985714950211004E-14 ) ) ;
#285 = VERTEX_POINT ( 'NONE', #2203 ) ;
#286 = EDGE_CURVE ( 'NONE', #1153, #2506, #603, .T. ) ;
#287 = ADVANCED_FACE ( 'NONE', ( #2189 ), #2241, .T. ) ;
#288 = PLANE ( 'NONE',  #1475 ) ;
#289 = ORIENTED_EDGE ( 'NONE', *, *, #1571, .F. ) ;
#290 = CARTESIAN_POINT ( 'NONE',  ( -113.0000000000000000, 213.5000000000000568, 1.000000000000013323 ) ) ;
#291 = DIRECTION ( 'NONE',  ( -0.0000000000000000000, -0.0000000000000000000, -1.000000000000000000 ) ) ;
#292 = AXIS2_PLACEMENT_3D ( 'NONE', #755, #2823, #2150 ) ;
#293 = FACE_OUTER_BOUND ( 'NONE', #347, .T. ) ;
#294 = DIRECTION ( 'NONE',  ( -1.000000000000000000, 0.0000000000000000000, 0.0000000000000000000 ) ) ;
#295 = DIRECTION ( 'NONE',  ( 0.0000000000000000000, 0.0000000000000000000, 1.000000000000000000 ) ) ;
#296 = ORIENTED_EDGE ( 'NONE', *, *, #2142, .T. ) ;
#297 = VECTOR ( 'NONE', #2362, 1000.000000000000000 ) ;
#298 = CIRCLE ( 'NONE', #210, 2.250000000000001776 ) ;
#299 = DIRECTION ( 'NONE',  ( -1.000000000000000000, 0.0000000000000000000, 0.0000000000000000000 ) ) ;
#300 = VERTEX_POINT ( 'NONE', #1775 ) ;
#301 = VECTOR ( 'NONE', #2844, 1000.000000000000000 ) ;
#302 = DIRECTION ( 'NONE',  ( 0.0000000000000000000, -0.0000000000000000000, -1.000000000000000000 ) ) ;
#303 = LINE ( 'NONE', #1734, #2706 ) ;
#304 = VECTOR ( 'NONE', #1910, 1000.000000000000000 ) ;
#305 = CARTESIAN_POINT ( 'NONE',  ( 103.9999999999955236, 149.9999999999869544, 0.0000000000000000000 ) ) ;
#306 = EDGE_CURVE ( 'NONE', #2755, #2236, #1307, .T. ) ;
#307 = VECTOR ( 'NONE', #1039, 1000.000000000000000 ) ;
#308 = DIRECTION ( 'NONE',  ( 0.0000000000000000000, 0.0000000000000000000, 1.000000000000000000 ) ) ;
#309 = LINE ( 'NONE', #1243, #876 ) ;
#310 = EDGE_CURVE ( 'NONE', #2979, #1199, #1522, .T. ) ;
#311 = ORIENTED_EDGE ( 'NONE', *, *, #559, .T. ) ;
#312 = CARTESIAN_POINT ( 'NONE',  ( -95.00000000000014211, -185.4999999999999432, 19.00000000000008171 ) ) ;
#313 = EDGE_CURVE ( 'NONE', #1543, #911, #2681, .T. ) ;
#314 = DIRECTION ( 'NONE',  ( 1.000000000000000000, 0.0000000000000000000, 7.121496375062679846E-15 ) ) ;
#315 = CARTESIAN_POINT ( 'NONE',  ( -113.0000000000000000, -185.4999999999999432, -7.415942859800850329E-14 ) ) ;
#316 = ADVANCED_FACE ( 'NONE', ( #555 ), #582, .T. ) ;
#317 = DIRECTION ( 'NONE',  ( 1.000000000000000000, 0.0000000000000000000, 3.630015036219546491E-15 ) ) ;
#318 = LINE ( 'NONE', #820, #392 ) ;
#319 = ADVANCED_FACE ( 'NONE', ( #2005 ), #621, .T. ) ;
#320 = CARTESIAN_POINT ( 'NONE',  ( -96.00000000000015632, 116.4999999999901803, 34.00000000000594014 ) ) ;
#321 = FACE_OUTER_BOUND ( 'NONE', #2627, .T. ) ;
#322 = ORIENTED_EDGE ( 'NONE', *, *, #2106, .F. ) ;
#323 = ORIENTED_EDGE ( 'NONE', *, *, #1419, .F. ) ;
#324 = DIRECTION ( 'NONE',  ( 1.000000000000000000, 0.0000000000000000000, 0.0000000000000000000 ) ) ;
#325 = LINE ( 'NONE', #812, #468 ) ;
#326 = DIRECTION ( 'NONE',  ( -1.000000000000000000, 3.754249404263564076E-31, 3.083952846180946696E-15 ) ) ;
#327 = EDGE_CURVE ( 'NONE', #2112, #2114, #932, .T. ) ;
#328 = DIRECTION ( 'NONE',  ( 0.0000000000000000000, 0.0000000000000000000, 1.000000000000000000 ) ) ;
#329 = DIRECTION ( 'NONE',  ( 3.469446951953613794E-15, 0.0000000000000000000, -1.000000000000000000 ) ) ;
#330 = CARTESIAN_POINT ( 'NONE',  ( -62.50000000000000000, 169.5000000000000284, 0.0000000000000000000 ) ) ;
#331 = CIRCLE ( 'NONE', #203, 1.500000000003123724 ) ;
#332 = DIRECTION ( 'NONE',  ( -1.000000000000000000, 0.0000000000000000000, 0.0000000000000000000 ) ) ;
#333 = ORIENTED_EDGE ( 'NONE', *, *, #242, .F. ) ;
#334 = ORIENTED_EDGE ( 'NONE', *, *, #2634, .F. ) ;
#335 = EDGE_LOOP ( 'NONE', ( #733, #1878, #367, #1662 ) ) ;
#336 = CARTESIAN_POINT ( 'NONE',  ( -115.0000000000000000, 213.5000000000000568, -1.000000000000000000 ) ) ;
#337 = DIRECTION ( 'NONE',  ( 1.000000000000000000, -5.299660313872847682E-30, 0.0000000000000000000 ) ) ;
#338 = LINE ( 'NONE', #1947, #2859 ) ;
#339 = VECTOR ( 'NONE', #2092, 1000.000000000000000 ) ;
#340 = CARTESIAN_POINT ( 'NONE',  ( -95.00000000000021316, -185.4999999999999432, 38.00000000000009237 ) ) ;
#341 = VECTOR ( 'NONE', #1433, 1000.000000000000000 ) ;
#342 = ADVANCED_FACE ( 'NONE', ( #2521, #2500, #870, #1590, #1573, #1096, #1398, #1554, #2534, #1109, #415, #2057, #2294, #396 ), #2973, .F. ) ;
#343 = CARTESIAN_POINT ( 'NONE',  ( -14.00000000000001421, 136.5000000000000568, 0.0000000000000000000 ) ) ;
#344 = CIRCLE ( 'NONE', #2710, 9.999999999999994671 ) ;
#345 = FACE_OUTER_BOUND ( 'NONE', #1185, .T. ) ;
#346 = DIRECTION ( 'NONE',  ( -0.0000000000000000000, 1.000000000000000000, 2.168404344971006896E-16 ) ) ;
#347 = EDGE_LOOP ( 'NONE', ( #1394, #38, #2485, #2046 ) ) ;
#348 = VERTEX_POINT ( 'NONE', #429 ) ;
#349 = ORIENTED_EDGE ( 'NONE', *, *, #2588, .F. ) ;
#350 = ORIENTED_EDGE ( 'NONE', *, *, #395, .T. ) ;
#351 = AXIS2_PLACEMENT_3D ( 'NONE', #18, #71, #1227 ) ;
#352 = EDGE_LOOP ( 'NONE', ( #105, #825, #2673, #2579 ) ) ;
#353 = CARTESIAN_POINT ( 'NONE',  ( -115.0000000000000000, -213.4999999999999432, -1.000000000000000000 ) ) ;
#354 = EDGE_CURVE ( 'NONE', #1209, #2112, #3042, .T. ) ;
#355 = VECTOR ( 'NONE', #1142, 1000.000000000000000 ) ;
#356 = FACE_OUTER_BOUND ( 'NONE', #1594, .T. ) ;
#357 = DIRECTION ( 'NONE',  ( 0.0000000000000000000, 0.0000000000000000000, -1.000000000000000000 ) ) ;
#358 = EDGE_CURVE ( 'NONE', #686, #1164, #1343, .T. ) ;
#359 = CARTESIAN_POINT ( 'NONE',  ( -4.000000000000015987, 146.5000000000000853, 0.0000000000000000000 ) ) ;
#360 = CARTESIAN_POINT ( 'NONE',  ( 115.0000000000000000, -185.4999999999999432, -8.634997895262023777E-15 ) ) ;
#361 = DIRECTION ( 'NONE',  ( 3.491481338843133355E-15, 1.217349807703022362E-16, 1.000000000000000000 ) ) ;
#362 = DIRECTION ( 'NONE',  ( -0.0000000000000000000, -0.0000000000000000000, -1.000000000000000000 ) ) ;
#363 = DIRECTION ( 'NONE',  ( -0.0000000000000000000, -0.0000000000000000000, -1.000000000000000000 ) ) ;
#364 = EDGE_CURVE ( 'NONE', #487, #1507, #2329, .T. ) ;
#365 = VERTEX_POINT ( 'NONE', #1826 ) ;
#366 = ORIENTED_EDGE ( 'NONE', *, *, #559, .F. ) ;
#367 = ORIENTED_EDGE ( 'NONE', *, *, #2667, .F. ) ;
#368 = VERTEX_POINT ( 'NONE', #854 ) ;
#369 = CARTESIAN_POINT ( 'NONE',  ( -97.00000000000007105, 213.5000000000000853, 19.00000000000011724 ) ) ;
#370 = EDGE_CURVE ( 'NONE', #1068, #609, #2769, .T. ) ;
#371 = EDGE_CURVE ( 'NONE', #3050, #2316, #668, .T. ) ;
#372 = CYLINDRICAL_SURFACE ( 'NONE', #1827, 2.250000000231233699 ) ;
#373 = LINE ( 'NONE', #1583, #2324 ) ;
#374 = VERTEX_POINT ( 'NONE', #2308 ) ;
#375 = DIRECTION ( 'NONE',  ( -0.0000000000000000000, -0.0000000000000000000, 1.000000000000000000 ) ) ;
#376 = DIRECTION ( 'NONE',  ( -0.0000000000000000000, -0.0000000000000000000, -1.000000000000000000 ) ) ;
#377 = ADVANCED_FACE ( 'NONE', ( #208 ), #2345, .F. ) ;
#378 = CARTESIAN_POINT ( 'NONE',  ( -64.00000000000000000, 76.50000000000007105, 0.0000000000000000000 ) ) ;
#379 = ORIENTED_EDGE ( 'NONE', *, *, #1540, .T. ) ;
#380 = ORIENTED_EDGE ( 'NONE', *, *, #2361, .F. ) ;
#381 = ORIENTED_EDGE ( 'NONE', *, *, #2392, .F. ) ;
#382 = ORIENTED_EDGE ( 'NONE', *, *, #1212, .T. ) ;
#383 = ORIENTED_EDGE ( 'NONE', *, *, #2826, .F. ) ;
#384 = CIRCLE ( 'NONE', #439, 1.500000000003109957 ) ;
#385 = VERTEX_POINT ( 'NONE', #2733 ) ;
#386 = CARTESIAN_POINT ( 'NONE',  ( 113.0000000000000000, -188.4999999999999432, 3.035766082959412415E-15 ) ) ;
#387 = AXIS2_PLACEMENT_3D ( 'NONE', #2734, #1841, #1555 ) ;
#388 = DIRECTION ( 'NONE',  ( -0.0000000000000000000, -0.0000000000000000000, -1.000000000000000000 ) ) ;
#389 = CARTESIAN_POINT ( 'NONE',  ( 106.7221400861440230, 166.4999999999994884, 0.0000000000000000000 ) ) ;
#390 = ORIENTED_EDGE ( 'NONE', *, *, #168, .F. ) ;
#391 = CARTESIAN_POINT ( 'NONE',  ( -28.24999999999997868, 213.5000000000000853, -1.000000000000000000 ) ) ;
#392 = VECTOR ( 'NONE', #157, 1000.000000000000000 ) ;
#393 = EDGE_CURVE ( 'NONE', #1507, #1349, #905, .T. ) ;
#394 = CIRCLE ( 'NONE', #2653, 2.250000000000001776 ) ;
#395 = EDGE_CURVE ( 'NONE', #93, #144, #298, .T. ) ;
#396 = FACE_OUTER_BOUND ( 'NONE', #1104, .T. ) ;
#397 = DIRECTION ( 'NONE',  ( -3.652049423109067235E-15, -0.0000000000000000000, 1.000000000000000000 ) ) ;
#398 = VECTOR ( 'NONE', #1302, 1000.000000000000000 ) ;
#399 = ORIENTED_EDGE ( 'NONE', *, *, #306, .F. ) ;
#400 = ORIENTED_EDGE ( 'NONE', *, *, #1484, .T. ) ;
#401 = ORIENTED_EDGE ( 'NONE', *, *, #1488, .F. ) ;
#402 = VECTOR ( 'NONE', #2331, 1000.000000000000000 ) ;
#403 = EDGE_CURVE ( 'NONE', #2083, #2563, #919, .T. ) ;
#404 = VERTEX_POINT ( 'NONE', #2550 ) ;
#405 = EDGE_LOOP ( 'NONE', ( #1919, #2967, #1856, #1278 ) ) ;
#406 = CARTESIAN_POINT ( 'NONE',  ( -100.6778599138560537, 86.49999999999940314, 0.0000000000000000000 ) ) ;
#407 = AXIS2_PLACEMENT_3D ( 'NONE', #2765, #2070, #1378 ) ;
#408 = CIRCLE ( 'NONE', #947, 9.999999999999994671 ) ;
#409 = DIRECTION ( 'NONE',  ( 1.000000000000000000, 0.0000000000000000000, 0.0000000000000000000 ) ) ;
#410 = FACE_OUTER_BOUND ( 'NONE', #1595, .T. ) ;
#411 = ADVANCED_FACE ( 'NONE', ( #1328 ), #174, .F. ) ;
#412 = ORIENTED_EDGE ( 'NONE', *, *, #1911, .T. ) ;
#413 = LINE ( 'NONE', #1327, #701 ) ;
#414 = EDGE_CURVE ( 'NONE', #144, #2484, #1438, .T. ) ;
#415 = FACE_BOUND ( 'NONE', #1457, .T. ) ;
#416 = CARTESIAN_POINT ( 'NONE',  ( -68.24999999999997158, 193.5000000000000568, 0.0000000000000000000 ) ) ;
#417 = LINE ( 'NONE', #2751, #1920 ) ;
#418 = ORIENTED_EDGE ( 'NONE', *, *, #2103, .T. ) ;
#419 = ORIENTED_EDGE ( 'NONE', *, *, #1752, .T. ) ;
#420 = EDGE_LOOP ( 'NONE', ( #1333, #2193, #881, #142 ) ) ;
#421 = CARTESIAN_POINT ( 'NONE',  ( 106.2500000002267626, 149.9999999999869544, 0.0000000000000000000 ) ) ;
#422 = DIRECTION ( 'NONE',  ( 0.0000000000000000000, 0.0000000000000000000, -1.000000000000000000 ) ) ;
#423 = VERTEX_POINT ( 'NONE', #2373 ) ;
#424 = CARTESIAN_POINT ( 'NONE',  ( 98.99999999999998579, -176.9999999999999432, 0.0000000000000000000 ) ) ;
#425 = DIRECTION ( 'NONE',  ( 0.0000000000000000000, 0.0000000000000000000, -1.000000000000000000 ) ) ;
#426 = EDGE_LOOP ( 'NONE', ( #488, #842, #1530, #1261 ) ) ;
#427 = FACE_OUTER_BOUND ( 'NONE', #2701, .T. ) ;
#428 = FACE_OUTER_BOUND ( 'NONE', #2035, .T. ) ;
#429 = CARTESIAN_POINT ( 'NONE',  ( -59.99999999999999289, 169.5000000000000284, 0.0000000000000000000 ) ) ;
#430 = FACE_OUTER_BOUND ( 'NONE', #2961, .T. ) ;
#431 = LINE ( 'NONE', #193, #1717 ) ;
#432 = EDGE_LOOP ( 'NONE', ( #1411, #1312, #858, #571 ) ) ;
#433 = EDGE_LOOP ( 'NONE', ( #220, #123, #2739, #50 ) ) ;
#434 = LINE ( 'NONE', #476, #258 ) ;
#435 = DIRECTION ( 'NONE',  ( 1.000000000000000000, 0.0000000000000000000, 0.0000000000000000000 ) ) ;
#436 = EDGE_LOOP ( 'NONE', ( #588, #1294 ) ) ;
#437 = ORIENTED_EDGE ( 'NONE', *, *, #2820, .T. ) ;
#438 = ORIENTED_EDGE ( 'NONE', *, *, #286, .F. ) ;
#439 = AXIS2_PLACEMENT_3D ( 'NONE', #1918, #1862, #2804 ) ;
#440 = DIRECTION ( 'NONE',  ( 0.0000000000000000000, 0.0000000000000000000, 1.000000000000000000 ) ) ;
#441 = ADVANCED_FACE ( 'NONE', ( #22 ), #2107, .F. ) ;
#442 = CARTESIAN_POINT ( 'NONE',  ( -68.24999999999997158, 193.5000000000000568, -1.000000000000000000 ) ) ;
#443 = VECTOR ( 'NONE', #3015, 1000.000000000000000 ) ;
#444 = DIRECTION ( 'NONE',  ( -1.000000000000000000, -0.0000000000000000000, -0.0000000000000000000 ) ) ;
#445 = CARTESIAN_POINT ( 'NONE',  ( -90.50000000000000000, -198.4999999999999432, -1.000000000000000000 ) ) ;
#446 = VECTOR ( 'NONE', #2775, 1000.000000000000000 ) ;
#447 = AXIS2_PLACEMENT_3D ( 'NONE', #256, #2833, #485 ) ;
#448 = CARTESIAN_POINT ( 'NONE',  ( -115.0000000000000000, -213.4999999999999432, 0.0000000000000000000 ) ) ;
#449 = SHAPE_DEFINITION_REPRESENTATION ( #259, #1822 ) ;
#450 = CARTESIAN_POINT ( 'NONE',  ( -115.0000000000000000, -213.4999999999999432, -1.000000000000000000 ) ) ;
#451 = LOCAL_TIME ( 17, 39, 45.00000000000000000, #698 ) ;
#452 = ADVANCED_FACE ( 'NONE', ( #2163 ), #2873, .F. ) ;
#453 = ORIENTED_EDGE ( 'NONE', *, *, #2103, .F. ) ;
#454 = VECTOR ( 'NONE', #1476, 1000.000000000000000 ) ;
#455 = ORIENTED_EDGE ( 'NONE', *, *, #2596, .F. ) ;
#456 = ORIENTED_EDGE ( 'NONE', *, *, #519, .F. ) ;
#457 = AXIS2_PLACEMENT_3D ( 'NONE', #1284, #1707, #1967 ) ;
#458 = DIRECTION ( 'NONE',  ( -1.000000000000000000, 0.0000000000000000000, 0.0000000000000000000 ) ) ;
#459 = EDGE_LOOP ( 'NONE', ( #2580, #146, #1646, #824 ) ) ;
#460 = ORIENTED_EDGE ( 'NONE', *, *, #2637, .F. ) ;
#461 = ORIENTED_EDGE ( 'NONE', *, *, #2489, .T. ) ;
#462 = VERTEX_POINT ( 'NONE', #2631 ) ;
#463 = AXIS2_PLACEMENT_3D ( 'NONE', #450, #1627, #3010 ) ;
#464 = EDGE_CURVE ( 'NONE', #2212, #1678, #2602, .T. ) ;
#465 = LINE ( 'NONE', #1582, #1027 ) ;
#466 = CARTESIAN_POINT ( 'NONE',  ( 66.00000000000001421, 76.50000000000007105, 0.0000000000000000000 ) ) ;
#467 = VECTOR ( 'NONE', #1898, 1000.000000000000000 ) ;
#468 = VECTOR ( 'NONE', #2184, 1000.000000000000000 ) ;
#469 = EDGE_CURVE ( 'NONE', #1831, #1068, #1460, .T. ) ;
#470 = DIRECTION ( 'NONE',  ( 0.0000000000000000000, 1.000000000000000000, 0.0000000000000000000 ) ) ;
#471 = CARTESIAN_POINT ( 'NONE',  ( -73.99999999999997158, 86.50000000000005684, 0.0000000000000000000 ) ) ;
#472 = DIRECTION ( 'NONE',  ( 0.0000000000000000000, 0.0000000000000000000, 1.000000000000000000 ) ) ;
#473 = PERSON_AND_ORGANIZATION ( #576, #1118 ) ;
#474 = CARTESIAN_POINT ( 'NONE',  ( -115.0000000000000000, -185.4999999999999432, 0.9999999999999280575 ) ) ;
#475 = ORIENTED_EDGE ( 'NONE', *, *, #1366, .T. ) ;
#476 = CARTESIAN_POINT ( 'NONE',  ( -115.0000000000000000, 213.5000000000000568, 0.0000000000000000000 ) ) ;
#477 = EDGE_CURVE ( 'NONE', #1602, #462, #2805, .T. ) ;
#478 = PLANE ( 'NONE',  #2110 ) ;
#479 = EDGE_LOOP ( 'NONE', ( #1546, #3037, #383, #2889 ) ) ;
#480 = CARTESIAN_POINT ( 'NONE',  ( 103.7221400861376992, 86.49999999999953104, -1.000000000000000000 ) ) ;
#481 = DIRECTION ( 'NONE',  ( -0.0000000000000000000, -1.000000000000000000, -0.0000000000000000000 ) ) ;
#482 = EDGE_CURVE ( 'NONE', #2085, #1068, #207, .T. ) ;
#483 = CARTESIAN_POINT ( 'NONE',  ( 105.2221400861376992, 86.49999999999953104, -1.000000000000000000 ) ) ;
#484 = DIRECTION ( 'NONE',  ( 1.000000000000000000, 0.0000000000000000000, 0.0000000000000000000 ) ) ;
#485 = DIRECTION ( 'NONE',  ( 1.000000000000000000, 0.0000000000000000000, 0.0000000000000000000 ) ) ;
#486 = DIRECTION ( 'NONE',  ( 1.000000000000000000, 0.0000000000000000000, 0.0000000000000000000 ) ) ;
#487 = VERTEX_POINT ( 'NONE', #933 ) ;
#488 = ORIENTED_EDGE ( 'NONE', *, *, #2585, .F. ) ;
#489 = LINE ( 'NONE', #1660, #1949 ) ;
#490 = CARTESIAN_POINT ( 'NONE',  ( -96.00000000000018474, -149.5000000000133014, 34.00000000000676437 ) ) ;
#491 = ORIENTED_EDGE ( 'NONE', *, *, #867, .T. ) ;
#492 = EDGE_LOOP ( 'NONE', ( #1988, #1542, #2948, #2582 ) ) ;
#493 = CARTESIAN_POINT ( 'NONE',  ( -63.99999999999998579, 86.50000000000005684, 0.0000000000000000000 ) ) ;
#494 = DIRECTION ( 'NONE',  ( -3.469446951953614682E-16, 1.000000000000000000, -0.0000000000000000000 ) ) ;
#495 = PLANE ( 'NONE',  #553 ) ;
#496 = VECTOR ( 'NONE', #504, 1000.000000000000000 ) ;
#497 = PLANE ( 'NONE',  #705 ) ;
#498 = CIRCLE ( 'NONE', #1308, 9.999999999999994671 ) ;
#499 = ADVANCED_FACE ( 'NONE', ( #293 ), #1204, .F. ) ;
#500 = DIRECTION ( 'NONE',  ( -0.0000000000000000000, 1.000000000000000000, -1.217349807703022362E-16 ) ) ;
#501 = ORIENTED_EDGE ( 'NONE', *, *, #2947, .T. ) ;
#502 = PRODUCT ( '03-B1O1-galvaniz 1 mm', '03-B1O1-galvaniz 1 mm', '', ( #2750 ) ) ;
#503 = CARTESIAN_POINT ( 'NONE',  ( -4.000000000000015987, 146.5000000000000853, -1.000000000000000000 ) ) ;
#504 = DIRECTION ( 'NONE',  ( -3.469446951953615767E-15, 0.0000000000000000000, 1.000000000000000000 ) ) ;
#505 = VECTOR ( 'NONE', #729, 1000.000000000000000 ) ;
#506 = ORIENTED_EDGE ( 'NONE', *, *, #3057, .F. ) ;
#507 = VERTEX_POINT ( 'NONE', #1215 ) ;
#508 = VECTOR ( 'NONE', #1231, 1000.000000000000000 ) ;
#509 = DIRECTION ( 'NONE',  ( 0.0000000000000000000, 0.0000000000000000000, -1.000000000000000000 ) ) ;
#510 = CARTESIAN_POINT ( 'NONE',  ( 114.0000000000000284, -185.4999999999999432, 9.000000000000122569 ) ) ;
#511 = VECTOR ( 'NONE', #714, 1000.000000000000000 ) ;
#512 = AXIS2_PLACEMENT_3D ( 'NONE', #2576, #888, #2310 ) ;
#513 = DIRECTION ( 'NONE',  ( -1.000000000000000000, -1.541976423090493661E-15, 0.0000000000000000000 ) ) ;
#514 = LINE ( 'NONE', #2842, #655 ) ;
#515 = CIRCLE ( 'NONE', #2216, 2.000000000000000888 ) ;
#516 = CARTESIAN_POINT ( 'NONE',  ( -115.0000000000000995, -185.4999999999999716, 16.99999999999992184 ) ) ;
#517 = AXIS2_PLACEMENT_3D ( 'NONE', #1799, #912, #3038 ) ;
#518 = EDGE_CURVE ( 'NONE', #1209, #1760, #1759, .T. ) ;
#519 = EDGE_CURVE ( 'NONE', #596, #1113, #1177, .T. ) ;
#520 = FACE_OUTER_BOUND ( 'NONE', #2754, .T. ) ;
#521 = DIRECTION ( 'NONE',  ( 3.083952846180946696E-15, 0.0000000000000000000, 1.000000000000000000 ) ) ;
#522 = EDGE_LOOP ( 'NONE', ( #1386, #2562, #5, #608 ) ) ;
#523 = ORIENTED_EDGE ( 'NONE', *, *, #1137, .T. ) ;
#524 = LINE ( 'NONE', #2144, #1968 ) ;
#525 = ORIENTED_EDGE ( 'NONE', *, *, #2944, .F. ) ;
#526 = LINE ( 'NONE', #727, #467 ) ;
#527 = DIRECTION ( 'NONE',  ( -0.0000000000000000000, -0.0000000000000000000, 1.000000000000000000 ) ) ;
#528 = CARTESIAN_POINT ( 'NONE',  ( 102.7499999999999716, -176.9999999999999432, -1.000000000000000000 ) ) ;
#529 = CARTESIAN_POINT ( 'NONE',  ( -115.0000000000000000, -188.4999999999999432, -3.707971429900425164E-14 ) ) ;
#530 = DIRECTION ( 'NONE',  ( 0.0000000000000000000, 0.0000000000000000000, 1.000000000000000000 ) ) ;
#531 = ORIENTED_EDGE ( 'NONE', *, *, #2001, .T. ) ;
#532 = ORIENTED_EDGE ( 'NONE', *, *, #1488, .T. ) ;
#533 = DIRECTION ( 'NONE',  ( 1.000000000000000000, -4.763380353154024979E-31, 3.652049423109067235E-15 ) ) ;
#534 = EDGE_CURVE ( 'NONE', #1678, #2085, #763, .T. ) ;
#535 = LINE ( 'NONE', #1908, #1026 ) ;
#536 = DIRECTION ( 'NONE',  ( 0.0000000000000000000, 0.0000000000000000000, 1.000000000000000000 ) ) ;
#537 = EDGE_CURVE ( 'NONE', #2728, #2298, #2386, .T. ) ;
#538 = AXIS2_PLACEMENT_3D ( 'NONE', #2983, #182, #2510 ) ;
#539 = DIRECTION ( 'NONE',  ( -1.387778780781405917E-14, 0.0000000000000000000, 1.000000000000000000 ) ) ;
#540 = VECTOR ( 'NONE', #1737, 1000.000000000000000 ) ;
#541 = CARTESIAN_POINT ( 'NONE',  ( -28.24999999999997513, 193.5000000000000568, -1.000000000000000000 ) ) ;
#542 = CARTESIAN_POINT ( 'NONE',  ( -63.99999999999998579, 86.50000000000005684, 0.0000000000000000000 ) ) ;
#543 = EDGE_CURVE ( 'NONE', #1276, #2722, #716, .T. ) ;
#544 = EDGE_LOOP ( 'NONE', ( #1651, #1247, #2456, #1016 ) ) ;
#545 = VECTOR ( 'NONE', #376, 1000.000000000000000 ) ;
#546 = DIRECTION ( 'NONE',  ( 0.0000000000000000000, -1.000000000000000000, -2.168404344971006896E-16 ) ) ;
#547 = EDGE_CURVE ( 'NONE', #2236, #2114, #1643, .T. ) ;
#548 = VECTOR ( 'NONE', #2040, 1000.000000000000000 ) ;
#549 = PLANE ( 'NONE',  #2661 ) ;
#550 = DIRECTION ( 'NONE',  ( 0.0000000000000000000, 0.0000000000000000000, -1.000000000000000000 ) ) ;
#551 = VECTOR ( 'NONE', #1550, 1000.000000000000000 ) ;
#552 = DIRECTION ( 'NONE',  ( 1.000000000000000000, 0.0000000000000000000, 0.0000000000000000000 ) ) ;
#553 = AXIS2_PLACEMENT_3D ( 'NONE', #1458, #2405, #302 ) ;
#554 = VECTOR ( 'NONE', #2415, 1000.000000000000000 ) ;
#555 = FACE_OUTER_BOUND ( 'NONE', #1494, .T. ) ;
#556 = DIRECTION ( 'NONE',  ( 1.000000000000000000, -1.158896685412480835E-16, 3.469446951953613794E-15 ) ) ;
#557 = FACE_OUTER_BOUND ( 'NONE', #432, .T. ) ;
#558 = ORIENTED_EDGE ( 'NONE', *, *, #153, .T. ) ;
#559 = EDGE_CURVE ( 'NONE', #1976, #2755, #1900, .T. ) ;
#560 = CARTESIAN_POINT ( 'NONE',  ( 106.2500000002267626, 149.9999999999869544, -1.000000000000000000 ) ) ;
#561 = EDGE_LOOP ( 'NONE', ( #978, #2464, #908, #1761 ) ) ;
#562 = CYLINDRICAL_SURFACE ( 'NONE', #20, 2.500000000000009326 ) ;
#563 = LINE ( 'NONE', #1498, #2121 ) ;
#564 = EDGE_CURVE ( 'NONE', #2208, #1747, #2395, .T. ) ;
#565 = LINE ( 'NONE', #801, #2322 ) ;
#566 = CARTESIAN_POINT ( 'NONE',  ( -28.24999999999997513, 193.5000000000000568, 0.0000000000000000000 ) ) ;
#567 = CARTESIAN_POINT ( 'NONE',  ( 95.25000000000000000, -176.9999999999999432, -1.000000000000000000 ) ) ;
#568 = CARTESIAN_POINT ( 'NONE',  ( 103.9999999999955236, 149.9999999999869544, 0.0000000000000000000 ) ) ;
#569 = ORIENTED_EDGE ( 'NONE', *, *, #1671, .F. ) ;
#570 = VERTEX_POINT ( 'NONE', #2861 ) ;
#571 = ORIENTED_EDGE ( 'NONE', *, *, #327, .T. ) ;
#572 = ORIENTED_EDGE ( 'NONE', *, *, #2136, .F. ) ;
#573 = ORIENTED_EDGE ( 'NONE', *, *, #477, .F. ) ;
#574 = DIRECTION ( 'NONE',  ( 0.0000000000000000000, 0.0000000000000000000, 1.000000000000000000 ) ) ;
#575 = VERTEX_POINT ( 'NONE', #963 ) ;
#576 = PERSON ( '未指定', '未指定', '未指定', ('未指定'), ('未指定'), ('未指定') ) ;
#577 = CYLINDRICAL_SURFACE ( 'NONE', #1574, 1.000000000000000888 ) ;
#578 = CARTESIAN_POINT ( 'NONE',  ( -28.24999999999997868, 213.5000000000000853, -1.000000000000000000 ) ) ;
#579 = EDGE_CURVE ( 'NONE', #570, #2937, #751, .T. ) ;
#580 = DIRECTION ( 'NONE',  ( 1.541976423090493661E-15, 1.000000000000000000, -0.0000000000000000000 ) ) ;
#581 = ADVANCED_FACE ( 'NONE', ( #740 ), #73, .T. ) ;
#582 = PLANE ( 'NONE',  #744 ) ;
#583 = FACE_OUTER_BOUND ( 'NONE', #1811, .T. ) ;
#584 = AXIS2_PLACEMENT_3D ( 'NONE', #1300, #2687, #2459 ) ;
#585 = CARTESIAN_POINT ( 'NONE',  ( 76.00000000000001421, 86.50000000000005684, 0.0000000000000000000 ) ) ;
#586 = ORIENTED_EDGE ( 'NONE', *, *, #2047, .T. ) ;
#587 = EDGE_LOOP ( 'NONE', ( #2723, #1991, #1281, #941 ) ) ;
#588 = ORIENTED_EDGE ( 'NONE', *, *, #3053, .F. ) ;
#589 = ORIENTED_EDGE ( 'NONE', *, *, #1762, .T. ) ;
#590 = ORIENTED_EDGE ( 'NONE', *, *, #3053, .T. ) ;
#591 = DIRECTION ( 'NONE',  ( 0.0000000000000000000, -0.0000000000000000000, 1.000000000000000000 ) ) ;
#592 = EDGE_CURVE ( 'NONE', #1758, #1285, #1519, .T. ) ;
#593 = VECTOR ( 'NONE', #282, 1000.000000000000000 ) ;
#594 = DIRECTION ( 'NONE',  ( -1.000000000000000000, 0.0000000000000000000, 0.0000000000000000000 ) ) ;
#595 = DIRECTION ( 'NONE',  ( -1.000000000000000000, 0.0000000000000000000, 0.0000000000000000000 ) ) ;
#596 = VERTEX_POINT ( 'NONE', #2447 ) ;
#597 = AXIS2_PLACEMENT_3D ( 'NONE', #835, #1552, #2732 ) ;
#598 = EDGE_CURVE ( 'NONE', #2031, #423, #2951, .T. ) ;
#599 = CIRCLE ( 'NONE', #1023, 1.500000000000001332 ) ;
#600 = CARTESIAN_POINT ( 'NONE',  ( -100.6778599138560537, 86.49999999999940314, -1.000000000000000000 ) ) ;
#601 = VECTOR ( 'NONE', #1322, 1000.000000000000000 ) ;
#602 = CARTESIAN_POINT ( 'NONE',  ( -95.00000000000014211, -185.4999999999999432, 20.00000000000008527 ) ) ;
#603 = LINE ( 'NONE', #2953, #545 ) ;
#604 = CIRCLE ( 'NONE', #1024, 10.00000000000000533 ) ;
#605 = CARTESIAN_POINT ( 'NONE',  ( -96.00000000000015632, -157.5000000000133014, 26.00000000000676792 ) ) ;
#606 = LINE ( 'NONE', #2920, #2215 ) ;
#607 = ADVANCED_FACE ( 'NONE', ( #1709 ), #2480, .F. ) ;
#608 = ORIENTED_EDGE ( 'NONE', *, *, #1258, .T. ) ;
#609 = VERTEX_POINT ( 'NONE', #2200 ) ;
#610 = EDGE_CURVE ( 'NONE', #2492, #1122, #1735, .T. ) ;
#611 = EDGE_LOOP ( 'NONE', ( #656, #401, #1881, #896 ) ) ;
#612 = EDGE_LOOP ( 'NONE', ( #1156, #2976, #2777, #437 ) ) ;
#613 = ORIENTED_EDGE ( 'NONE', *, *, #196, .T. ) ;
#614 = ORIENTED_EDGE ( 'NONE', *, *, #850, .F. ) ;
#615 = DIRECTION ( 'NONE',  ( 1.000000000000000000, 0.0000000000000000000, 0.0000000000000000000 ) ) ;
#616 = DIRECTION ( 'NONE',  ( -1.000000000000000000, 0.0000000000000000000, 0.0000000000000000000 ) ) ;
#617 = CYLINDRICAL_SURFACE ( 'NONE', #1871, 3.750000000000003553 ) ;
#618 = ORIENTED_EDGE ( 'NONE', *, *, #1762, .F. ) ;
#619 = EDGE_CURVE ( 'NONE', #1493, #627, #1381, .T. ) ;
#620 = CARTESIAN_POINT ( 'NONE',  ( -88.25000000000000000, -198.4999999999999432, -1.000000000000000000 ) ) ;
#621 = PLANE ( 'NONE',  #2264 ) ;
#622 = CARTESIAN_POINT ( 'NONE',  ( 115.0000000000000000, -188.4999999999999432, 1.517883041479706208E-15 ) ) ;
#623 = CARTESIAN_POINT ( 'NONE',  ( -63.99999999999998579, 126.5000000000000568, -1.000000000000000000 ) ) ;
#624 = VERTEX_POINT ( 'NONE', #2222 ) ;
#625 = ORIENTED_EDGE ( 'NONE', *, *, #987, .F. ) ;
#626 = EDGE_LOOP ( 'NONE', ( #806, #2956, #2791, #2908 ) ) ;
#627 = VERTEX_POINT ( 'NONE', #2899 ) ;
#628 = DIRECTION ( 'NONE',  ( -0.0000000000000000000, -0.0000000000000000000, 1.000000000000000000 ) ) ;
#629 = CARTESIAN_POINT ( 'NONE',  ( 106.2500000001705303, -1.301166840733770345E-11, 0.0000000000000000000 ) ) ;
#630 = CARTESIAN_POINT ( 'NONE',  ( -95.00000000000014211, -185.4999999999999432, 19.00000000000008527 ) ) ;
#631 = ADVANCED_FACE ( 'NONE', ( #1936 ), #1025, .T. ) ;
#632 = DIRECTION ( 'NONE',  ( 1.000000000000000000, 0.0000000000000000000, 0.0000000000000000000 ) ) ;
#633 = EDGE_CURVE ( 'NONE', #2924, #1133, #2318, .T. ) ;
#634 = DIRECTION ( 'NONE',  ( 1.000000000000000000, 0.0000000000000000000, 0.0000000000000000000 ) ) ;
#635 = CARTESIAN_POINT ( 'NONE',  ( 98.99999999999998579, -167.9999999999999147, -1.000000000000000000 ) ) ;
#636 = CARTESIAN_POINT ( 'NONE',  ( -64.00000000000000000, 76.50000000000007105, -1.000000000000000000 ) ) ;
#637 = ORIENTED_EDGE ( 'NONE', *, *, #2452, .T. ) ;
#638 = ORIENTED_EDGE ( 'NONE', *, *, #477, .T. ) ;
#639 = ORIENTED_EDGE ( 'NONE', *, *, #773, .T. ) ;
#640 = VERTEX_POINT ( 'NONE', #2680 ) ;
#641 = EDGE_CURVE ( 'NONE', #2261, #2728, #2014, .T. ) ;
#642 = AXIS2_PLACEMENT_3D ( 'NONE', #9, #530, #49 ) ;
#643 = ORIENTED_EDGE ( 'NONE', *, *, #1981, .T. ) ;
#644 = CARTESIAN_POINT ( 'NONE',  ( -97.00000000000011369, -185.4999999999999432, 20.00000000000009237 ) ) ;
#645 = LINE ( 'NONE', #2101, #844 ) ;
#646 = CARTESIAN_POINT ( 'NONE',  ( -113.0000000000000711, 213.5000000000000568, 18.00000000000000355 ) ) ;
#647 = VERTEX_POINT ( 'NONE', #817 ) ;
#648 = EDGE_CURVE ( 'NONE', #640, #1199, #2668, .T. ) ;
#649 = VECTOR ( 'NONE', #244, 1000.000000000000000 ) ;
#650 = DIRECTION ( 'NONE',  ( -1.000000000000000000, 0.0000000000000000000, -3.469446951953613794E-15 ) ) ;
#651 = VECTOR ( 'NONE', #1840, 1000.000000000000000 ) ;
#652 = VECTOR ( 'NONE', #580, 1000.000000000000000 ) ;
#653 = CARTESIAN_POINT ( 'NONE',  ( 113.0000000000000000, -185.4999999999999432, 3.035766082959412415E-15 ) ) ;
#654 = DIRECTION ( 'NONE',  ( 1.301042606982606060E-16, 1.000000000000000000, 0.0000000000000000000 ) ) ;
#655 = VECTOR ( 'NONE', #728, 1000.000000000000000 ) ;
#656 = ORIENTED_EDGE ( 'NONE', *, *, #6, .T. ) ;
#657 = ORIENTED_EDGE ( 'NONE', *, *, #276, .F. ) ;
#658 = AXIS2_PLACEMENT_3D ( 'NONE', #1618, #1012, #1081 ) ;
#659 = ORIENTED_EDGE ( 'NONE', *, *, #2820, .F. ) ;
#660 = PLANE ( 'NONE',  #1169 ) ;
#661 = VECTOR ( 'NONE', #1995, 1000.000000000000000 ) ;
#662 = EDGE_CURVE ( 'NONE', #596, #1747, #1537, .T. ) ;
#663 = VECTOR ( 'NONE', #1018, 1000.000000000000000 ) ;
#664 = DIRECTION ( 'NONE',  ( 0.0000000000000000000, -1.304303365396095688E-16, 1.000000000000000000 ) ) ;
#665 = LINE ( 'NONE', #2067, #159 ) ;
#666 = LINE ( 'NONE', #2104, #1774 ) ;
#667 = DIRECTION ( 'NONE',  ( 1.541976423090493661E-15, 1.000000000000000000, 0.0000000000000000000 ) ) ;
#668 = LINE ( 'NONE', #2575, #1951 ) ;
#669 = CARTESIAN_POINT ( 'NONE',  ( -97.00000000000002842, 213.5000000000000853, 18.00000000000011724 ) ) ;
#670 = EDGE_LOOP ( 'NONE', ( #1260, #2684, #2674, #2009 ) ) ;
#671 = ORIENTED_EDGE ( 'NONE', *, *, #1617, .F. ) ;
#672 = EDGE_LOOP ( 'NONE', ( #2524, #1430 ) ) ;
#673 = CARTESIAN_POINT ( 'NONE',  ( -102.1778599138591801, 86.49999999999940314, 0.0000000000000000000 ) ) ;
#674 = VERTEX_POINT ( 'NONE', #1948 ) ;
#675 = ORIENTED_EDGE ( 'NONE', *, *, #648, .F. ) ;
#676 = DIRECTION ( 'NONE',  ( 0.0000000000000000000, 0.0000000000000000000, 1.000000000000000000 ) ) ;
#677 = CARTESIAN_POINT ( 'NONE',  ( -95.00000000000015632, 213.5000000000000568, 38.00000000000009237 ) ) ;
#678 = DIRECTION ( 'NONE',  ( -0.0000000000000000000, -0.0000000000000000000, 1.000000000000000000 ) ) ;
#679 = EDGE_CURVE ( 'NONE', #1747, #122, #565, .T. ) ;
#680 = DIRECTION ( 'NONE',  ( -0.0000000000000000000, -0.0000000000000000000, 1.000000000000000000 ) ) ;
#681 = DIRECTION ( 'NONE',  ( 0.0000000000000000000, 0.0000000000000000000, 1.000000000000000000 ) ) ;
#682 =( NAMED_UNIT ( * ) PLANE_ANGLE_UNIT ( ) SI_UNIT ( $, .RADIAN. ) );
#683 = CARTESIAN_POINT ( 'NONE',  ( -95.00000000000014211, -185.4999999999999432, 20.00000000000008527 ) ) ;
#684 = ADVANCED_FACE ( 'NONE', ( #772 ), #1042, .F. ) ;
#685 = ORIENTED_EDGE ( 'NONE', *, *, #80, .T. ) ;
#686 = VERTEX_POINT ( 'NONE', #786 ) ;
#687 = LINE ( 'NONE', #2997, #46 ) ;
#688 = ORIENTED_EDGE ( 'NONE', *, *, #403, .F. ) ;
#689 = VERTEX_POINT ( 'NONE', #600 ) ;
#690 = AXIS2_PLACEMENT_3D ( 'NONE', #878, #1814, #2098 ) ;
#691 = LINE ( 'NONE', #2807, #1434 ) ;
#692 = DIRECTION ( 'NONE',  ( -1.000000000000000000, 0.0000000000000000000, -3.686287386450711920E-15 ) ) ;
#693 = DIRECTION ( 'NONE',  ( 0.0000000000000000000, 1.000000000000000000, 0.0000000000000000000 ) ) ;
#694 = DIRECTION ( 'NONE',  ( 0.0000000000000000000, 0.0000000000000000000, 1.000000000000000000 ) ) ;
#695 = EDGE_CURVE ( 'NONE', #1310, #148, #2466, .T. ) ;
#696 = AXIS2_PLACEMENT_3D ( 'NONE', #2846, #1675, #2835 ) ;
#697 = CARTESIAN_POINT ( 'NONE',  ( 113.0000000000000000, -185.4999999999999432, 1.000000000000003997 ) ) ;
#698 = COORDINATED_UNIVERSAL_TIME_OFFSET ( 8, 0, .AHEAD. ) ;
#699 = LINE ( 'NONE', #176, #2374 ) ;
#700 = ORIENTED_EDGE ( 'NONE', *, *, #393, .T. ) ;
#701 = VECTOR ( 'NONE', #3027, 1000.000000000000000 ) ;
#702 = ORIENTED_EDGE ( 'NONE', *, *, #2370, .F. ) ;
#703 = ORIENTED_EDGE ( 'NONE', *, *, #1326, .F. ) ;
#704 = DIRECTION ( 'NONE',  ( -0.0000000000000000000, -0.0000000000000000000, -1.000000000000000000 ) ) ;
#705 = AXIS2_PLACEMENT_3D ( 'NONE', #1421, #2371, #799 ) ;
#706 = CARTESIAN_POINT ( 'NONE',  ( -102.1778599138591801, 86.49999999999940314, 0.0000000000000000000 ) ) ;
#707 = EDGE_CURVE ( 'NONE', #1190, #1303, #2615, .T. ) ;
#708 = CIRCLE ( 'NONE', #102, 1.500000000000001332 ) ;
#709 = DIRECTION ( 'NONE',  ( 0.0000000000000000000, 0.0000000000000000000, 1.000000000000000000 ) ) ;
#710 = DIRECTION ( 'NONE',  ( 0.0000000000000000000, 6.982962677686267499E-15, -1.000000000000000000 ) ) ;
#711 = AXIS2_PLACEMENT_3D ( 'NONE', #1733, #2428, #2713 ) ;
#712 = CIRCLE ( 'NONE', #2416, 2.500000000000009326 ) ;
#713 = DIRECTION ( 'NONE',  ( -1.000000000000000000, 0.0000000000000000000, 3.491481338843133355E-15 ) ) ;
#714 = DIRECTION ( 'NONE',  ( -1.000000000000000000, -2.977759236690236276E-45, -7.121496375062679846E-15 ) ) ;
#715 = ADVANCED_FACE ( 'NONE', ( #2949 ), #2717, .F. ) ;
#716 = LINE ( 'NONE', #1699, #2612 ) ;
#717 = DIRECTION ( 'NONE',  ( -0.0000000000000000000, -0.0000000000000000000, 1.000000000000000000 ) ) ;
#718 = EDGE_LOOP ( 'NONE', ( #589, #2209, #1863, #2554 ) ) ;
#719 = ORIENTED_EDGE ( 'NONE', *, *, #707, .T. ) ;
#720 = DIRECTION ( 'NONE',  ( 0.0000000000000000000, -0.0000000000000000000, -1.000000000000000000 ) ) ;
#721 = LINE ( 'NONE', #1677, #496 ) ;
#722 = ORIENTED_EDGE ( 'NONE', *, *, #2625, .T. ) ;
#723 = DIRECTION ( 'NONE',  ( 0.0000000000000000000, 0.0000000000000000000, -1.000000000000000000 ) ) ;
#724 = CARTESIAN_POINT ( 'NONE',  ( 76.00000000000001421, 86.50000000000005684, -1.000000000000000000 ) ) ;
#725 = VERTEX_POINT ( 'NONE', #903 ) ;
#726 = EDGE_CURVE ( 'NONE', #1014, #2979, #2498, .T. ) ;
#727 = CARTESIAN_POINT ( 'NONE',  ( 113.0000000000000000, 213.5000000000000853, 3.035766082959412415E-15 ) ) ;
#728 = DIRECTION ( 'NONE',  ( 1.000000000000000000, 0.0000000000000000000, 0.0000000000000000000 ) ) ;
#729 = DIRECTION ( 'NONE',  ( -0.0000000000000000000, 1.000000000000000000, -0.0000000000000000000 ) ) ;
#730 = CARTESIAN_POINT ( 'NONE',  ( -97.00000000000011369, 213.5000000000000853, 20.00000000000009237 ) ) ;
#731 = CARTESIAN_POINT ( 'NONE',  ( -95.00000000000015632, 213.5000000000000853, 38.00000000000009237 ) ) ;
#732 = DIRECTION ( 'NONE',  ( 1.000000000000000000, -1.158896685412480835E-16, 3.469446951953613794E-15 ) ) ;
#733 = ORIENTED_EDGE ( 'NONE', *, *, #2348, .F. ) ;
#734 = EDGE_CURVE ( 'NONE', #2261, #2984, #1108, .T. ) ;
#735 = DIRECTION ( 'NONE',  ( -0.0000000000000000000, -0.0000000000000000000, 1.000000000000000000 ) ) ;
#736 = CARTESIAN_POINT ( 'NONE',  ( 114.0000000000000000, -185.4999999999999432, 1.000000000000000888 ) ) ;
#737 = DIRECTION ( 'NONE',  ( 1.541976423090493661E-15, 1.000000000000000000, -0.0000000000000000000 ) ) ;
#738 = EDGE_CURVE ( 'NONE', #2607, #1543, #413, .T. ) ;
#739 = DIRECTION ( 'NONE',  ( -1.000000000000000000, 1.158896685412480835E-16, 0.0000000000000000000 ) ) ;
#740 = FACE_OUTER_BOUND ( 'NONE', #1041, .T. ) ;
#741 = DATE_AND_TIME ( #753, #2695 ) ;
#742 = DIRECTION ( 'NONE',  ( -9.288591688650348097E-31, 1.000000000000000000, 1.304303365396095688E-16 ) ) ;
#743 = DIRECTION ( 'NONE',  ( 0.0000000000000000000, 1.000000000000000000, -0.0000000000000000000 ) ) ;
#744 = AXIS2_PLACEMENT_3D ( 'NONE', #2449, #361, #1290 ) ;
#745 = EDGE_LOOP ( 'NONE', ( #2266, #1031, #833, #1779 ) ) ;
#746 = AXIS2_PLACEMENT_3D ( 'NONE', #1899, #2137, #739 ) ;
#747 = DIRECTION ( 'NONE',  ( -1.000000000000000000, 0.0000000000000000000, -0.0000000000000000000 ) ) ;
#748 = CARTESIAN_POINT ( 'NONE',  ( 66.00000000000001421, 76.50000000000007105, 0.0000000000000000000 ) ) ;
#749 = LINE ( 'NONE', #56, #946 ) ;
#750 = CARTESIAN_POINT ( 'NONE',  ( 113.0000000000000000, -188.4999999999999432, 3.035766082959412415E-15 ) ) ;
#751 = LINE ( 'NONE', #1687, #301 ) ;
#752 = AXIS2_PLACEMENT_3D ( 'NONE', #424, #709, #1355 ) ;
#753 = CALENDAR_DATE ( 2023, 18, 10 ) ;
#754 = LINE ( 'NONE', #1700, #297 ) ;
#755 = CARTESIAN_POINT ( 'NONE',  ( -97.00000000000011369, 213.5000000000000853, 20.00000000000009237 ) ) ;
#756 = ORIENTED_EDGE ( 'NONE', *, *, #2784, .T. ) ;
#757 = ADVANCED_FACE ( 'NONE', ( #1095 ), #3006, .F. ) ;
#758 = FACE_BOUND ( 'NONE', #2282, .T. ) ;
#759 = ADVANCED_FACE ( 'NONE', ( #428 ), #883, .F. ) ;
#760 = FACE_OUTER_BOUND ( 'NONE', #544, .T. ) ;
#761 = DIRECTION ( 'NONE',  ( -1.000000000000000000, 0.0000000000000000000, 0.0000000000000000000 ) ) ;
#762 = EDGE_CURVE ( 'NONE', #2010, #857, #1512, .T. ) ;
#763 = LINE ( 'NONE', #2815, #505 ) ;
#764 = DIRECTION ( 'NONE',  ( -1.000000000000000000, 1.158896685412480835E-16, 0.0000000000000000000 ) ) ;
#765 = DIRECTION ( 'NONE',  ( -1.000000000000000000, 0.0000000000000000000, 0.0000000000000000000 ) ) ;
#766 = ORIENTED_EDGE ( 'NONE', *, *, #904, .F. ) ;
#767 = DIRECTION ( 'NONE',  ( -0.0000000000000000000, 0.0000000000000000000, -1.000000000000000000 ) ) ;
#768 = EDGE_CURVE ( 'NONE', #1234, #1758, #394, .T. ) ;
#769 = LINE ( 'NONE', #1705, #1771 ) ;
#770 = PLANE ( 'NONE',  #1325 ) ;
#771 = VECTOR ( 'NONE', #1879, 1000.000000000000000 ) ;
#772 = FACE_OUTER_BOUND ( 'NONE', #2788, .T. ) ;
#773 = EDGE_CURVE ( 'NONE', #2994, #2337, #2766, .T. ) ;
#774 = CARTESIAN_POINT ( 'NONE',  ( -113.0000000000000000, -185.4999999999999432, -1.000000000000074163 ) ) ;
#775 = CYLINDRICAL_SURFACE ( 'NONE', #1860, 1.500000000000001332 ) ;
#776 = EDGE_LOOP ( 'NONE', ( #1613, #1835 ) ) ;
#777 = ADVANCED_FACE ( 'NONE', ( #173 ), #206, .F. ) ;
#778 = AXIS2_PLACEMENT_3D ( 'NONE', #26, #1891, #294 ) ;
#779 = CARTESIAN_POINT ( 'NONE',  ( 101.7499999998206022, -1.301194395286753291E-11, -1.000000000000000000 ) ) ;
#780 = EDGE_LOOP ( 'NONE', ( #2874, #1894 ) ) ;
#781 = VECTOR ( 'NONE', #1175, 1000.000000000000000 ) ;
#782 = LINE ( 'NONE', #2251, #2276 ) ;
#783 = FACE_OUTER_BOUND ( 'NONE', #1317, .T. ) ;
#784 = CIRCLE ( 'NONE', #979, 2.250000000174959158 ) ;
#785 = CIRCLE ( 'NONE', #2763, 2.000000000000000888 ) ;
#786 = CARTESIAN_POINT ( 'NONE',  ( -68.25000000000000000, 213.5000000000000568, -1.000000000000000000 ) ) ;
#787 = AXIS2_PLACEMENT_3D ( 'NONE', #2794, #693, #3056 ) ;
#788 = AXIS2_PLACEMENT_3D ( 'NONE', #493, #1921, #299 ) ;
#789 = CYLINDRICAL_SURFACE ( 'NONE', #2950, 10.00000000000000178 ) ;
#790 = DIRECTION ( 'NONE',  ( 0.0000000000000000000, 0.0000000000000000000, 1.000000000000000000 ) ) ;
#791 = DIRECTION ( 'NONE',  ( 0.0000000000000000000, -0.0000000000000000000, 1.000000000000000000 ) ) ;
#792 = ORIENTED_EDGE ( 'NONE', *, *, #1286, .T. ) ;
#793 = ORIENTED_EDGE ( 'NONE', *, *, #738, .F. ) ;
#794 = ORIENTED_EDGE ( 'NONE', *, *, #2016, .F. ) ;
#795 = ORIENTED_EDGE ( 'NONE', *, *, #2600, .T. ) ;
#796 = ORIENTED_EDGE ( 'NONE', *, *, #1929, .F. ) ;
#797 = DIRECTION ( 'NONE',  ( 0.0000000000000000000, 0.0000000000000000000, 1.000000000000000000 ) ) ;
#798 = DIRECTION ( 'NONE',  ( 1.000000000000000000, 0.0000000000000000000, 0.0000000000000000000 ) ) ;
#799 = DIRECTION ( 'NONE',  ( 3.083952846180946696E-15, 0.0000000000000000000, 1.000000000000000000 ) ) ;
#800 = EDGE_CURVE ( 'NONE', #1516, #1295, #2533, .T. ) ;
#801 = CARTESIAN_POINT ( 'NONE',  ( -115.0000000000000000, 213.5000000000000568, 0.9999999999999972244 ) ) ;
#802 = FACE_OUTER_BOUND ( 'NONE', #2958, .T. ) ;
#803 = CARTESIAN_POINT ( 'NONE',  ( 115.0000000000000000, -185.4999999999999432, 0.9999999999999978906 ) ) ;
#804 = CC_DESIGN_DATE_AND_TIME_ASSIGNMENT ( #240, #2618, ( #1124 ) ) ;
#805 = DIRECTION ( 'NONE',  ( -0.0000000000000000000, -0.0000000000000000000, -1.000000000000000000 ) ) ;
#806 = ORIENTED_EDGE ( 'NONE', *, *, #2117, .F. ) ;
#807 = ORIENTED_EDGE ( 'NONE', *, *, #534, .F. ) ;
#808 = ORIENTED_EDGE ( 'NONE', *, *, #178, .F. ) ;
#809 = ORIENTED_EDGE ( 'NONE', *, *, #2812, .T. ) ;
#810 = ORIENTED_EDGE ( 'NONE', *, *, #2356, .F. ) ;
#811 = LINE ( 'NONE', #1764, #554 ) ;
#812 = CARTESIAN_POINT ( 'NONE',  ( -4.000000000000018652, 166.5000000000000568, 0.0000000000000000000 ) ) ;
#813 = CARTESIAN_POINT ( 'NONE',  ( -96.00000000000015632, 108.4999999999901945, 34.00000000000594014 ) ) ;
#814 = ORIENTED_EDGE ( 'NONE', *, *, #543, .F. ) ;
#815 = ADVANCED_FACE ( 'NONE', ( #2090 ), #2326, .F. ) ;
#816 = ADVANCED_FACE ( 'NONE', ( #1570 ), #2519, .F. ) ;
#817 = CARTESIAN_POINT ( 'NONE',  ( -113.0000000000000000, 213.5000000000000568, 1.235990476633475055E-14 ) ) ;
#818 = VECTOR ( 'NONE', #628, 1000.000000000000000 ) ;
#819 = CARTESIAN_POINT ( 'NONE',  ( -114.0000000000000995, -185.4999999999999432, 16.99999999999995026 ) ) ;
#820 = CARTESIAN_POINT ( 'NONE',  ( 113.0000000000000000, 213.5000000000000853, 3.035766082959412415E-15 ) ) ;
#821 = DIRECTION ( 'NONE',  ( 1.000000000000000000, 0.0000000000000000000, 0.0000000000000000000 ) ) ;
#822 = LINE ( 'NONE', #1756, #1572 ) ;
#823 = ORIENTED_EDGE ( 'NONE', *, *, #227, .F. ) ;
#824 = ORIENTED_EDGE ( 'NONE', *, *, #1929, .T. ) ;
#825 = ORIENTED_EDGE ( 'NONE', *, *, #2893, .F. ) ;
#826 = EDGE_LOOP ( 'NONE', ( #1545, #2157, #569, #2437 ) ) ;
#827 = ORIENTED_EDGE ( 'NONE', *, *, #364, .F. ) ;
#828 = DIRECTION ( 'NONE',  ( 0.0000000000000000000, 1.000000000000000000, 0.0000000000000000000 ) ) ;
#829 = VECTOR ( 'NONE', #999, 1000.000000000000000 ) ;
#830 = AXIS2_PLACEMENT_3D ( 'NONE', #2074, #3029, #1789 ) ;
#831 = DIRECTION ( 'NONE',  ( 1.387778780781446464E-15, -1.000000000000000000, 0.0000000000000000000 ) ) ;
#832 = CARTESIAN_POINT ( 'NONE',  ( -88.25000000000000000, -198.4999999999999432, 0.0000000000000000000 ) ) ;
#833 = ORIENTED_EDGE ( 'NONE', *, *, #867, .F. ) ;
#834 = VECTOR ( 'NONE', #270, 1000.000000000000000 ) ;
#835 = CARTESIAN_POINT ( 'NONE',  ( -1.387999124650396529E-13, -2.478176394252665352E-15, 19.00000000000078870 ) ) ;
#836 = AXIS2_PLACEMENT_3D ( 'NONE', #4, #2553, #1098 ) ;
#837 = DIRECTION ( 'NONE',  ( 0.0000000000000000000, -0.0000000000000000000, 1.000000000000000000 ) ) ;
#838 = VECTOR ( 'NONE', #1534, 1000.000000000000000 ) ;
#839 = PERSON_AND_ORGANIZATION_ROLE ( 'creator' ) ;
#840 = CARTESIAN_POINT ( 'NONE',  ( -115.0000000000000000, -213.4999999999999432, 0.0000000000000000000 ) ) ;
#841 = EDGE_LOOP ( 'NONE', ( #1311, #3012 ) ) ;
#842 = ORIENTED_EDGE ( 'NONE', *, *, #564, .T. ) ;
#843 = ORIENTED_EDGE ( 'NONE', *, *, #2235, .F. ) ;
#844 = VECTOR ( 'NONE', #1392, 1000.000000000000000 ) ;
#845 = ORIENTED_EDGE ( 'NONE', *, *, #1690, .T. ) ;
#846 = CYLINDRICAL_SURFACE ( 'NONE', #1663, 9.999999999999994671 ) ;
#847 = EDGE_CURVE ( 'NONE', #1758, #1234, #2756, .T. ) ;
#848 = LINE ( 'NONE', #131, #661 ) ;
#849 = CYLINDRICAL_SURFACE ( 'NONE', #2069, 2.250000000000001776 ) ;
#850 = EDGE_CURVE ( 'NONE', #1506, #570, #1359, .T. ) ;
#851 = VERTEX_POINT ( 'NONE', #2795 ) ;
#852 = DIRECTION ( 'NONE',  ( 1.000000000000000000, 0.0000000000000000000, 0.0000000000000000000 ) ) ;
#853 = ADVANCED_FACE ( 'NONE', ( #1622 ), #1125, .F. ) ;
#854 = CARTESIAN_POINT ( 'NONE',  ( 114.0000000000000284, 213.5000000000000853, 9.000000000000074607 ) ) ;
#855 = DIRECTION ( 'NONE',  ( 1.000000000000000000, 0.0000000000000000000, 0.0000000000000000000 ) ) ;
#856 = CARTESIAN_POINT ( 'NONE',  ( -97.00000000000007105, -185.4999999999999432, 18.00000000000007105 ) ) ;
#857 = VERTEX_POINT ( 'NONE', #2782 ) ;
#858 = ORIENTED_EDGE ( 'NONE', *, *, #354, .T. ) ;
#859 = ORIENTED_EDGE ( 'NONE', *, *, #255, .F. ) ;
#860 = VERTEX_POINT ( 'NONE', #1077 ) ;
#861 = EDGE_CURVE ( 'NONE', #1363, #3050, #1788, .T. ) ;
#862 = ORIENTED_EDGE ( 'NONE', *, *, #414, .T. ) ;
#863 = EDGE_LOOP ( 'NONE', ( #2675, #1609, #1578, #25 ) ) ;
#864 = LINE ( 'NONE', #2729, #818 ) ;
#865 = PLANE ( 'NONE',  #517 ) ;
#866 = CARTESIAN_POINT ( 'NONE',  ( 102.7499999999999716, -167.9999999999999147, -1.000000000000000000 ) ) ;
#867 = EDGE_CURVE ( 'NONE', #368, #1810, #1924, .T. ) ;
#868 = EDGE_LOOP ( 'NONE', ( #2454, #323, #2725, #1093 ) ) ;
#869 = DIRECTION ( 'NONE',  ( 0.0000000000000000000, 0.0000000000000000000, -1.000000000000000000 ) ) ;
#870 = FACE_BOUND ( 'NONE', #672, .T. ) ;
#871 = PLANE ( 'NONE',  #1 ) ;
#872 = FACE_OUTER_BOUND ( 'NONE', #2435, .T. ) ;
#873 = ADVANCED_FACE ( 'NONE', ( #43 ), #281, .F. ) ;
#874 = ORIENTED_EDGE ( 'NONE', *, *, #12, .T. ) ;
#875 = ORIENTED_EDGE ( 'NONE', *, *, #313, .F. ) ;
#876 = VECTOR ( 'NONE', #1479, 1000.000000000000000 ) ;
#877 = ORIENTED_EDGE ( 'NONE', *, *, #2452, .F. ) ;
#878 = CARTESIAN_POINT ( 'NONE',  ( 103.9999999999955662, -1.301194395286753291E-11, -1.000000000000000000 ) ) ;
#879 = DIRECTION ( 'NONE',  ( 0.0000000000000000000, 0.0000000000000000000, 1.000000000000000000 ) ) ;
#880 = CARTESIAN_POINT ( 'NONE',  ( 76.00000000000001421, 166.5000000000000568, 0.0000000000000000000 ) ) ;
#881 = ORIENTED_EDGE ( 'NONE', *, *, #662, .T. ) ;
#882 = CARTESIAN_POINT ( 'NONE',  ( 114.0000000000000000, 213.5000000000000853, 1.000000000000000888 ) ) ;
#883 = CYLINDRICAL_SURFACE ( 'NONE', #1623, 3.750000000000017319 ) ;
#884 = VECTOR ( 'NONE', #2641, 1000.000000000000000 ) ;
#885 = VECTOR ( 'NONE', #1657, 1000.000000000000000 ) ;
#886 = DIRECTION ( 'NONE',  ( -0.0000000000000000000, -1.000000000000000000, -0.0000000000000000000 ) ) ;
#887 = PERSON_AND_ORGANIZATION ( #576, #1118 ) ;
#888 = DIRECTION ( 'NONE',  ( -1.158896685412480835E-16, -1.000000000000000000, -4.020730572833479680E-31 ) ) ;
#889 = AXIS2_PLACEMENT_3D ( 'NONE', #2640, #2691, #595 ) ;
#890 = EDGE_LOOP ( 'NONE', ( #1452, #1997, #419, #2724 ) ) ;
#891 = ORIENTED_EDGE ( 'NONE', *, *, #944, .F. ) ;
#892 = ORIENTED_EDGE ( 'NONE', *, *, #2585, .T. ) ;
#893 = VECTOR ( 'NONE', #1873, 1000.000000000000000 ) ;
#894 = FACE_OUTER_BOUND ( 'NONE', #2365, .T. ) ;
#895 = CARTESIAN_POINT ( 'NONE',  ( 115.0000000000000000, -185.4999999999999432, -8.634997895262023777E-15 ) ) ;
#896 = ORIENTED_EDGE ( 'NONE', *, *, #2002, .T. ) ;
#897 = ORIENTED_EDGE ( 'NONE', *, *, #1897, .T. ) ;
#898 = AXIS2_PLACEMENT_3D ( 'NONE', #1638, #2792, #2744 ) ;
#899 = AXIS2_PLACEMENT_3D ( 'NONE', #1455, #1210, #14 ) ;
#900 = CARTESIAN_POINT ( 'NONE',  ( -35.00000000000000711, 169.5000000000000284, 0.0000000000000000000 ) ) ;
#901 = CARTESIAN_POINT ( 'NONE',  ( 95.24999999999998579, -167.9999999999999147, -1.000000000000000000 ) ) ;
#902 = DIRECTION ( 'NONE',  ( -1.000000000000000000, 0.0000000000000000000, 0.0000000000000000000 ) ) ;
#903 = CARTESIAN_POINT ( 'NONE',  ( -95.00000000000014211, -185.4999999999999432, 20.00000000000009592 ) ) ;
#904 = EDGE_CURVE ( 'NONE', #3036, #228, #33, .T. ) ;
#905 = LINE ( 'NONE', #2796, #651 ) ;
#906 = COORDINATED_UNIVERSAL_TIME_OFFSET ( 8, 0, .AHEAD. ) ;
#907 = PLANE ( 'NONE',  #463 ) ;
#908 = ORIENTED_EDGE ( 'NONE', *, *, #1730, .F. ) ;
#909 = ORIENTED_EDGE ( 'NONE', *, *, #633, .T. ) ;
#910 = PLANE ( 'NONE',  #252 ) ;
#911 = VERTEX_POINT ( 'NONE', #1685 ) ;
#912 = DIRECTION ( 'NONE',  ( -1.391256923089173450E-16, -1.000000000000000000, -5.080939043364311061E-31 ) ) ;
#913 = CARTESIAN_POINT ( 'NONE',  ( -115.0000000000000000, 213.5000000000000568, -1.000000000000000000 ) ) ;
#914 = EDGE_CURVE ( 'NONE', #957, #1467, #962, .T. ) ;
#915 = CARTESIAN_POINT ( 'NONE',  ( 115.0000000000000000, -213.4999999999999432, -1.000000000000000000 ) ) ;
#916 = CARTESIAN_POINT ( 'NONE',  ( 113.0000000000000000, 213.5000000000000853, 1.000000000000003997 ) ) ;
#917 = EDGE_CURVE ( 'NONE', #857, #2244, #1193, .T. ) ;
#918 = EDGE_CURVE ( 'NONE', #1225, #1313, #2105, .T. ) ;
#919 = LINE ( 'NONE', #239, #2407 ) ;
#920 = CYLINDRICAL_SURFACE ( 'NONE', #1135, 1.500000000000001332 ) ;
#921 = EDGE_LOOP ( 'NONE', ( #2192, #1632, #1650, #590 ) ) ;
#922 = ORIENTED_EDGE ( 'NONE', *, *, #1520, .F. ) ;
#923 = DIRECTION ( 'NONE',  ( 0.0000000000000000000, 0.0000000000000000000, -1.000000000000000000 ) ) ;
#924 = FACE_OUTER_BOUND ( 'NONE', #115, .T. ) ;
#925 = ORIENTED_EDGE ( 'NONE', *, *, #1708, .T. ) ;
#926 = CIRCLE ( 'NONE', #584, 2.250000000231233699 ) ;
#927 = FACE_OUTER_BOUND ( 'NONE', #2078, .T. ) ;
#928 = CARTESIAN_POINT ( 'NONE',  ( -4.000000000000015987, 146.5000000000000853, 0.0000000000000000000 ) ) ;
#929 = ADVANCED_FACE ( 'NONE', ( #2147 ), #1161, .T. ) ;
#930 = FACE_OUTER_BOUND ( 'NONE', #1338, .T. ) ;
#931 = CARTESIAN_POINT ( 'NONE',  ( -92.75000000000000000, -198.4999999999999432, -1.000000000000000000 ) ) ;
#932 = CIRCLE ( 'NONE', #2896, 2.000000000000000888 ) ;
#933 = CARTESIAN_POINT ( 'NONE',  ( -115.0000000000000000, -188.4999999999999432, -3.707971429900425164E-14 ) ) ;
#934 = PERSON_AND_ORGANIZATION_ROLE ( 'design_supplier' ) ;
#935 = DIRECTION ( 'NONE',  ( 0.0000000000000000000, 1.000000000000000000, 6.982962677686267499E-15 ) ) ;
#936 = AXIS2_PLACEMENT_3D ( 'NONE', #2989, #2972, #869 ) ;
#937 = ORIENTED_EDGE ( 'NONE', *, *, #1718, .F. ) ;
#938 = AXIS2_PLACEMENT_3D ( 'NONE', #1251, #326, #1745 ) ;
#939 = LINE ( 'NONE', #2866, #771 ) ;
#940 = EDGE_CURVE ( 'NONE', #300, #233, #1128, .T. ) ;
#941 = ORIENTED_EDGE ( 'NONE', *, *, #1787, .T. ) ;
#942 = VECTOR ( 'NONE', #1062, 1000.000000000000000 ) ;
#943 = CARTESIAN_POINT ( 'NONE',  ( 0.0000000000000000000, 0.0000000000000000000, -1.000000000000000000 ) ) ;
#944 = EDGE_CURVE ( 'NONE', #1209, #1363, #599, .T. ) ;
#945 = LINE ( 'NONE', #1481, #1963 ) ;
#946 = VECTOR ( 'NONE', #314, 1000.000000000000000 ) ;
#947 = AXIS2_PLACEMENT_3D ( 'NONE', #2597, #1652, #1895 ) ;
#948 = PLANE ( 'NONE',  #2864 ) ;
#949 = EDGE_CURVE ( 'NONE', #1164, #124, #514, .T. ) ;
#950 = DIRECTION ( 'NONE',  ( -0.0000000000000000000, -0.0000000000000000000, 1.000000000000000000 ) ) ;
#951 = CARTESIAN_POINT ( 'NONE',  ( -102.1778599138591801, 86.49999999999940314, 0.0000000000000000000 ) ) ;
#952 = COORDINATED_UNIVERSAL_TIME_OFFSET ( 8, 0, .AHEAD. ) ;
#953 = DIRECTION ( 'NONE',  ( -0.0000000000000000000, -0.0000000000000000000, 1.000000000000000000 ) ) ;
#954 = ADVANCED_FACE ( 'NONE', ( #2120 ), #1668, .F. ) ;
#955 = CARTESIAN_POINT ( 'NONE',  ( -114.0000000000000000, 213.5000000000000568, -4.199856836575427383E-13 ) ) ;
#956 = CARTESIAN_POINT ( 'NONE',  ( 115.0000000000000284, 213.5000000000000853, 9.000000000000071054 ) ) ;
#957 = VERTEX_POINT ( 'NONE', #2385 ) ;
#958 = EDGE_CURVE ( 'NONE', #2299, #2686, #19, .T. ) ;
#959 = CARTESIAN_POINT ( 'NONE',  ( 105.2221400861376992, 86.49999999999953104, -1.000000000000000000 ) ) ;
#960 = CARTESIAN_POINT ( 'NONE',  ( 105.2221400861409251, 166.4999999999994884, -1.000000000000000000 ) ) ;
#961 = DIRECTION ( 'NONE',  ( 1.000000000000000000, 0.0000000000000000000, 0.0000000000000000000 ) ) ;
#962 = LINE ( 'NONE', #2629, #1674 ) ;
#963 = CARTESIAN_POINT ( 'NONE',  ( -68.25000000000000000, 213.5000000000000568, 0.0000000000000000000 ) ) ;
#964 = DIRECTION ( 'NONE',  ( 0.0000000000000000000, -6.982962677686267499E-15, 1.000000000000000000 ) ) ;
#965 = PLANE ( 'NONE',  #2196 ) ;
#966 = ORIENTED_EDGE ( 'NONE', *, *, #1286, .F. ) ;
#967 = FACE_BOUND ( 'NONE', #2063, .T. ) ;
#968 = LINE ( 'NONE', #913, #2410 ) ;
#969 = CARTESIAN_POINT ( 'NONE',  ( 95.24999999999995737, -138.0000000000131593, -1.000000000000000000 ) ) ;
#970 = AXIS2_PLACEMENT_3D ( 'NONE', #330, #2670, #1256 ) ;
#971 = DIRECTION ( 'NONE',  ( 0.0000000000000000000, 0.0000000000000000000, 1.000000000000000000 ) ) ;
#972 = AXIS2_PLACEMENT_3D ( 'NONE', #1274, #1491, #2433 ) ;
#973 = DIRECTION ( 'NONE',  ( -0.0000000000000000000, -1.000000000000000000, -0.0000000000000000000 ) ) ;
#974 = DATE_AND_TIME ( #1673, #2156 ) ;
#975 = ADVANCED_FACE ( 'NONE', ( #2856 ), #1446, .F. ) ;
#976 = CARTESIAN_POINT ( 'NONE',  ( -113.0000000000000711, -185.4999999999999716, 16.99999999999997868 ) ) ;
#977 = DIRECTION ( 'NONE',  ( 0.0000000000000000000, 1.000000000000000000, 0.0000000000000000000 ) ) ;
#978 = ORIENTED_EDGE ( 'NONE', *, *, #1812, .T. ) ;
#979 = AXIS2_PLACEMENT_3D ( 'NONE', #2762, #425, #2543 ) ;
#980 = DIRECTION ( 'NONE',  ( 0.0000000000000000000, 0.0000000000000000000, -1.000000000000000000 ) ) ;
#981 = AXIS2_PLACEMENT_3D ( 'NONE', #2394, #291, #1214 ) ;
#982 = EDGE_CURVE ( 'NONE', #507, #627, #985, .T. ) ;
#983 = VECTOR ( 'NONE', #2434, 1000.000000000000000 ) ;
#984 = DIRECTION ( 'NONE',  ( 0.0000000000000000000, -1.000000000000000000, 0.0000000000000000000 ) ) ;
#985 = LINE ( 'NONE', #471, #834 ) ;
#986 = AXIS2_PLACEMENT_3D ( 'NONE', #2761, #2778, #440 ) ;
#987 = EDGE_CURVE ( 'NONE', #1508, #2010, #1641, .T. ) ;
#988 = DIRECTION ( 'NONE',  ( -0.0000000000000000000, -1.000000000000000000, -0.0000000000000000000 ) ) ;
#989 = CARTESIAN_POINT ( 'NONE',  ( -28.24999999999997868, 213.5000000000000853, 0.0000000000000000000 ) ) ;
#990 = EDGE_CURVE ( 'NONE', #1234, #365, #2344, .T. ) ;
#991 = LINE ( 'NONE', #567, #1501 ) ;
#992 = EDGE_LOOP ( 'NONE', ( #2050, #2957, #807, #180 ) ) ;
#993 = DIRECTION ( 'NONE',  ( -0.0000000000000000000, -0.0000000000000000000, 1.000000000000000000 ) ) ;
#994 = CARTESIAN_POINT ( 'NONE',  ( 115.0000000000000284, -185.4999999999999432, 9.000000000000119016 ) ) ;
#995 = DIRECTION ( 'NONE',  ( 1.000000000000000000, 0.0000000000000000000, 0.0000000000000000000 ) ) ;
#996 = ADVANCED_FACE ( 'NONE', ( #1656 ), #497, .F. ) ;
#997 = DIRECTION ( 'NONE',  ( 0.0000000000000000000, 6.982962677686267499E-15, -1.000000000000000000 ) ) ;
#998 = EDGE_CURVE ( 'NONE', #2013, #2457, #16, .T. ) ;
#999 = DIRECTION ( 'NONE',  ( -0.0000000000000000000, -0.0000000000000000000, 1.000000000000000000 ) ) ;
#1000 = DIRECTION ( 'NONE',  ( -0.0000000000000000000, -0.0000000000000000000, -1.000000000000000000 ) ) ;
#1001 = ORIENTED_EDGE ( 'NONE', *, *, #1746, .F. ) ;
#1002 = ORIENTED_EDGE ( 'NONE', *, *, #534, .T. ) ;
#1003 = DIRECTION ( 'NONE',  ( 1.000000000000000000, 0.0000000000000000000, 0.0000000000000000000 ) ) ;
#1004 = CARTESIAN_POINT ( 'NONE',  ( -102.1778599138591801, 86.49999999999940314, 0.0000000000000000000 ) ) ;
#1005 = ADVANCED_FACE ( 'NONE', ( #1487 ), #72, .T. ) ;
#1006 = CARTESIAN_POINT ( 'NONE',  ( 98.99999999999998579, -147.0000000000131877, -1.000000000000000000 ) ) ;
#1007 = AXIS2_PLACEMENT_3D ( 'NONE', #895, #1596, #2540 ) ;
#1008 = DIRECTION ( 'NONE',  ( 1.000000000000000000, 0.0000000000000000000, 0.0000000000000000000 ) ) ;
#1009 = AXIS2_PLACEMENT_3D ( 'NONE', #2919, #66, #765 ) ;
#1010 = LINE ( 'NONE', #2258, #1126 ) ;
#1011 = FACE_BOUND ( 'NONE', #211, .T. ) ;
#1012 = DIRECTION ( 'NONE',  ( 0.0000000000000000000, 0.0000000000000000000, -1.000000000000000000 ) ) ;
#1013 = ORIENTED_EDGE ( 'NONE', *, *, #1718, .T. ) ;
#1014 = VERTEX_POINT ( 'NONE', #813 ) ;
#1015 = ORIENTED_EDGE ( 'NONE', *, *, #847, .T. ) ;
#1016 = ORIENTED_EDGE ( 'NONE', *, *, #69, .T. ) ;
#1017 = AXIS2_PLACEMENT_3D ( 'NONE', #1195, #2138, #539 ) ;
#1018 = DIRECTION ( 'NONE',  ( 3.652049423109067235E-15, 0.0000000000000000000, -1.000000000000000000 ) ) ;
#1019 = EDGE_CURVE ( 'NONE', #2937, #957, #1228, .T. ) ;
#1020 = VECTOR ( 'NONE', #58, 1000.000000000000000 ) ;
#1021 = CARTESIAN_POINT ( 'NONE',  ( 106.7221400861376992, 86.49999999999953104, 0.0000000000000000000 ) ) ;
#1022 = DIRECTION ( 'NONE',  ( 1.000000000000000000, -1.158896685412480835E-16, 3.469446951953613794E-15 ) ) ;
#1023 = AXIS2_PLACEMENT_3D ( 'NONE', #3059, #527, #1408 ) ;
#1024 = AXIS2_PLACEMENT_3D ( 'NONE', #2771, #2044, #241 ) ;
#1025 = PLANE ( 'NONE',  #2372 ) ;
#1026 = VECTOR ( 'NONE', #1667, 1000.000000000000000 ) ;
#1027 = VECTOR ( 'NONE', #2340, 1000.000000000000000 ) ;
#1028 = CARTESIAN_POINT ( 'NONE',  ( -1.316563817030874460E-13, -2.347746057713055413E-15, 18.00000000000078515 ) ) ;
#1029 = DIRECTION ( 'NONE',  ( 0.0000000000000000000, 0.0000000000000000000, -1.000000000000000000 ) ) ;
#1030 = CARTESIAN_POINT ( 'NONE',  ( -113.0000000000000000, -185.4999999999999432, 0.9999999999999267253 ) ) ;
#1031 = ORIENTED_EDGE ( 'NONE', *, *, #2174, .F. ) ;
#1032 = ORIENTED_EDGE ( 'NONE', *, *, #1880, .F. ) ;
#1033 = ORIENTED_EDGE ( 'NONE', *, *, #2323, .F. ) ;
#1034 = ORIENTED_EDGE ( 'NONE', *, *, #134, .T. ) ;
#1035 = ORIENTED_EDGE ( 'NONE', *, *, #2234, .F. ) ;
#1036 = CARTESIAN_POINT ( 'NONE',  ( -115.0000000000000000, 213.5000000000000568, 0.9999999999999972244 ) ) ;
#1037 = ADVANCED_FACE ( 'NONE', ( #2238 ), #1267, .F. ) ;
#1038 = EDGE_CURVE ( 'NONE', #1134, #2492, #1766, .T. ) ;
#1039 = DIRECTION ( 'NONE',  ( 1.000000000000000000, 0.0000000000000000000, -3.047392128993070739E-15 ) ) ;
#1040 = CARTESIAN_POINT ( 'NONE',  ( -103.6778599138623065, 86.49999999999940314, -1.000000000000000000 ) ) ;
#1041 = EDGE_LOOP ( 'NONE', ( #2704, #2703, #1592, #1350 ) ) ;
#1042 = CYLINDRICAL_SURFACE ( 'NONE', #2696, 3.749999999999989342 ) ;
#1043 = LINE ( 'NONE', #1984, #2315 ) ;
#1044 = CARTESIAN_POINT ( 'NONE',  ( -29.99999999999999289, 169.5000000000000284, 0.0000000000000000000 ) ) ;
#1045 = FACE_OUTER_BOUND ( 'NONE', #426, .T. ) ;
#1046 = ORIENTED_EDGE ( 'NONE', *, *, #2001, .F. ) ;
#1047 = VERTEX_POINT ( 'NONE', #2429 ) ;
#1048 = ORIENTED_EDGE ( 'NONE', *, *, #1454, .T. ) ;
#1049 = EDGE_LOOP ( 'NONE', ( #1729, #2772, #1847, #657 ) ) ;
#1050 = ORIENTED_EDGE ( 'NONE', *, *, #633, .F. ) ;
#1051 = VERTEX_POINT ( 'NONE', #2463 ) ;
#1052 = DIRECTION ( 'NONE',  ( -0.0000000000000000000, -0.0000000000000000000, 1.000000000000000000 ) ) ;
#1053 = LINE ( 'NONE', #2945, #1719 ) ;
#1054 = CARTESIAN_POINT ( 'NONE',  ( 115.0000000000000000, -213.4999999999999432, -1.000000000000000000 ) ) ;
#1055 = ORIENTED_EDGE ( 'NONE', *, *, #2234, .T. ) ;
#1056 = ORIENTED_EDGE ( 'NONE', *, *, #3046, .T. ) ;
#1057 = DIRECTION ( 'NONE',  ( 0.0000000000000000000, 0.0000000000000000000, -1.000000000000000000 ) ) ;
#1058 = VECTOR ( 'NONE', #111, 1000.000000000000000 ) ;
#1059 = ADVANCED_FACE ( 'NONE', ( #2916 ), #770, .F. ) ;
#1060 = DIRECTION ( 'NONE',  ( 0.0000000000000000000, 0.0000000000000000000, -1.000000000000000000 ) ) ;
#1061 = APPROVAL_DATE_TIME ( #2242, #1127 ) ;
#1062 = DIRECTION ( 'NONE',  ( 1.000000000000000000, -0.0000000000000000000, -0.0000000000000000000 ) ) ;
#1063 = ORIENTED_EDGE ( 'NONE', *, *, #136, .T. ) ;
#1064 = ORIENTED_EDGE ( 'NONE', *, *, #998, .F. ) ;
#1065 = EDGE_LOOP ( 'NONE', ( #2888, #243, #2738, #179 ) ) ;
#1066 = ORIENTED_EDGE ( 'NONE', *, *, #2186, .T. ) ;
#1067 = EDGE_CURVE ( 'NONE', #1245, #1467, #303, .T. ) ;
#1068 = VERTEX_POINT ( 'NONE', #2177 ) ;
#1069 = DIRECTION ( 'NONE',  ( 1.000000000000000000, 0.0000000000000000000, 0.0000000000000000000 ) ) ;
#1070 = VECTOR ( 'NONE', #2377, 1000.000000000000000 ) ;
#1071 = CARTESIAN_POINT ( 'NONE',  ( -115.0000000000000000, -188.4999999999999432, -1.000000000000000000 ) ) ;
#1072 = FACE_OUTER_BOUND ( 'NONE', #863, .T. ) ;
#1073 = EDGE_CURVE ( 'NONE', #1113, #1614, #1917, .T. ) ;
#1074 = EDGE_LOOP ( 'NONE', ( #506, #2170, #1090, #1331 ) ) ;
#1075 = AXIS2_PLACEMENT_3D ( 'NONE', #1489, #1969, #552 ) ;
#1076 = AXIS2_PLACEMENT_3D ( 'NONE', #901, #1143, #151 ) ;
#1077 = CARTESIAN_POINT ( 'NONE',  ( 106.7221400861440230, 166.4999999999994884, 0.0000000000000000000 ) ) ;
#1078 = VECTOR ( 'NONE', #1986, 1000.000000000000000 ) ;
#1079 = DIRECTION ( 'NONE',  ( 7.121496375062679846E-15, 1.304303365396085580E-16, -1.000000000000000000 ) ) ;
#1080 = AXIS2_PLACEMENT_3D ( 'NONE', #2462, #2444, #616 ) ;
#1081 = DIRECTION ( 'NONE',  ( -1.000000000000000000, 0.0000000000000000000, 0.0000000000000000000 ) ) ;
#1082 = ORIENTED_EDGE ( 'NONE', *, *, #2559, .F. ) ;
#1083 = VERTEX_POINT ( 'NONE', #1238 ) ;
#1084 = EDGE_LOOP ( 'NONE', ( #639, #1032, #1544, #1528 ) ) ;
#1085 = ORIENTED_EDGE ( 'NONE', *, *, #2559, .T. ) ;
#1086 = VECTOR ( 'NONE', #2271, 1000.000000000000000 ) ;
#1087 = EDGE_LOOP ( 'NONE', ( #827, #2219, #2438, #2910 ) ) ;
#1088 = CARTESIAN_POINT ( 'NONE',  ( -35.00000000000000711, 169.5000000000000284, -1.000000000000000000 ) ) ;
#1089 = ORIENTED_EDGE ( 'NONE', *, *, #3057, .T. ) ;
#1090 = ORIENTED_EDGE ( 'NONE', *, *, #2556, .T. ) ;
#1091 = CYLINDRICAL_SURFACE ( 'NONE', #2816, 2.500000000000009326 ) ;
#1092 = CARTESIAN_POINT ( 'NONE',  ( -92.75000000000000000, -198.4999999999999432, -1.000000000000000000 ) ) ;
#1093 = ORIENTED_EDGE ( 'NONE', *, *, #1145, .T. ) ;
#1094 = ADVANCED_FACE ( 'NONE', ( #2446 ), #96, .F. ) ;
#1095 = FACE_OUTER_BOUND ( 'NONE', #433, .T. ) ;
#1096 = FACE_BOUND ( 'NONE', #1525, .T. ) ;
#1097 = DIRECTION ( 'NONE',  ( 0.0000000000000000000, -1.000000000000000000, -0.0000000000000000000 ) ) ;
#1098 = DIRECTION ( 'NONE',  ( 1.000000000000000000, 0.0000000000000000000, 0.0000000000000000000 ) ) ;
#1099 = ADVANCED_FACE ( 'NONE', ( #783 ), #2678, .F. ) ;
#1100 = ORIENTED_EDGE ( 'NONE', *, *, #482, .T. ) ;
#1101 = ORIENTED_EDGE ( 'NONE', *, *, #2414, .F. ) ;
#1102 = ORIENTED_EDGE ( 'NONE', *, *, #1194, .T. ) ;
#1103 = DIRECTION ( 'NONE',  ( -1.000000000000000000, 0.0000000000000000000, 0.0000000000000000000 ) ) ;
#1104 = EDGE_LOOP ( 'NONE', ( #766, #2737, #2712, #215, #1050, #2789, #106, #700, #2099, #2635, #891, #1239, #2906, #1371 ) ) ;
#1105 = DIRECTION ( 'NONE',  ( 1.000000000000000000, 0.0000000000000000000, 0.0000000000000000000 ) ) ;
#1106 = CARTESIAN_POINT ( 'NONE',  ( 113.0000000000000000, -185.4999999999999432, 3.035766082959412415E-15 ) ) ;
#1107 = CARTESIAN_POINT ( 'NONE',  ( 95.24999999999998579, -167.9999999999999147, -1.000000000000000000 ) ) ;
#1108 = LINE ( 'NONE', #2277, #2162 ) ;
#1109 = FACE_BOUND ( 'NONE', #1598, .T. ) ;
#1110 = CARTESIAN_POINT ( 'NONE',  ( -114.0000000000000995, 213.5000000000000568, 16.99999999999995026 ) ) ;
#1111 = FACE_OUTER_BOUND ( 'NONE', #2726, .T. ) ;
#1112 = ORIENTED_EDGE ( 'NONE', *, *, #1298, .T. ) ;
#1113 = VERTEX_POINT ( 'NONE', #1934 ) ;
#1114 = EDGE_LOOP ( 'NONE', ( #1139, #349 ) ) ;
#1115 = DIRECTION ( 'NONE',  ( 0.0000000000000000000, -1.000000000000000000, 0.0000000000000000000 ) ) ;
#1116 = DIRECTION ( 'NONE',  ( 0.0000000000000000000, -6.982962677686267499E-15, 1.000000000000000000 ) ) ;
#1117 = ORIENTED_EDGE ( 'NONE', *, *, #1708, .F. ) ;
#1118 = ORGANIZATION ( '未指定', '未指定', '' ) ;
#1119 = EDGE_CURVE ( 'NONE', #1083, #1349, #2882, .T. ) ;
#1120 = PLANE ( 'NONE',  #898 ) ;
#1121 = LINE ( 'NONE', #866, #1382 ) ;
#1122 = VERTEX_POINT ( 'NONE', #2418 ) ;
#1123 = CARTESIAN_POINT ( 'NONE',  ( -32.50000000000000000, 169.5000000000000284, 0.0000000000000000000 ) ) ;
#1124 = SECURITY_CLASSIFICATION ( '', '', #2797 ) ;
#1125 = CYLINDRICAL_SURFACE ( 'NONE', #1569, 2.250000000174959158 ) ;
#1126 = VECTOR ( 'NONE', #2934, 1000.000000000000000 ) ;
#1127 = APPROVAL ( #2295, '未指定' ) ;
#1128 = CIRCLE ( 'NONE', #1915, 10.00000000000000355 ) ;
#1129 = DIRECTION ( 'NONE',  ( 0.0000000000000000000, 1.304303365396095688E-16, -1.000000000000000000 ) ) ;
#1130 = DIRECTION ( 'NONE',  ( 0.0000000000000000000, 0.0000000000000000000, -1.000000000000000000 ) ) ;
#1131 = CARTESIAN_POINT ( 'NONE',  ( -96.00000000000015632, -157.5000000000133014, 26.00000000000676792 ) ) ;
#1132 = VECTOR ( 'NONE', #2828, 1000.000000000000000 ) ;
#1133 = VERTEX_POINT ( 'NONE', #315 ) ;
#1134 = VERTEX_POINT ( 'NONE', #2946 ) ;
#1135 = AXIS2_PLACEMENT_3D ( 'NONE', #1149, #1842, #935 ) ;
#1136 = ORIENTED_EDGE ( 'NONE', *, *, #2370, .T. ) ;
#1137 = EDGE_CURVE ( 'NONE', #2563, #1083, #563, .T. ) ;
#1138 = DIRECTION ( 'NONE',  ( 0.0000000000000000000, -1.000000000000000000, -0.0000000000000000000 ) ) ;
#1139 = ORIENTED_EDGE ( 'NONE', *, *, #2743, .F. ) ;
#1140 = VECTOR ( 'NONE', #1237, 1000.000000000000000 ) ;
#1141 = VECTOR ( 'NONE', #1743, 1000.000000000000000 ) ;
#1142 = DIRECTION ( 'NONE',  ( 1.391256923089168520E-16, 1.000000000000000000, 0.0000000000000000000 ) ) ;
#1143 = DIRECTION ( 'NONE',  ( -1.000000000000000000, 0.0000000000000000000, -0.0000000000000000000 ) ) ;
#1144 = EDGE_CURVE ( 'NONE', #674, #2939, #338, .T. ) ;
#1145 = EDGE_CURVE ( 'NONE', #2924, #2907, #1979, .T. ) ;
#1146 = DIRECTION ( 'NONE',  ( 1.000000000000000000, -0.0000000000000000000, -0.0000000000000000000 ) ) ;
#1147 = DIRECTION ( 'NONE',  ( -0.0000000000000000000, -0.0000000000000000000, 1.000000000000000000 ) ) ;
#1148 = DIRECTION ( 'NONE',  ( 9.288591688650377874E-31, -1.000000000000000000, -1.304303365396095688E-16 ) ) ;
#1149 = CARTESIAN_POINT ( 'NONE',  ( 113.0000000000000000, -186.9999999999999432, 3.035766082959412415E-15 ) ) ;
#1150 = VERTEX_POINT ( 'NONE', #1040 ) ;
#1151 = VERTEX_POINT ( 'NONE', #2928 ) ;
#1152 = ORIENTED_EDGE ( 'NONE', *, *, #1366, .F. ) ;
#1153 = VERTEX_POINT ( 'NONE', #1768 ) ;
#1154 = ORIENTED_EDGE ( 'NONE', *, *, #1326, .T. ) ;
#1155 = FACE_OUTER_BOUND ( 'NONE', #1645, .T. ) ;
#1156 = ORIENTED_EDGE ( 'NONE', *, *, #2549, .T. ) ;
#1157 = FACE_OUTER_BOUND ( 'NONE', #1318, .T. ) ;
#1158 = LINE ( 'NONE', #2353, #2955 ) ;
#1159 = ORIENTED_EDGE ( 'NONE', *, *, #1305, .F. ) ;
#1160 = DIRECTION ( 'NONE',  ( 1.000000000000000000, -0.0000000000000000000, -0.0000000000000000000 ) ) ;
#1161 = PLANE ( 'NONE',  #2453 ) ;
#1162 = CARTESIAN_POINT ( 'NONE',  ( 95.24999999999998579, -167.9999999999999147, 0.0000000000000000000 ) ) ;
#1163 = DIRECTION ( 'NONE',  ( 0.0000000000000000000, 0.0000000000000000000, -1.000000000000000000 ) ) ;
#1164 = VERTEX_POINT ( 'NONE', #442 ) ;
#1165 = ADVANCED_FACE ( 'NONE', ( #3020 ), #849, .F. ) ;
#1166 = LINE ( 'NONE', #2643, #829 ) ;
#1167 = DIRECTION ( 'NONE',  ( 0.0000000000000000000, 0.0000000000000000000, -1.000000000000000000 ) ) ;
#1168 = EDGE_CURVE ( 'NONE', #1467, #2801, #665, .T. ) ;
#1169 = AXIS2_PLACEMENT_3D ( 'NONE', #386, #1581, #1116 ) ;
#1170 = DIRECTION ( 'NONE',  ( -1.000000000000000000, 0.0000000000000000000, 0.0000000000000000000 ) ) ;
#1171 = DIRECTION ( 'NONE',  ( -0.0000000000000000000, -0.0000000000000000000, 1.000000000000000000 ) ) ;
#1172 = ORIENTED_EDGE ( 'NONE', *, *, #2095, .F. ) ;
#1173 = PLANE ( 'NONE',  #1679 ) ;
#1174 = ADVANCED_FACE ( 'NONE', ( #410 ), #1567, .F. ) ;
#1175 = DIRECTION ( 'NONE',  ( 1.000000000000000000, 0.0000000000000000000, -7.589415207398524136E-16 ) ) ;
#1176 = CIRCLE ( 'NONE', #2118, 1.500000000003123724 ) ;
#1177 = LINE ( 'NONE', #516, #1816 ) ;
#1178 = CALENDAR_DATE ( 2023, 18, 10 ) ;
#1179 = DIRECTION ( 'NONE',  ( 1.000000000000000000, 0.0000000000000000000, 3.469446951953659154E-15 ) ) ;
#1180 = EDGE_CURVE ( 'NONE', #860, #3049, #2290, .T. ) ;
#1181 = AXIS2_PLACEMENT_3D ( 'NONE', #2883, #2178, #328 ) ;
#1182 = PLANE ( 'NONE',  #2802 ) ;
#1183 = VECTOR ( 'NONE', #950, 1000.000000000000000 ) ;
#1184 = LINE ( 'NONE', #2388, #2645 ) ;
#1185 = EDGE_LOOP ( 'NONE', ( #2246, #133, #2232, #1694 ) ) ;
#1186 = VECTOR ( 'NONE', #1726, 1000.000000000000000 ) ;
#1187 = DIRECTION ( 'NONE',  ( 1.000000000000000000, 0.0000000000000000000, 0.0000000000000000000 ) ) ;
#1188 = CARTESIAN_POINT ( 'NONE',  ( -97.00000000000007105, 213.5000000000000853, 19.00000000000011724 ) ) ;
#1189 = CIRCLE ( 'NONE', #2965, 2.500000000000009326 ) ;
#1190 = VERTEX_POINT ( 'NONE', #2037 ) ;
#1191 = AXIS2_PLACEMENT_3D ( 'NONE', #2367, #797, #1003 ) ;
#1192 = DIRECTION ( 'NONE',  ( 3.083952846180946696E-15, -0.0000000000000000000, 1.000000000000000000 ) ) ;
#1193 = LINE ( 'NONE', #2587, #213 ) ;
#1194 = EDGE_CURVE ( 'NONE', #2486, #2010, #2304, .T. ) ;
#1195 = CARTESIAN_POINT ( 'NONE',  ( -113.0000000000000711, -185.4999999999999716, 16.99999999999997868 ) ) ;
#1196 = DATE_AND_TIME ( #23, #1610 ) ;
#1197 = DIRECTION ( 'NONE',  ( 0.0000000000000000000, 1.000000000000000000, 0.0000000000000000000 ) ) ;
#1198 = DIRECTION ( 'NONE',  ( 1.000000000000000000, 0.0000000000000000000, 3.469446951953613794E-15 ) ) ;
#1199 = VERTEX_POINT ( 'NONE', #1535 ) ;
#1200 = FACE_BOUND ( 'NONE', #1370, .T. ) ;
#1201 = DIRECTION ( 'NONE',  ( -0.0000000000000000000, -0.0000000000000000000, -1.000000000000000000 ) ) ;
#1202 = DIRECTION ( 'NONE',  ( -0.0000000000000000000, -0.0000000000000000000, -1.000000000000000000 ) ) ;
#1203 = CARTESIAN_POINT ( 'NONE',  ( -95.00000000000015632, 213.5000000000000568, 38.00000000000009237 ) ) ;
#1204 = CYLINDRICAL_SURFACE ( 'NONE', #1423, 1.500000000003109957 ) ;
#1205 = ORIENTED_EDGE ( 'NONE', *, *, #358, .F. ) ;
#1206 = FACE_OUTER_BOUND ( 'NONE', #1630, .T. ) ;
#1207 = CYLINDRICAL_SURFACE ( 'NONE', #292, 0.9999999999999731326 ) ;
#1208 = ADVANCED_FACE ( 'NONE', ( #2714 ), #2731, .T. ) ;
#1209 = VERTEX_POINT ( 'NONE', #1106 ) ;
#1210 = DIRECTION ( 'NONE',  ( 0.0000000000000000000, 1.000000000000000000, 0.0000000000000000000 ) ) ;
#1211 = VECTOR ( 'NONE', #2491, 1000.000000000000000 ) ;
#1212 = EDGE_CURVE ( 'NONE', #2031, #2959, #1785, .T. ) ;
#1213 = DIRECTION ( 'NONE',  ( 0.0000000000000000000, 0.0000000000000000000, -1.000000000000000000 ) ) ;
#1214 = DIRECTION ( 'NONE',  ( -1.000000000000000000, 0.0000000000000000000, 0.0000000000000000000 ) ) ;
#1215 = CARTESIAN_POINT ( 'NONE',  ( -73.99999999999997158, 86.50000000000005684, 0.0000000000000000000 ) ) ;
#1216 = VECTOR ( 'NONE', #3008, 1000.000000000000000 ) ;
#1217 = CARTESIAN_POINT ( 'NONE',  ( -73.99999999999998579, 126.5000000000000568, -1.000000000000000000 ) ) ;
#1218 = LINE ( 'NONE', #2378, #1306 ) ;
#1219 = AXIS2_PLACEMENT_3D ( 'NONE', #2930, #1270, #98 ) ;
#1220 = EDGE_LOOP ( 'NONE', ( #2360, #1354, #2565, #2228 ) ) ;
#1221 = EDGE_CURVE ( 'NONE', #1083, #2316, #373, .T. ) ;
#1222 = CIRCLE ( 'NONE', #1427, 2.250000000231233699 ) ;
#1223 = DIRECTION ( 'NONE',  ( 1.000000000000000000, 0.0000000000000000000, 0.0000000000000000000 ) ) ;
#1224 = AXIS2_PLACEMENT_3D ( 'NONE', #568, #363, #2026 ) ;
#1225 = VERTEX_POINT ( 'NONE', #1601 ) ;
#1226 = AXIS2_PLACEMENT_3D ( 'NONE', #290, #1684, #1213 ) ;
#1227 = DIRECTION ( 'NONE',  ( -1.000000000000000000, 0.0000000000000000000, 0.0000000000000000000 ) ) ;
#1228 = LINE ( 'NONE', #1721, #2017 ) ;
#1229 = ADVANCED_FACE ( 'NONE', ( #1072 ), #617, .F. ) ;
#1230 = CIRCLE ( 'NONE', #1637, 1.500000000000001332 ) ;
#1231 = DIRECTION ( 'NONE',  ( -0.0000000000000000000, -0.0000000000000000000, 1.000000000000000000 ) ) ;
#1232 = PLANE ( 'NONE',  #1320 ) ;
#1233 = LINE ( 'NONE', #75, #3003 ) ;
#1234 = VERTEX_POINT ( 'NONE', #1092 ) ;
#1235 = EDGE_CURVE ( 'NONE', #2212, #2210, #1121, .T. ) ;
#1236 = CARTESIAN_POINT ( 'NONE',  ( -96.00000000000014211, -185.4999999999999432, 20.00000000000008171 ) ) ;
#1237 = DIRECTION ( 'NONE',  ( -0.0000000000000000000, -0.0000000000000000000, -1.000000000000000000 ) ) ;
#1238 = CARTESIAN_POINT ( 'NONE',  ( 115.0000000000000000, -213.4999999999999432, -1.000000000000000000 ) ) ;
#1239 = ORIENTED_EDGE ( 'NONE', *, *, #1981, .F. ) ;
#1240 = CARTESIAN_POINT ( 'NONE',  ( -115.0000000000000711, -185.4999999999999432, 18.99999999999994671 ) ) ;
#1241 = ADVANCED_FACE ( 'NONE', ( #2514 ), #186, .F. ) ;
#1242 = DIRECTION ( 'NONE',  ( -0.0000000000000000000, -0.0000000000000000000, -1.000000000000000000 ) ) ;
#1243 = CARTESIAN_POINT ( 'NONE',  ( 5.999999999999985789, 176.5000000000000853, 0.0000000000000000000 ) ) ;
#1244 = CYLINDRICAL_SURFACE ( 'NONE', #2571, 2.000000000000001776 ) ;
#1245 = VERTEX_POINT ( 'NONE', #2252 ) ;
#1246 = ORIENTED_EDGE ( 'NONE', *, *, #2426, .F. ) ;
#1247 = ORIENTED_EDGE ( 'NONE', *, *, #80, .F. ) ;
#1248 = ORIENTED_EDGE ( 'NONE', *, *, #1235, .T. ) ;
#1249 = FACE_OUTER_BOUND ( 'NONE', #890, .T. ) ;
#1250 = FACE_OUTER_BOUND ( 'NONE', #587, .T. ) ;
#1251 = CARTESIAN_POINT ( 'NONE',  ( 114.0000000000000000, -4.317386814903099327E-29, -3.546545773108088854E-13 ) ) ;
#1252 = EDGE_CURVE ( 'NONE', #1390, #368, #1837, .T. ) ;
#1253 = VECTOR ( 'NONE', #2168, 1000.000000000000000 ) ;
#1254 = CARTESIAN_POINT ( 'NONE',  ( -113.0000000000000000, -186.9999999999999432, -7.415942859800850329E-14 ) ) ;
#1255 = DIRECTION ( 'NONE',  ( -0.0000000000000000000, -0.0000000000000000000, -1.000000000000000000 ) ) ;
#1256 = DIRECTION ( 'NONE',  ( 1.000000000000000000, 0.0000000000000000000, 0.0000000000000000000 ) ) ;
#1257 = DIRECTION ( 'NONE',  ( -0.0000000000000000000, -0.0000000000000000000, -1.000000000000000000 ) ) ;
#1258 = EDGE_CURVE ( 'NONE', #2492, #404, #2530, .T. ) ;
#1259 = ORIENTED_EDGE ( 'NONE', *, *, #958, .T. ) ;
#1260 = ORIENTED_EDGE ( 'NONE', *, *, #1897, .F. ) ;
#1261 = ORIENTED_EDGE ( 'NONE', *, *, #2047, .F. ) ;
#1262 = EDGE_LOOP ( 'NONE', ( #1066, #1551, #1205, #2268 ) ) ;
#1263 = AXIS2_PLACEMENT_3D ( 'NONE', #951, #1925, #2617 ) ;
#1264 = CYLINDRICAL_SURFACE ( 'NONE', #2024, 2.250000000000001776 ) ;
#1265 = AXIS2_PLACEMENT_3D ( 'NONE', #1853, #189, #852 ) ;
#1266 = CARTESIAN_POINT ( 'NONE',  ( 113.0000000000000000, 213.5000000000000853, 1.000000000000003997 ) ) ;
#1267 = CYLINDRICAL_SURFACE ( 'NONE', #889, 9.999999999999994671 ) ;
#1268 = AXIS2_PLACEMENT_3D ( 'NONE', #1006, #536, #1459 ) ;
#1269 = AXIS2_PLACEMENT_3D ( 'NONE', #2305, #470, #2586 ) ;
#1270 = DIRECTION ( 'NONE',  ( -0.0000000000000000000, -0.0000000000000000000, 1.000000000000000000 ) ) ;
#1271 = CIRCLE ( 'NONE', #1080, 9.999999999999994671 ) ;
#1272 = AXIS2_PLACEMENT_3D ( 'NONE', #1532, #2943, #615 ) ;
#1273 = DIRECTION ( 'NONE',  ( 1.000000000000000000, 0.0000000000000000000, 0.0000000000000000000 ) ) ;
#1274 = CARTESIAN_POINT ( 'NONE',  ( -96.00000000000004263, 1.335606646165602489E-14, -3.540661915704242707E-13 ) ) ;
#1275 = CARTESIAN_POINT ( 'NONE',  ( -59.99999999999999289, 169.5000000000000284, -1.000000000000000000 ) ) ;
#1276 = VERTEX_POINT ( 'NONE', #880 ) ;
#1277 = ORIENTED_EDGE ( 'NONE', *, *, #2999, .F. ) ;
#1278 = ORIENTED_EDGE ( 'NONE', *, *, #2143, .T. ) ;
#1279 = VERTEX_POINT ( 'NONE', #1818 ) ;
#1280 = VERTEX_POINT ( 'NONE', #218 ) ;
#1281 = ORIENTED_EDGE ( 'NONE', *, *, #734, .T. ) ;
#1282 = FACE_OUTER_BOUND ( 'NONE', #128, .T. ) ;
#1283 = CARTESIAN_POINT ( 'NONE',  ( 115.0000000000000000, -185.4999999999999432, 0.9999999999999978906 ) ) ;
#1284 = CARTESIAN_POINT ( 'NONE',  ( -62.50000000000000000, 169.5000000000000284, -1.000000000000000000 ) ) ;
#1285 = VERTEX_POINT ( 'NONE', #832 ) ;
#1286 = EDGE_CURVE ( 'NONE', #1151, #1153, #784, .T. ) ;
#1287 = DIRECTION ( 'NONE',  ( -0.0000000000000000000, -0.0000000000000000000, -1.000000000000000000 ) ) ;
#1288 = EDGE_CURVE ( 'NONE', #1485, #624, #1850, .T. ) ;
#1289 = DIRECTION ( 'NONE',  ( 0.0000000000000000000, 0.0000000000000000000, 1.000000000000000000 ) ) ;
#1290 = DIRECTION ( 'NONE',  ( 1.000000000000000000, 0.0000000000000000000, -3.491481338843133355E-15 ) ) ;
#1291 = CALENDAR_DATE ( 2023, 18, 10 ) ;
#1292 = FACE_OUTER_BOUND ( 'NONE', #745, .T. ) ;
#1293 = EDGE_LOOP ( 'NONE', ( #229, #1536, #455, #2647 ) ) ;
#1294 = ORIENTED_EDGE ( 'NONE', *, *, #707, .F. ) ;
#1295 = VERTEX_POINT ( 'NONE', #2134 ) ;
#1296 = ORIENTED_EDGE ( 'NONE', *, *, #2404, .T. ) ;
#1297 = EDGE_LOOP ( 'NONE', ( #2799, #1495, #2030, #1741 ) ) ;
#1298 = EDGE_CURVE ( 'NONE', #1429, #1580, #31, .T. ) ;
#1299 = ORIENTED_EDGE ( 'NONE', *, *, #2648, .F. ) ;
#1300 = CARTESIAN_POINT ( 'NONE',  ( 103.9999999999955236, 149.9999999999869544, 0.0000000000000000000 ) ) ;
#1301 = DIRECTION ( 'NONE',  ( 0.0000000000000000000, 2.168404344971006896E-16, -1.000000000000000000 ) ) ;
#1302 = DIRECTION ( 'NONE',  ( -0.0000000000000000000, -0.0000000000000000000, 1.000000000000000000 ) ) ;
#1303 = VERTEX_POINT ( 'NONE', #40 ) ;
#1304 = DIRECTION ( 'NONE',  ( 1.000000000000000000, 0.0000000000000000000, 0.0000000000000000000 ) ) ;
#1305 = EDGE_CURVE ( 'NONE', #627, #161, #2383, .T. ) ;
#1306 = VECTOR ( 'NONE', #521, 1000.000000000000000 ) ;
#1307 = LINE ( 'NONE', #1710, #3011 ) ;
#1308 = AXIS2_PLACEMENT_3D ( 'NONE', #542, #1465, #2786 ) ;
#1309 = CARTESIAN_POINT ( 'NONE',  ( -65.00000000000000000, 169.5000000000000284, -1.000000000000000000 ) ) ;
#1310 = VERTEX_POINT ( 'NONE', #928 ) ;
#1311 = ORIENTED_EDGE ( 'NONE', *, *, #2952, .T. ) ;
#1312 = ORIENTED_EDGE ( 'NONE', *, *, #518, .F. ) ;
#1313 = VERTEX_POINT ( 'NONE', #236 ) ;
#1314 = ORIENTED_EDGE ( 'NONE', *, *, #2278, .F. ) ;
#1315 = EDGE_LOOP ( 'NONE', ( #296, #125, #380, #1048 ) ) ;
#1316 = FACE_OUTER_BOUND ( 'NONE', #459, .T. ) ;
#1317 = EDGE_LOOP ( 'NONE', ( #2302, #2664, #1858, #685 ) ) ;
#1318 = EDGE_LOOP ( 'NONE', ( #1693, #675, #2931, #2541 ) ) ;
#1319 = EDGE_CURVE ( 'NONE', #177, #2505, #1222, .T. ) ;
#1320 = AXIS2_PLACEMENT_3D ( 'NONE', #529, #36, #964 ) ;
#1321 = CARTESIAN_POINT ( 'NONE',  ( 115.0000000000000000, -213.4999999999999432, 0.0000000000000000000 ) ) ;
#1322 = DIRECTION ( 'NONE',  ( -0.0000000000000000000, -0.0000000000000000000, -1.000000000000000000 ) ) ;
#1323 = ORIENTED_EDGE ( 'NONE', *, *, #60, .T. ) ;
#1324 = AXIS2_PLACEMENT_3D ( 'NONE', #1803, #223, #650 ) ;
#1325 = AXIS2_PLACEMENT_3D ( 'NONE', #2406, #995, #82 ) ;
#1326 = EDGE_CURVE ( 'NONE', #2248, #2516, #1713, .T. ) ;
#1327 = CARTESIAN_POINT ( 'NONE',  ( 95.24999999999995737, -138.0000000000131593, -1.000000000000000000 ) ) ;
#1328 = FACE_OUTER_BOUND ( 'NONE', #2595, .T. ) ;
#1329 = DIRECTION ( 'NONE',  ( 1.000000000000000000, 0.0000000000000000000, 3.469446951953613794E-15 ) ) ;
#1330 = CARTESIAN_POINT ( 'NONE',  ( 103.9999999999955662, -1.301194395286753291E-11, 0.0000000000000000000 ) ) ;
#1331 = ORIENTED_EDGE ( 'NONE', *, *, #1520, .T. ) ;
#1332 = ORIENTED_EDGE ( 'NONE', *, *, #1588, .F. ) ;
#1333 = ORIENTED_EDGE ( 'NONE', *, *, #2431, .F. ) ;
#1334 = VECTOR ( 'NONE', #664, 1000.000000000000000 ) ;
#1335 = ORIENTED_EDGE ( 'NONE', *, *, #982, .T. ) ;
#1336 = CARTESIAN_POINT ( 'NONE',  ( -4.000000000000015987, 146.5000000000000853, 0.0000000000000000000 ) ) ;
#1337 = EDGE_CURVE ( 'NONE', #2210, #2085, #1907, .T. ) ;
#1338 = EDGE_LOOP ( 'NONE', ( #2175, #2981, #1013, #1992 ) ) ;
#1339 = FACE_OUTER_BOUND ( 'NONE', #1220, .T. ) ;
#1340 = DIRECTION ( 'NONE',  ( 1.391256923089173450E-16, 1.000000000000000000, 5.080939043364325950E-31 ) ) ;
#1341 = ORIENTED_EDGE ( 'NONE', *, *, #1252, .F. ) ;
#1342 = DIRECTION ( 'NONE',  ( 0.0000000000000000000, -1.000000000000000000, -0.0000000000000000000 ) ) ;
#1343 = LINE ( 'NONE', #2042, #1216 ) ;
#1344 = APPLICATION_PROTOCOL_DEFINITION ( 'international standard', 'config_control_design', 1994, #1698 ) ;
#1345 = CARTESIAN_POINT ( 'NONE',  ( 113.0000000000000000, -186.9999999999999432, -1.000000000000000000 ) ) ;
#1346 = ORIENTED_EDGE ( 'NONE', *, *, #1730, .T. ) ;
#1347 = ORIENTED_EDGE ( 'NONE', *, *, #2914, .T. ) ;
#1348 = EDGE_CURVE ( 'NONE', #2301, #3049, #2616, .T. ) ;
#1349 = VERTEX_POINT ( 'NONE', #2850 ) ;
#1350 = ORIENTED_EDGE ( 'NONE', *, *, #2414, .T. ) ;
#1351 = LINE ( 'NONE', #197, #51 ) ;
#1352 = FACE_OUTER_BOUND ( 'NONE', #1315, .T. ) ;
#1353 = ORIENTED_EDGE ( 'NONE', *, *, #1180, .T. ) ;
#1354 = ORIENTED_EDGE ( 'NONE', *, *, #537, .T. ) ;
#1355 = DIRECTION ( 'NONE',  ( 1.000000000000000000, 0.0000000000000000000, 0.0000000000000000000 ) ) ;
#1356 = DIRECTION ( 'NONE',  ( -0.0000000000000000000, 1.000000000000000000, -0.0000000000000000000 ) ) ;
#1357 = CC_DESIGN_PERSON_AND_ORGANIZATION_ASSIGNMENT ( #2346, #934, ( #2552 ) ) ;
#1358 = CARTESIAN_POINT ( 'NONE',  ( -115.0000000000000000, -213.4999999999999432, -1.000000000000000000 ) ) ;
#1359 = LINE ( 'NONE', #2306, #1714 ) ;
#1360 = DIRECTION ( 'NONE',  ( 0.0000000000000000000, 6.982962677686267499E-15, -1.000000000000000000 ) ) ;
#1361 = DIRECTION ( 'NONE',  ( 1.000000000000000000, 0.0000000000000000000, 0.0000000000000000000 ) ) ;
#1362 = DIRECTION ( 'NONE',  ( -0.0000000000000000000, -1.000000000000000000, -0.0000000000000000000 ) ) ;
#1363 = VERTEX_POINT ( 'NONE', #2341 ) ;
#1364 = EDGE_LOOP ( 'NONE', ( #1564, #1082, #1055, #1739 ) ) ;
#1365 = CIRCLE ( 'NONE', #2151, 1.000000000000000888 ) ;
#1366 = EDGE_CURVE ( 'NONE', #1760, #1810, #1417, .T. ) ;
#1367 = DIRECTION ( 'NONE',  ( -1.000000000000000000, -0.0000000000000000000, -0.0000000000000000000 ) ) ;
#1368 = DIRECTION ( 'NONE',  ( 0.0000000000000000000, 0.0000000000000000000, 1.000000000000000000 ) ) ;
#1369 = ADVANCED_FACE ( 'NONE', ( #557 ), #2840, .T. ) ;
#1370 = EDGE_LOOP ( 'NONE', ( #702, #2825 ) ) ;
#1371 = ORIENTED_EDGE ( 'NONE', *, *, #83, .F. ) ;
#1372 = VERTEX_POINT ( 'NONE', #2610 ) ;
#1373 = LOCAL_TIME ( 17, 39, 45.00000000000000000, #906 ) ;
#1374 = CARTESIAN_POINT ( 'NONE',  ( 76.00000000000001421, 166.5000000000000568, -1.000000000000000000 ) ) ;
#1375 = CARTESIAN_POINT ( 'NONE',  ( 99.00000000000000000, -198.4999999999999432, -1.000000000000000000 ) ) ;
#1376 = ORIENTED_EDGE ( 'NONE', *, *, #1870, .T. ) ;
#1377 = AXIS2_PLACEMENT_3D ( 'NONE', #1854, #1625, #1383 ) ;
#1378 = DIRECTION ( 'NONE',  ( 1.000000000000000000, 0.0000000000000000000, 0.0000000000000000000 ) ) ;
#1379 = CC_DESIGN_SECURITY_CLASSIFICATION ( #1124, ( #2552 ) ) ;
#1380 = CARTESIAN_POINT ( 'NONE',  ( 98.99999999999998579, -138.0000000000131593, -1.000000000000000000 ) ) ;
#1381 = CIRCLE ( 'NONE', #1955, 9.999999999999994671 ) ;
#1382 = VECTOR ( 'NONE', #1356, 1000.000000000000000 ) ;
#1383 = DIRECTION ( 'NONE',  ( 1.000000000000000000, 0.0000000000000000000, 0.0000000000000000000 ) ) ;
#1384 = LINE ( 'NONE', #683, #2020 ) ;
#1385 = AXIS2_PLACEMENT_3D ( 'NONE', #120, #1954, #1777 ) ;
#1386 = ORIENTED_EDGE ( 'NONE', *, *, #2016, .T. ) ;
#1387 = EDGE_LOOP ( 'NONE', ( #3032, #2389, #2527, #1248 ) ) ;
#1388 = DIRECTION ( 'NONE',  ( 3.469446951953614682E-16, -1.000000000000000000, 0.0000000000000000000 ) ) ;
#1389 = LINE ( 'NONE', #1547, #1211 ) ;
#1390 = VERTEX_POINT ( 'NONE', #510 ) ;
#1391 = AXIS2_PLACEMENT_3D ( 'NONE', #2532, #678, #1603 ) ;
#1392 = DIRECTION ( 'NONE',  ( -1.734723475976805615E-16, 1.000000000000000000, -0.0000000000000000000 ) ) ;
#1393 = DIRECTION ( 'NONE',  ( 1.000000000000000000, -0.0000000000000000000, 7.121496375062679846E-15 ) ) ;
#1394 = ORIENTED_EDGE ( 'NONE', *, *, #1180, .F. ) ;
#1395 = DIRECTION ( 'NONE',  ( 0.0000000000000000000, 1.000000000000000000, 0.0000000000000000000 ) ) ;
#1396 = CARTESIAN_POINT ( 'NONE',  ( -1.316563817030872693E-13, -185.4999999999999432, 18.00000000000076028 ) ) ;
#1397 = EDGE_CURVE ( 'NONE', #1614, #1485, #1158, .T. ) ;
#1398 = FACE_BOUND ( 'NONE', #2439, .T. ) ;
#1399 = DIRECTION ( 'NONE',  ( -1.000000000000000000, 0.0000000000000000000, 0.0000000000000000000 ) ) ;
#1400 = ADVANCED_FACE ( 'NONE', ( #2659 ), #3055, .T. ) ;
#1401 = LINE ( 'NONE', #2349, #649 ) ;
#1402 = CARTESIAN_POINT ( 'NONE',  ( -115.0000000000000000, -188.4999999999999432, -3.707971429900425164E-14 ) ) ;
#1403 = EDGE_CURVE ( 'NONE', #1276, #2248, #1866, .T. ) ;
#1404 = FACE_BOUND ( 'NONE', #1387, .T. ) ;
#1405 = CARTESIAN_POINT ( 'NONE',  ( 113.0000000000000000, -185.4999999999999432, 1.000000000000003997 ) ) ;
#1406 = DIRECTION ( 'NONE',  ( 0.0000000000000000000, -0.0000000000000000000, 1.000000000000000000 ) ) ;
#1407 = EDGE_CURVE ( 'NONE', #2111, #2979, #945, .T. ) ;
#1408 = DIRECTION ( 'NONE',  ( 1.000000000000000000, 0.0000000000000000000, 0.0000000000000000000 ) ) ;
#1409 = CARTESIAN_POINT ( 'NONE',  ( 96.75000000000000000, -198.4999999999999432, -1.000000000000000000 ) ) ;
#1410 = CARTESIAN_POINT ( 'NONE',  ( 101.2500000000000000, -198.4999999999999432, -1.000000000000000000 ) ) ;
#1411 = ORIENTED_EDGE ( 'NONE', *, *, #2978, .F. ) ;
#1412 = CARTESIAN_POINT ( 'NONE',  ( 66.00000000000001421, 176.5000000000000853, 0.0000000000000000000 ) ) ;
#1413 = DIRECTION ( 'NONE',  ( -1.000000000000000000, 0.0000000000000000000, 0.0000000000000000000 ) ) ;
#1414 = ORIENTED_EDGE ( 'NONE', *, *, #1686, .T. ) ;
#1415 = AXIS2_PLACEMENT_3D ( 'NONE', #129, #2250, #1069 ) ;
#1416 = DIRECTION ( 'NONE',  ( 0.0000000000000000000, 0.0000000000000000000, -1.000000000000000000 ) ) ;
#1417 = LINE ( 'NONE', #736, #341 ) ;
#1418 = AXIS2_PLACEMENT_3D ( 'NONE', #2450, #1029, #2190 ) ;
#1419 = EDGE_CURVE ( 'NONE', #487, #2083, #266, .T. ) ;
#1420 = LINE ( 'NONE', #2393, #2126 ) ;
#1421 = CARTESIAN_POINT ( 'NONE',  ( 115.0000000000000000, -4.317386814903099327E-29, -3.581460586496520566E-13 ) ) ;
#1422 = CLOSED_SHELL ( 'NONE', ( #2903, #1462, #441, #1960, #2091, #2854, #1094, #2274, #757, #1165, #1994, #77, #715, #287, #1400, #1654, #2366, #2398, #342, #929, #1909, #2537, #1704, #1589, #2709, #1369, #816, #2419, #2129, #2718, #1453, #996, #1005, #316, #184, #607, #581, #1480, #1442, #2038, #2830, #190, #1798, #187, #452, #319, #2630, #3007, #1748, #2808, #2311, #1208, #1942, #2971, #631, #377, #1099, #2041, #2479, #411, #2169, #2574, #759, #777, #1229, #2029, #684, #2988, #2342, #1174, #2611, #1059, #250, #2221, #975, #954, #149, #2872, #1037, #21, #2375, #34, #853, #1533, #234, #1648, #3024, #126, #2860, #873, #815, #2202, #499, #2072, #1241, #2933 ) ) ;
#1423 = AXIS2_PLACEMENT_3D ( 'NONE', #1672, #2148, #1447 ) ;
#1424 = DIRECTION ( 'NONE',  ( 0.0000000000000000000, 0.0000000000000000000, 1.000000000000000000 ) ) ;
#1425 = PERSON_AND_ORGANIZATION ( #576, #1118 ) ;
#1426 = LINE ( 'NONE', #731, #2256 ) ;
#1427 = AXIS2_PLACEMENT_3D ( 'NONE', #2569, #2584, #2809 ) ;
#1428 = PLANE ( 'NONE',  #1999 ) ;
#1429 = VERTEX_POINT ( 'NONE', #748 ) ;
#1430 = ORIENTED_EDGE ( 'NONE', *, *, #2648, .T. ) ;
#1431 = AXIS2_PLACEMENT_3D ( 'NONE', #257, #1659, #486 ) ;
#1432 = FACE_BOUND ( 'NONE', #8, .T. ) ;
#1433 = DIRECTION ( 'NONE',  ( 3.754249404263564076E-31, 1.000000000000000000, -1.144067008482970965E-45 ) ) ;
#1434 = VECTOR ( 'NONE', #388, 1000.000000000000000 ) ;
#1435 = CARTESIAN_POINT ( 'NONE',  ( 95.24999999999998579, -167.9999999999999147, -1.000000000000000000 ) ) ;
#1436 = DIRECTION ( 'NONE',  ( -1.000000000000000000, 1.301042606982606060E-16, 0.0000000000000000000 ) ) ;
#1437 = EDGE_CURVE ( 'NONE', #686, #1280, #968, .T. ) ;
#1438 = LINE ( 'NONE', #1409, #593 ) ;
#1439 = ORIENTED_EDGE ( 'NONE', *, *, #648, .T. ) ;
#1440 = CARTESIAN_POINT ( 'NONE',  ( 5.999999999999985789, 176.5000000000000853, 0.0000000000000000000 ) ) ;
#1441 = CARTESIAN_POINT ( 'NONE',  ( -95.00000000000018474, -149.5000000000133014, 34.00000000000676437 ) ) ;
#1442 = ADVANCED_FACE ( 'NONE', ( #321 ), #1244, .T. ) ;
#1443 = ORIENTED_EDGE ( 'NONE', *, *, #641, .T. ) ;
#1444 = DIRECTION ( 'NONE',  ( -0.0000000000000000000, 1.000000000000000000, 2.168404344971006896E-16 ) ) ;
#1445 = DIRECTION ( 'NONE',  ( 1.541976423090493661E-15, -1.000000000000000000, 0.0000000000000000000 ) ) ;
#1446 = CYLINDRICAL_SURFACE ( 'NONE', #981, 10.00000000000000355 ) ;
#1447 = DIRECTION ( 'NONE',  ( -1.000000000000000000, 0.0000000000000000000, 0.0000000000000000000 ) ) ;
#1448 = EDGE_CURVE ( 'NONE', #1150, #689, #1517, .T. ) ;
#1449 = CARTESIAN_POINT ( 'NONE',  ( 101.2500000000000000, -198.4999999999999432, -1.000000000000000000 ) ) ;
#1450 = DIRECTION ( 'NONE',  ( 1.000000000000000000, 0.0000000000000000000, 0.0000000000000000000 ) ) ;
#1451 = VERTEX_POINT ( 'NONE', #2502 ) ;
#1452 = ORIENTED_EDGE ( 'NONE', *, *, #414, .F. ) ;
#1453 = ADVANCED_FACE ( 'NONE', ( #1292 ), #1539, .T. ) ;
#1454 = EDGE_CURVE ( 'NONE', #2722, #2516, #2700, .T. ) ;
#1455 = CARTESIAN_POINT ( 'NONE',  ( 113.0000000000000000, 213.5000000000000853, 1.000000000000003997 ) ) ;
#1456 = VECTOR ( 'NONE', #79, 1000.000000000000000 ) ;
#1457 = EDGE_LOOP ( 'NONE', ( #1990, #2475 ) ) ;
#1458 = CARTESIAN_POINT ( 'NONE',  ( -68.24999999999997158, 193.5000000000000568, -1.000000000000000000 ) ) ;
#1459 = DIRECTION ( 'NONE',  ( 1.000000000000000000, 0.0000000000000000000, 0.0000000000000000000 ) ) ;
#1460 = LINE ( 'NONE', #2357, #2753 ) ;
#1461 = AXIS2_PLACEMENT_3D ( 'NONE', #2803, #1115, #720 ) ;
#1462 = ADVANCED_FACE ( 'NONE', ( #1524 ), #2205, .F. ) ;
#1463 = VECTOR ( 'NONE', #1538, 1000.000000000000000 ) ;
#1464 = LINE ( 'NONE', #2179, #1864 ) ;
#1465 = DIRECTION ( 'NONE',  ( 0.0000000000000000000, 0.0000000000000000000, -1.000000000000000000 ) ) ;
#1466 = AXIS2_PLACEMENT_3D ( 'NONE', #2239, #1057, #2003 ) ;
#1467 = VERTEX_POINT ( 'NONE', #2243 ) ;
#1468 = AXIS2_PLACEMENT_3D ( 'NONE', #677, #1340, #2272 ) ;
#1469 = LINE ( 'NONE', #1483, #1141 ) ;
#1470 = AXIS2_PLACEMENT_3D ( 'NONE', #2102, #2116, #15 ) ;
#1471 = VECTOR ( 'NONE', #713, 1000.000000000000000 ) ;
#1472 = FACE_OUTER_BOUND ( 'NONE', #2284, .T. ) ;
#1473 = DIRECTION ( 'NONE',  ( 3.469446951953615767E-15, 0.0000000000000000000, -1.000000000000000000 ) ) ;
#1474 = EDGE_CURVE ( 'NONE', #1133, #647, #2225, .T. ) ;
#1475 = AXIS2_PLACEMENT_3D ( 'NONE', #2879, #533, #2869 ) ;
#1476 = DIRECTION ( 'NONE',  ( 1.000000000000000000, -1.158896685412480835E-16, 3.469446951953613794E-15 ) ) ;
#1477 = EDGE_CURVE ( 'NONE', #1508, #725, #17, .T. ) ;
#1478 = CARTESIAN_POINT ( 'NONE',  ( -96.00000000000012790, 116.4999999999901803, 26.00000000000594369 ) ) ;
#1479 = DIRECTION ( 'NONE',  ( -0.0000000000000000000, -0.0000000000000000000, -1.000000000000000000 ) ) ;
#1480 = ADVANCED_FACE ( 'NONE', ( #1045 ), #1492, .F. ) ;
#1481 = CARTESIAN_POINT ( 'NONE',  ( -95.00000000000015632, 116.4999999999901803, 34.00000000000594014 ) ) ;
#1482 = ORIENTED_EDGE ( 'NONE', *, *, #1887, .F. ) ;
#1483 = CARTESIAN_POINT ( 'NONE',  ( -95.00000000000021316, -185.4999999999999432, 38.00000000000009237 ) ) ;
#1484 = EDGE_CURVE ( 'NONE', #385, #348, #1972, .T. ) ;
#1485 = VERTEX_POINT ( 'NONE', #1791 ) ;
#1486 = DIRECTION ( 'NONE',  ( -1.000000000000000000, 0.0000000000000000000, 0.0000000000000000000 ) ) ;
#1487 = FACE_OUTER_BOUND ( 'NONE', #2923, .T. ) ;
#1488 = EDGE_CURVE ( 'NONE', #1580, #1493, #2007, .T. ) ;
#1489 = CARTESIAN_POINT ( 'NONE',  ( -32.50000000000000000, 169.5000000000000284, -1.000000000000000000 ) ) ;
#1490 = CARTESIAN_POINT ( 'NONE',  ( -96.00000000000015632, -157.5000000000133014, 26.00000000000676792 ) ) ;
#1491 = DIRECTION ( 'NONE',  ( -1.000000000000000000, 1.391256923089168520E-16, -3.652049423109067235E-15 ) ) ;
#1492 = PLANE ( 'NONE',  #219 ) ;
#1493 = VERTEX_POINT ( 'NONE', #636 ) ;
#1494 = EDGE_LOOP ( 'NONE', ( #1341, #796, #311, #2227 ) ) ;
#1495 = ORIENTED_EDGE ( 'NONE', *, *, #1403, .F. ) ;
#1496 = CARTESIAN_POINT ( 'NONE',  ( 102.7499999999999858, -147.0000000000131877, -1.000000000000000000 ) ) ;
#1497 = CARTESIAN_POINT ( 'NONE',  ( 114.0000000000000000, 213.5000000000000853, 1.000000000000000888 ) ) ;
#1498 = CARTESIAN_POINT ( 'NONE',  ( -115.0000000000000000, -213.4999999999999432, -1.000000000000000000 ) ) ;
#1499 = CIRCLE ( 'NONE', #1553, 10.00000000000000355 ) ;
#1500 = DIRECTION ( 'NONE',  ( 0.0000000000000000000, 0.0000000000000000000, -1.000000000000000000 ) ) ;
#1501 = VECTOR ( 'NONE', #1927, 1000.000000000000000 ) ;
#1502 = DIRECTION ( 'NONE',  ( -1.000000000000000000, 0.0000000000000000000, 0.0000000000000000000 ) ) ;
#1503 = LINE ( 'NONE', #2682, #2688 ) ;
#1504 = LINE ( 'NONE', #2260, #1078 ) ;
#1505 = ORIENTED_EDGE ( 'NONE', *, *, #679, .T. ) ;
#1506 = VERTEX_POINT ( 'NONE', #1556 ) ;
#1507 = VERTEX_POINT ( 'NONE', #840 ) ;
#1508 = VERTEX_POINT ( 'NONE', #856 ) ;
#1509 = VECTOR ( 'NONE', #2279, 1000.000000000000000 ) ;
#1510 = CARTESIAN_POINT ( 'NONE',  ( -114.0000000000000000, -185.4999999999999432, -4.199856836575427383E-13 ) ) ;
#1511 = EDGE_CURVE ( 'NONE', #161, #1295, #344, .T. ) ;
#1512 = CIRCLE ( 'NONE', #936, 1.000000000000028644 ) ;
#1513 = CARTESIAN_POINT ( 'NONE',  ( -95.00000000000015632, 116.4999999999901803, 34.00000000000594014 ) ) ;
#1514 = DIRECTION ( 'NONE',  ( -1.000000000000000000, 0.0000000000000000000, 0.0000000000000000000 ) ) ;
#1515 = AXIS2_PLACEMENT_3D ( 'NONE', #1697, #550, #1514 ) ;
#1516 = VERTEX_POINT ( 'NONE', #2904 ) ;
#1517 = CIRCLE ( 'NONE', #658, 1.500000000003123724 ) ;
#1518 = MANIFOLD_SOLID_BREP ( '03-SA? ARKA D?KME', #1422 ) ;
#1519 = LINE ( 'NONE', #620, #508 ) ;
#1520 = EDGE_CURVE ( 'NONE', #122, #1113, #606, .T. ) ;
#1521 = DIRECTION ( 'NONE',  ( 1.000000000000000000, 0.0000000000000000000, 0.0000000000000000000 ) ) ;
#1522 = LINE ( 'NONE', #1736, #2694 ) ;
#1523 = DIRECTION ( 'NONE',  ( 0.0000000000000000000, 1.000000000000000000, 0.0000000000000000000 ) ) ;
#1524 = FACE_OUTER_BOUND ( 'NONE', #2080, .T. ) ;
#1525 = EDGE_LOOP ( 'NONE', ( #845, #792 ) ) ;
#1526 = ORIENTED_EDGE ( 'NONE', *, *, #944, .T. ) ;
#1527 = ORIENTED_EDGE ( 'NONE', *, *, #1588, .T. ) ;
#1528 = ORIENTED_EDGE ( 'NONE', *, *, #1844, .T. ) ;
#1529 = ORIENTED_EDGE ( 'NONE', *, *, #3046, .F. ) ;
#1530 = ORIENTED_EDGE ( 'NONE', *, *, #2188, .T. ) ;
#1531 = ORIENTED_EDGE ( 'NONE', *, *, #768, .T. ) ;
#1532 = CARTESIAN_POINT ( 'NONE',  ( 99.00000000000000000, -198.4999999999999432, -1.000000000000000000 ) ) ;
#1533 = ADVANCED_FACE ( 'NONE', ( #2683 ), #2470, .F. ) ;
#1534 = DIRECTION ( 'NONE',  ( -0.0000000000000000000, -1.000000000000000000, -0.0000000000000000000 ) ) ;
#1535 = CARTESIAN_POINT ( 'NONE',  ( -95.00000000000012790, 108.4999999999901945, 26.00000000000594369 ) ) ;
#1536 = ORIENTED_EDGE ( 'NONE', *, *, #2875, .F. ) ;
#1537 = LINE ( 'NONE', #1240, #156 ) ;
#1538 = DIRECTION ( 'NONE',  ( 1.000000000000000000, -1.158896685412480835E-16, 3.469446951953613794E-15 ) ) ;
#1539 = PLANE ( 'NONE',  #2657 ) ;
#1540 = EDGE_CURVE ( 'NONE', #2053, #161, #1504, .T. ) ;
#1541 = ORIENTED_EDGE ( 'NONE', *, *, #1686, .F. ) ;
#1542 = ORIENTED_EDGE ( 'NONE', *, *, #1631, .T. ) ;
#1543 = VERTEX_POINT ( 'NONE', #2936 ) ;
#1544 = ORIENTED_EDGE ( 'NONE', *, *, #276, .T. ) ;
#1545 = ORIENTED_EDGE ( 'NONE', *, *, #2549, .F. ) ;
#1546 = ORIENTED_EDGE ( 'NONE', *, *, #1168, .T. ) ;
#1547 = CARTESIAN_POINT ( 'NONE',  ( -113.0000000000000000, 213.5000000000000568, 1.235990476633475055E-14 ) ) ;
#1548 = EDGE_CURVE ( 'NONE', #232, #1795, #822, .T. ) ;
#1549 = CARTESIAN_POINT ( 'NONE',  ( 103.7221400861376992, 86.49999999999953104, 0.0000000000000000000 ) ) ;
#1550 = DIRECTION ( 'NONE',  ( -1.000000000000000000, -2.977759236690236276E-45, -7.121496375062679846E-15 ) ) ;
#1551 = ORIENTED_EDGE ( 'NONE', *, *, #69, .F. ) ;
#1552 = DIRECTION ( 'NONE',  ( 7.121496375062679846E-15, 1.304303365396085580E-16, -1.000000000000000000 ) ) ;
#1553 = AXIS2_PLACEMENT_3D ( 'NONE', #1796, #214, #1612 ) ;
#1554 = FACE_BOUND ( 'NONE', #992, .T. ) ;
#1555 = DIRECTION ( 'NONE',  ( -1.000000000000000000, 0.0000000000000000000, 0.0000000000000000000 ) ) ;
#1556 = CARTESIAN_POINT ( 'NONE',  ( -96.00000000000018474, -149.5000000000133014, 34.00000000000676437 ) ) ;
#1557 = ORIENTED_EDGE ( 'NONE', *, *, #2034, .F. ) ;
#1558 = ORIENTED_EDGE ( 'NONE', *, *, #2356, .T. ) ;
#1559 = ORIENTED_EDGE ( 'NONE', *, *, #2292, .T. ) ;
#1560 = ORIENTED_EDGE ( 'NONE', *, *, #136, .F. ) ;
#1561 = ORIENTED_EDGE ( 'NONE', *, *, #60, .F. ) ;
#1562 = LINE ( 'NONE', #406, #2845 ) ;
#1563 = AXIS2_PLACEMENT_3D ( 'NONE', #1845, #2313, #1388 ) ;
#1564 = ORIENTED_EDGE ( 'NONE', *, *, #12, .F. ) ;
#1565 = AXIS2_PLACEMENT_3D ( 'NONE', #2409, #1197, #308 ) ;
#1566 = DIRECTION ( 'NONE',  ( 0.0000000000000000000, -1.000000000000000000, -2.168404344971006896E-16 ) ) ;
#1567 = PLANE ( 'NONE',  #1076 ) ;
#1568 = ORIENTED_EDGE ( 'NONE', *, *, #1780, .T. ) ;
#1569 = AXIS2_PLACEMENT_3D ( 'NONE', #2071, #154, #1839 ) ;
#1570 = FACE_OUTER_BOUND ( 'NONE', #1049, .T. ) ;
#1571 = EDGE_CURVE ( 'NONE', #163, #107, #88, .T. ) ;
#1572 = VECTOR ( 'NONE', #2451, 1000.000000000000000 ) ;
#1573 = FACE_BOUND ( 'NONE', #2488, .T. ) ;
#1574 = AXIS2_PLACEMENT_3D ( 'NONE', #1266, #2689, #2018 ) ;
#1575 = PERSON_AND_ORGANIZATION ( #576, #1118 ) ;
#1576 = DIRECTION ( 'NONE',  ( 1.000000000000000000, -4.763380353154024979E-31, 3.652049423109067235E-15 ) ) ;
#1577 = ORIENTED_EDGE ( 'NONE', *, *, #1804, .T. ) ;
#1578 = ORIENTED_EDGE ( 'NONE', *, *, #1038, .F. ) ;
#1579 = PRODUCT_DEFINITION ( '未知', '', #2552, #1642 ) ;
#1580 = VERTEX_POINT ( 'NONE', #2954 ) ;
#1581 = DIRECTION ( 'NONE',  ( 5.299660313872847682E-30, 1.000000000000000000, 6.982962677686267499E-15 ) ) ;
#1582 = CARTESIAN_POINT ( 'NONE',  ( -96.00000000000012790, 108.4999999999901945, 26.00000000000594369 ) ) ;
#1583 = CARTESIAN_POINT ( 'NONE',  ( 115.0000000000000000, -213.4999999999999432, -1.000000000000000000 ) ) ;
#1584 = ORIENTED_EDGE ( 'NONE', *, *, #2426, .T. ) ;
#1585 = ORIENTED_EDGE ( 'NONE', *, *, #6, .F. ) ;
#1586 = DIRECTION ( 'NONE',  ( -1.391256923089166055E-16, -1.000000000000000000, -6.956284615445842599E-17 ) ) ;
#1587 = DIRECTION ( 'NONE',  ( -0.0000000000000000000, -0.0000000000000000000, 1.000000000000000000 ) ) ;
#1588 = EDGE_CURVE ( 'NONE', #3051, #7, #2483, .T. ) ;
#1589 = ADVANCED_FACE ( 'NONE', ( #1111 ), #920, .F. ) ;
#1590 = FACE_BOUND ( 'NONE', #841, .T. ) ;
#1591 = CARTESIAN_POINT ( 'NONE',  ( 106.2500000002267626, 149.9999999999869544, 0.0000000000000000000 ) ) ;
#1592 = ORIENTED_EDGE ( 'NONE', *, *, #2667, .T. ) ;
#1593 = ORIENTED_EDGE ( 'NONE', *, *, #310, .F. ) ;
#1594 = EDGE_LOOP ( 'NONE', ( #334, #2263, #637, #246 ) ) ;
#1595 = EDGE_LOOP ( 'NONE', ( #2100, #525, #2752, #2878 ) ) ;
#1596 = DIRECTION ( 'NONE',  ( 0.0000000000000000000, -1.000000000000000000, 0.0000000000000000000 ) ) ;
#1597 = EDGE_LOOP ( 'NONE', ( #390, #1815, #909, #586 ) ) ;
#1598 = EDGE_LOOP ( 'NONE', ( #2940, #2821 ) ) ;
#1599 = ORIENTED_EDGE ( 'NONE', *, *, #1137, .F. ) ;
#1600 = LINE ( 'NONE', #217, #355 ) ;
#1601 = CARTESIAN_POINT ( 'NONE',  ( -95.00000000000021316, -185.4999999999999432, 38.00000000000009237 ) ) ;
#1602 = VERTEX_POINT ( 'NONE', #1591 ) ;
#1603 = DIRECTION ( 'NONE',  ( -1.000000000000000000, 0.0000000000000000000, 0.0000000000000000000 ) ) ;
#1604 = DIRECTION ( 'NONE',  ( 1.000000000000000000, 0.0000000000000000000, 0.0000000000000000000 ) ) ;
#1605 = DIRECTION ( 'NONE',  ( -0.0000000000000000000, -1.000000000000000000, -0.0000000000000000000 ) ) ;
#1606 = FACE_OUTER_BOUND ( 'NONE', #2333, .T. ) ;
#1607 = ORIENTED_EDGE ( 'NONE', *, *, #2642, .T. ) ;
#1608 = CIRCLE ( 'NONE', #642, 2.250000000000001776 ) ;
#1609 = ORIENTED_EDGE ( 'NONE', *, *, #1258, .F. ) ;
#1610 = LOCAL_TIME ( 17, 39, 45.00000000000000000, #952 ) ;
#1611 = LINE ( 'NONE', #1833, #2499 ) ;
#1612 = DIRECTION ( 'NONE',  ( -1.000000000000000000, 0.0000000000000000000, 0.0000000000000000000 ) ) ;
#1613 = ORIENTED_EDGE ( 'NONE', *, *, #2679, .F. ) ;
#1614 = VERTEX_POINT ( 'NONE', #2536 ) ;
#1615 = ORIENTED_EDGE ( 'NONE', *, *, #255, .T. ) ;
#1616 = CARTESIAN_POINT ( 'NONE',  ( -32.50000000000000000, 169.5000000000000284, -1.000000000000000000 ) ) ;
#1617 = EDGE_CURVE ( 'NONE', #1134, #911, #417, .T. ) ;
#1618 = CARTESIAN_POINT ( 'NONE',  ( -102.1778599138591801, 86.49999999999940314, -1.000000000000000000 ) ) ;
#1619 = CIRCLE ( 'NONE', #696, 2.250000000174959158 ) ;
#1620 = CARTESIAN_POINT ( 'NONE',  ( -115.0000000000000000, 213.5000000000000568, -1.000000000000000000 ) ) ;
#1621 = EDGE_CURVE ( 'NONE', #2112, #2822, #61, .T. ) ;
#1622 = FACE_OUTER_BOUND ( 'NONE', #2905, .T. ) ;
#1623 = AXIS2_PLACEMENT_3D ( 'NONE', #1380, #375, #1304 ) ;
#1624 = AXIS2_PLACEMENT_3D ( 'NONE', #578, #132, #2666 ) ;
#1625 = DIRECTION ( 'NONE',  ( -0.0000000000000000000, -0.0000000000000000000, 1.000000000000000000 ) ) ;
#1626 = APPROVAL_ROLE ( '' ) ;
#1627 = DIRECTION ( 'NONE',  ( 0.0000000000000000000, -1.000000000000000000, 0.0000000000000000000 ) ) ;
#1628 = ORIENTED_EDGE ( 'NONE', *, *, #982, .F. ) ;
#1629 = CIRCLE ( 'NONE', #1431, 3.750000000000017319 ) ;
#1630 = EDGE_LOOP ( 'NONE', ( #3017, #1980, #1557, #3002 ) ) ;
#1631 = EDGE_CURVE ( 'NONE', #423, #725, #1384, .T. ) ;
#1632 = ORIENTED_EDGE ( 'NONE', *, *, #2335, .F. ) ;
#1633 = ORIENTED_EDGE ( 'NONE', *, *, #28, .F. ) ;
#1634 = VECTOR ( 'NONE', #2237, 1000.000000000000000 ) ;
#1635 = CARTESIAN_POINT ( 'NONE',  ( -96.00000000000015632, 116.4999999999901803, 34.00000000000594014 ) ) ;
#1636 = CARTESIAN_POINT ( 'NONE',  ( 103.9999999999955662, -1.301194395286753291E-11, 0.0000000000000000000 ) ) ;
#1637 = AXIS2_PLACEMENT_3D ( 'NONE', #1681, #723, #1170 ) ;
#1638 = CARTESIAN_POINT ( 'NONE',  ( -96.00000000000015632, 108.4999999999901945, 34.00000000000594014 ) ) ;
#1639 = CARTESIAN_POINT ( 'NONE',  ( -73.99999999999998579, 126.5000000000000568, -1.000000000000000000 ) ) ;
#1640 = LINE ( 'NONE', #360, #1877 ) ;
#1641 = LINE ( 'NONE', #1396, #511 ) ;
#1642 = DESIGN_CONTEXT ( 'detailed design', #1698, 'design' ) ;
#1643 = LINE ( 'NONE', #1888, #885 ) ;
#1644 = PLANE ( 'NONE',  #2901 ) ;
#1645 = EDGE_LOOP ( 'NONE', ( #2130, #1859, #756, #2892 ) ) ;
#1646 = ORIENTED_EDGE ( 'NONE', *, *, #1931, .T. ) ;
#1647 = CYLINDRICAL_SURFACE ( 'NONE', #778, 10.00000000000000533 ) ;
#1648 = ADVANCED_FACE ( 'NONE', ( #2523 ), #1855, .F. ) ;
#1649 = DIRECTION ( 'NONE',  ( 0.0000000000000000000, 0.0000000000000000000, 1.000000000000000000 ) ) ;
#1650 = ORIENTED_EDGE ( 'NONE', *, *, #224, .T. ) ;
#1651 = ORIENTED_EDGE ( 'NONE', *, *, #904, .T. ) ;
#1652 = DIRECTION ( 'NONE',  ( 0.0000000000000000000, 0.0000000000000000000, -1.000000000000000000 ) ) ;
#1653 = DIRECTION ( 'NONE',  ( 4.163336342344448729E-14, 0.0000000000000000000, -1.000000000000000000 ) ) ;
#1654 = ADVANCED_FACE ( 'NONE', ( #1606 ), #1644, .F. ) ;
#1655 = CYLINDRICAL_SURFACE ( 'NONE', #2909, 1.000000000000000888 ) ;
#1656 = FACE_OUTER_BOUND ( 'NONE', #90, .T. ) ;
#1657 = DIRECTION ( 'NONE',  ( -3.754249404263564076E-31, -1.000000000000000000, 1.144067008482970965E-45 ) ) ;
#1658 = PERSON_AND_ORGANIZATION ( #576, #1118 ) ;
#1659 = DIRECTION ( 'NONE',  ( 0.0000000000000000000, 0.0000000000000000000, 1.000000000000000000 ) ) ;
#1660 = CARTESIAN_POINT ( 'NONE',  ( -2.440380010388862714E-26, -188.4999999999999432, -1.000000000000000000 ) ) ;
#1661 = DIRECTION ( 'NONE',  ( -0.0000000000000000000, -0.0000000000000000000, -1.000000000000000000 ) ) ;
#1662 = ORIENTED_EDGE ( 'NONE', *, *, #57, .F. ) ;
#1663 = AXIS2_PLACEMENT_3D ( 'NONE', #1846, #3034, #1103 ) ;
#1664 = FACE_OUTER_BOUND ( 'NONE', #2096, .T. ) ;
#1665 = DIRECTION ( 'NONE',  ( 0.0000000000000000000, 0.0000000000000000000, -1.000000000000000000 ) ) ;
#1666 = AXIS2_PLACEMENT_3D ( 'NONE', #2280, #1807, #1361 ) ;
#1667 = DIRECTION ( 'NONE',  ( -3.469446951953614682E-16, 1.000000000000000000, -0.0000000000000000000 ) ) ;
#1668 = PLANE ( 'NONE',  #2270 ) ;
#1669 = VECTOR ( 'NONE', #2286, 1000.000000000000000 ) ;
#1670 = CIRCLE ( 'NONE', #155, 1.500000000000001332 ) ;
#1671 = EDGE_CURVE ( 'NONE', #2959, #1614, #431, .T. ) ;
#1672 = CARTESIAN_POINT ( 'NONE',  ( 105.2221400861409251, 166.4999999999994884, 0.0000000000000000000 ) ) ;
#1673 = CALENDAR_DATE ( 2023, 18, 10 ) ;
#1674 = VECTOR ( 'NONE', #253, 1000.000000000000000 ) ;
#1675 = DIRECTION ( 'NONE',  ( 0.0000000000000000000, 0.0000000000000000000, -1.000000000000000000 ) ) ;
#1676 = VECTOR ( 'NONE', #481, 1000.000000000000000 ) ;
#1677 = CARTESIAN_POINT ( 'NONE',  ( -96.00000000000015632, -149.5000000000133014, 26.00000000000676792 ) ) ;
#1678 = VERTEX_POINT ( 'NONE', #2798 ) ;
#1679 = AXIS2_PLACEMENT_3D ( 'NONE', #2354, #1395, #1406 ) ;
#1680 = CC_DESIGN_PERSON_AND_ORGANIZATION_ASSIGNMENT ( #1575, #2522, ( #502 ) ) ;
#1681 = CARTESIAN_POINT ( 'NONE',  ( 105.2221400861376992, 86.49999999999953104, 0.0000000000000000000 ) ) ;
#1682 = VECTOR ( 'NONE', #984, 1000.000000000000000 ) ;
#1683 = CIRCLE ( 'NONE', #752, 3.749999999999989342 ) ;
#1684 = DIRECTION ( 'NONE',  ( -0.0000000000000000000, 1.000000000000000000, 2.168404344971006896E-16 ) ) ;
#1685 = CARTESIAN_POINT ( 'NONE',  ( 95.24999999999998579, -147.0000000000131877, 0.0000000000000000000 ) ) ;
#1686 = EDGE_CURVE ( 'NONE', #148, #300, #699, .T. ) ;
#1687 = CARTESIAN_POINT ( 'NONE',  ( -96.00000000000018474, -157.5000000000133014, 34.00000000000676437 ) ) ;
#1688 = APPROVAL_DATE_TIME ( #741, #2544 ) ;
#1689 = EDGE_CURVE ( 'NONE', #92, #2212, #63, .T. ) ;
#1690 = EDGE_CURVE ( 'NONE', #1153, #1151, #2863, .T. ) ;
#1691 = DIRECTION ( 'NONE',  ( 1.158896685412480835E-16, 1.000000000000000000, 4.020730572833479680E-31 ) ) ;
#1692 = CYLINDRICAL_SURFACE ( 'NONE', #2399, 2.250000000174959158 ) ;
#1693 = ORIENTED_EDGE ( 'NONE', *, *, #310, .T. ) ;
#1694 = ORIENTED_EDGE ( 'NONE', *, *, #2891, .F. ) ;
#1695 = CYLINDRICAL_SURFACE ( 'NONE', #899, 2.000000000000001776 ) ;
#1696 = CARTESIAN_POINT ( 'NONE',  ( 106.7221400861376992, 86.49999999999953104, -1.000000000000000000 ) ) ;
#1697 = CARTESIAN_POINT ( 'NONE',  ( -102.1778599138591943, 166.4999999999994884, 0.0000000000000000000 ) ) ;
#1698 = APPLICATION_CONTEXT ( 'configuration controlled 3d designs of mechanical parts and assemblies' ) ;
#1699 = CARTESIAN_POINT ( 'NONE',  ( 76.00000000000001421, 86.50000000000005684, 0.0000000000000000000 ) ) ;
#1700 = CARTESIAN_POINT ( 'NONE',  ( -28.24999999999997513, 193.5000000000000568, -1.000000000000000000 ) ) ;
#1701 = CARTESIAN_POINT ( 'NONE',  ( -28.24999999999997868, 213.5000000000000853, -1.000000000000000000 ) ) ;
#1702 = ORIENTED_EDGE ( 'NONE', *, *, #1403, .T. ) ;
#1703 = CARTESIAN_POINT ( 'NONE',  ( 101.2500000000000000, -198.4999999999999432, 0.0000000000000000000 ) ) ;
#1704 = ADVANCED_FACE ( 'NONE', ( #872 ), #907, .T. ) ;
#1705 = CARTESIAN_POINT ( 'NONE',  ( -113.0000000000000000, -185.4999999999999432, -7.415942859800850329E-14 ) ) ;
#1706 = CIRCLE ( 'NONE', #387, 1.500000000003109957 ) ;
#1707 = DIRECTION ( 'NONE',  ( -0.0000000000000000000, -0.0000000000000000000, 1.000000000000000000 ) ) ;
#1708 = EDGE_CURVE ( 'NONE', #1795, #148, #604, .T. ) ;
#1709 = FACE_OUTER_BOUND ( 'NONE', #1597, .T. ) ;
#1710 = CARTESIAN_POINT ( 'NONE',  ( 115.0000000000000284, 213.5000000000000568, 9.000000000000071054 ) ) ;
#1711 = LINE ( 'NONE', #2902, #1946 ) ;
#1712 = EDGE_CURVE ( 'NONE', #624, #1508, #2590, .T. ) ;
#1713 = LINE ( 'NONE', #724, #1676 ) ;
#1714 = VECTOR ( 'NONE', #2255, 1000.000000000000000 ) ;
#1715 = ORIENTED_EDGE ( 'NONE', *, *, #178, .T. ) ;
#1716 = LINE ( 'NONE', #1236, #2380 ) ;
#1717 = VECTOR ( 'NONE', #2059, 1000.000000000000000 ) ;
#1718 = EDGE_CURVE ( 'NONE', #2959, #596, #2073, .T. ) ;
#1719 = VECTOR ( 'NONE', #831, 1000.000000000000000 ) ;
#1720 = LINE ( 'NONE', #95, #2376 ) ;
#1721 = CARTESIAN_POINT ( 'NONE',  ( -95.00000000000018474, -157.5000000000133014, 34.00000000000676437 ) ) ;
#1722 = CIRCLE ( 'NONE', #1191, 2.250000000000001776 ) ;
#1723 = DIRECTION ( 'NONE',  ( -1.000000000000000000, 0.0000000000000000000, 0.0000000000000000000 ) ) ;
#1724 = LINE ( 'NONE', #1478, #1463 ) ;
#1725 = LINE ( 'NONE', #2180, #1253 ) ;
#1726 = DIRECTION ( 'NONE',  ( -0.0000000000000000000, -0.0000000000000000000, -1.000000000000000000 ) ) ;
#1727 = ORIENTED_EDGE ( 'NONE', *, *, #2897, .T. ) ;
#1728 = EDGE_LOOP ( 'NONE', ( #2471, #2332, #2800, #199, #418, #1786, #78, #2207, #1599, #688, #1757, #2995, #2716, #2848 ) ) ;
#1729 = ORIENTED_EDGE ( 'NONE', *, *, #1911, .F. ) ;
#1730 = EDGE_CURVE ( 'NONE', #1516, #232, #2077, .T. ) ;
#1731 = ORIENTED_EDGE ( 'NONE', *, *, #1802, .F. ) ;
#1732 = LINE ( 'NONE', #312, #2912 ) ;
#1733 = CARTESIAN_POINT ( 'NONE',  ( -32.50000000000000000, 169.5000000000000284, 0.0000000000000000000 ) ) ;
#1734 = CARTESIAN_POINT ( 'NONE',  ( -96.00000000000015632, -149.5000000000133014, 26.00000000000676792 ) ) ;
#1735 = LINE ( 'NONE', #2693, #652 ) ;
#1736 = CARTESIAN_POINT ( 'NONE',  ( -95.00000000000015632, 108.4999999999901945, 34.00000000000594014 ) ) ;
#1737 = DIRECTION ( 'NONE',  ( 1.000000000000000000, 0.0000000000000000000, -3.047392128993070739E-15 ) ) ;
#1738 = CARTESIAN_POINT ( 'NONE',  ( -113.0000000000000000, -185.4999999999999716, -7.415942859800850329E-14 ) ) ;
#1739 = ORIENTED_EDGE ( 'NONE', *, *, #1319, .T. ) ;
#1740 = VERTEX_POINT ( 'NONE', #1131 ) ;
#1741 = ORIENTED_EDGE ( 'NONE', *, *, #1802, .T. ) ;
#1742 = ORIENTED_EDGE ( 'NONE', *, *, #1540, .F. ) ;
#1743 = DIRECTION ( 'NONE',  ( 1.391256923089168520E-16, 1.000000000000000000, -0.0000000000000000000 ) ) ;
#1744 = DIRECTION ( 'NONE',  ( -0.0000000000000000000, -0.0000000000000000000, -1.000000000000000000 ) ) ;
#1745 = DIRECTION ( 'NONE',  ( 3.083952846180946696E-15, 0.0000000000000000000, 1.000000000000000000 ) ) ;
#1746 = EDGE_CURVE ( 'NONE', #2236, #1051, #785, .T. ) ;
#1747 = VERTEX_POINT ( 'NONE', #474 ) ;
#1748 = ADVANCED_FACE ( 'NONE', ( #2347 ), #2109, .T. ) ;
#1749 = CIRCLE ( 'NONE', #2443, 2.250000000000001776 ) ;
#1750 = DIRECTION ( 'NONE',  ( -0.0000000000000000000, -0.0000000000000000000, 1.000000000000000000 ) ) ;
#1751 = VECTOR ( 'NONE', #1790, 1000.000000000000000 ) ;
#1752 = EDGE_CURVE ( 'NONE', #93, #2436, #24, .T. ) ;
#1753 = DIRECTION ( 'NONE',  ( -1.000000000000000000, -0.0000000000000000000, -0.0000000000000000000 ) ) ;
#1754 = FACE_OUTER_BOUND ( 'NONE', #1065, .T. ) ;
#1755 = DIRECTION ( 'NONE',  ( 0.0000000000000000000, 0.0000000000000000000, -1.000000000000000000 ) ) ;
#1756 = CARTESIAN_POINT ( 'NONE',  ( -14.00000000000001421, 136.5000000000000568, 0.0000000000000000000 ) ) ;
#1757 = ORIENTED_EDGE ( 'NONE', *, *, #99, .T. ) ;
#1758 = VERTEX_POINT ( 'NONE', #2358 ) ;
#1759 = CIRCLE ( 'NONE', #97, 1.000000000000000888 ) ;
#1760 = VERTEX_POINT ( 'NONE', #1890 ) ;
#1761 = ORIENTED_EDGE ( 'NONE', *, *, #800, .T. ) ;
#1762 = EDGE_CURVE ( 'NONE', #1122, #2607, #1629, .T. ) ;
#1763 = VERTEX_POINT ( 'NONE', #2124 ) ;
#1764 = CARTESIAN_POINT ( 'NONE',  ( 95.24999999999995737, -138.0000000000131593, -1.000000000000000000 ) ) ;
#1765 = CC_DESIGN_PERSON_AND_ORGANIZATION_ASSIGNMENT ( #2006, #839, ( #1579 ) ) ;
#1766 = CIRCLE ( 'NONE', #1268, 3.750000000000003553 ) ;
#1767 = CARTESIAN_POINT ( 'NONE',  ( -113.0000000000000000, -185.4999999999999432, 0.9999999999999267253 ) ) ;
#1768 = CARTESIAN_POINT ( 'NONE',  ( 101.7499999998206022, -1.301194395286753291E-11, 0.0000000000000000000 ) ) ;
#1769 = AXIS2_PLACEMENT_3D ( 'NONE', #1330, #2281, #3044 ) ;
#1770 = ORIENTED_EDGE ( 'NONE', *, *, #227, .T. ) ;
#1771 = VECTOR ( 'NONE', #1301, 1000.000000000000000 ) ;
#1772 = EDGE_CURVE ( 'NONE', #1958, #2379, #708, .T. ) ;
#1773 = CARTESIAN_POINT ( 'NONE',  ( -96.00000000000012790, 108.4999999999901945, 26.00000000000594369 ) ) ;
#1774 = VECTOR ( 'NONE', #2325, 1000.000000000000000 ) ;
#1775 = CARTESIAN_POINT ( 'NONE',  ( -4.000000000000018652, 166.5000000000000568, -1.000000000000000000 ) ) ;
#1776 = COORDINATED_UNIVERSAL_TIME_OFFSET ( 8, 0, .AHEAD. ) ;
#1777 = DIRECTION ( 'NONE',  ( 0.0000000000000000000, 0.0000000000000000000, 1.000000000000000000 ) ) ;
#1778 = ORIENTED_EDGE ( 'NONE', *, *, #1337, .F. ) ;
#1779 = ORIENTED_EDGE ( 'NONE', *, *, #2881, .F. ) ;
#1780 = EDGE_CURVE ( 'NONE', #2244, #2486, #1825, .T. ) ;
#1781 = ORIENTED_EDGE ( 'NONE', *, *, #1689, .F. ) ;
#1782 = ORIENTED_EDGE ( 'NONE', *, *, #998, .T. ) ;
#1783 = LINE ( 'NONE', #2081, #2546 ) ;
#1784 = FACE_OUTER_BOUND ( 'NONE', #2964, .T. ) ;
#1785 = LINE ( 'NONE', #630, #551 ) ;
#1786 = ORIENTED_EDGE ( 'NONE', *, *, #1621, .T. ) ;
#1787 = EDGE_CURVE ( 'NONE', #2984, #2298, #2810, .T. ) ;
#1788 = LINE ( 'NONE', #750, #781 ) ;
#1789 = DIRECTION ( 'NONE',  ( 1.387778780781446464E-15, -1.000000000000000000, 0.0000000000000000000 ) ) ;
#1790 = DIRECTION ( 'NONE',  ( -1.000000000000000000, 0.0000000000000000000, -2.775557561562811834E-14 ) ) ;
#1791 = CARTESIAN_POINT ( 'NONE',  ( -97.00000000000007105, 213.5000000000000853, 19.00000000000011724 ) ) ;
#1792 = VERTEX_POINT ( 'NONE', #137 ) ;
#1793 = EDGE_LOOP ( 'NONE', ( #2525, #68, #2564, #1136 ) ) ;
#1794 = ORIENTED_EDGE ( 'NONE', *, *, #2947, .F. ) ;
#1795 = VERTEX_POINT ( 'NONE', #2572 ) ;
#1796 = CARTESIAN_POINT ( 'NONE',  ( 5.999999999999985789, 166.5000000000000568, 0.0000000000000000000 ) ) ;
#1797 = ORIENTED_EDGE ( 'NONE', *, *, #1939, .T. ) ;
#1798 = ADVANCED_FACE ( 'NONE', ( #930 ), #1173, .F. ) ;
#1799 = CARTESIAN_POINT ( 'NONE',  ( -95.00000000000014211, -185.4999999999999432, 19.00000000000008171 ) ) ;
#1800 = DIRECTION ( 'NONE',  ( -0.0000000000000000000, -0.0000000000000000000, -1.000000000000000000 ) ) ;
#1801 = EDGE_LOOP ( 'NONE', ( #1002, #1778, #2011, #2702 ) ) ;
#1802 = EDGE_CURVE ( 'NONE', #107, #2824, #237, .T. ) ;
#1803 = CARTESIAN_POINT ( 'NONE',  ( -96.00000000000012790, 108.4999999999901945, 26.00000000000594369 ) ) ;
#1804 = EDGE_CURVE ( 'NONE', #107, #1276, #2814, .T. ) ;
#1805 = CIRCLE ( 'NONE', #690, 2.250000000174959158 ) ;
#1806 = CARTESIAN_POINT ( 'NONE',  ( 0.0000000000000000000, 0.0000000000000000000, 0.0000000000000000000 ) ) ;
#1807 = DIRECTION ( 'NONE',  ( 0.0000000000000000000, 0.0000000000000000000, 1.000000000000000000 ) ) ;
#1808 = AXIS2_PLACEMENT_3D ( 'NONE', #2935, #821, #1755 ) ;
#1809 = DIRECTION ( 'NONE',  ( 1.000000000000000000, -0.0000000000000000000, -0.0000000000000000000 ) ) ;
#1810 = VERTEX_POINT ( 'NONE', #882 ) ;
#1811 = EDGE_LOOP ( 'NONE', ( #2942, #2858, #722, #2561 ) ) ;
#1812 = EDGE_CURVE ( 'NONE', #1295, #1795, #2343, .T. ) ;
#1813 = ORIENTED_EDGE ( 'NONE', *, *, #1887, .T. ) ;
#1814 = DIRECTION ( 'NONE',  ( 0.0000000000000000000, 0.0000000000000000000, -1.000000000000000000 ) ) ;
#1815 = ORIENTED_EDGE ( 'NONE', *, *, #1145, .F. ) ;
#1816 = VECTOR ( 'NONE', #1872, 1000.000000000000000 ) ;
#1817 = DIRECTION ( 'NONE',  ( 0.0000000000000000000, 0.0000000000000000000, -1.000000000000000000 ) ) ;
#1818 = CARTESIAN_POINT ( 'NONE',  ( -100.6778599138560537, 86.49999999999940314, 0.0000000000000000000 ) ) ;
#1819 = ORIENTED_EDGE ( 'NONE', *, *, #2226, .F. ) ;
#1820 = EDGE_CURVE ( 'NONE', #857, #596, #1838, .T. ) ;
#1821 = VECTOR ( 'NONE', #484, 1000.000000000000000 ) ;
#1822 = ADVANCED_BREP_SHAPE_REPRESENTATION ( '03-B1O1-galvaniz 1 mm', ( #1518, #2445 ), #2058 ) ;
#1823 = DIRECTION ( 'NONE',  ( 0.0000000000000000000, 0.0000000000000000000, 1.000000000000000000 ) ) ;
#1824 = CARTESIAN_POINT ( 'NONE',  ( 102.7500000000000000, -138.0000000000131593, -1.000000000000000000 ) ) ;
#1825 = CIRCLE ( 'NONE', #1269, 1.000000000000028644 ) ;
#1826 = CARTESIAN_POINT ( 'NONE',  ( -92.75000000000000000, -198.4999999999999432, 0.0000000000000000000 ) ) ;
#1827 = AXIS2_PLACEMENT_3D ( 'NONE', #1945, #2665, #594 ) ;
#1828 = LINE ( 'NONE', #1110, #1751 ) ;
#1829 = DIRECTION ( 'NONE',  ( 3.652049423109067235E-15, 0.0000000000000000000, -1.000000000000000000 ) ) ;
#1830 = ORIENTED_EDGE ( 'NONE', *, *, #196, .F. ) ;
#1831 = VERTEX_POINT ( 'NONE', #1107 ) ;
#1832 = AXIS2_PLACEMENT_3D ( 'NONE', #1836, #676, #3054 ) ;
#1833 = CARTESIAN_POINT ( 'NONE',  ( 66.00000000000001421, 76.50000000000007105, -1.000000000000000000 ) ) ;
#1834 = CARTESIAN_POINT ( 'NONE',  ( 105.2221400861409251, 166.4999999999994884, -1.000000000000000000 ) ) ;
#1835 = ORIENTED_EDGE ( 'NONE', *, *, #153, .F. ) ;
#1836 = CARTESIAN_POINT ( 'NONE',  ( 99.00000000000000000, -198.4999999999999432, 0.0000000000000000000 ) ) ;
#1837 = LINE ( 'NONE', #2779, #216 ) ;
#1838 = LINE ( 'NONE', #819, #2330 ) ;
#1839 = DIRECTION ( 'NONE',  ( -1.000000000000000000, 0.0000000000000000000, 0.0000000000000000000 ) ) ;
#1840 = DIRECTION ( 'NONE',  ( 1.000000000000000000, 0.0000000000000000000, 0.0000000000000000000 ) ) ;
#1841 = DIRECTION ( 'NONE',  ( 0.0000000000000000000, 0.0000000000000000000, -1.000000000000000000 ) ) ;
#1842 = DIRECTION ( 'NONE',  ( 0.0000000000000000000, 6.982962677686267499E-15, -1.000000000000000000 ) ) ;
#1843 = ORIENTED_EDGE ( 'NONE', *, *, #1780, .F. ) ;
#1844 = EDGE_CURVE ( 'NONE', #1051, #2994, #2054, .T. ) ;
#1845 = CARTESIAN_POINT ( 'NONE',  ( -73.99999999999998579, 126.5000000000000568, 0.0000000000000000000 ) ) ;
#1846 = CARTESIAN_POINT ( 'NONE',  ( 66.00000000000001421, 86.50000000000005684, 0.0000000000000000000 ) ) ;
#1847 = ORIENTED_EDGE ( 'NONE', *, *, #1746, .T. ) ;
#1848 = EDGE_CURVE ( 'NONE', #2563, #1507, #3005, .T. ) ;
#1849 = CARTESIAN_POINT ( 'NONE',  ( -114.0000000000000000, -185.4999999999999432, 0.9999999999999230615 ) ) ;
#1850 = LINE ( 'NONE', #1188, #2512 ) ;
#1851 = DIRECTION ( 'NONE',  ( 0.0000000000000000000, 0.0000000000000000000, -1.000000000000000000 ) ) ;
#1852 = EDGE_CURVE ( 'NONE', #232, #1310, #2461, .T. ) ;
#1853 = CARTESIAN_POINT ( 'NONE',  ( -90.50000000000000000, -198.4999999999999432, -1.000000000000000000 ) ) ;
#1854 = CARTESIAN_POINT ( 'NONE',  ( -90.50000000000000000, -198.4999999999999432, -1.000000000000000000 ) ) ;
#1855 = PLANE ( 'NONE',  #512 ) ;
#1856 = ORIENTED_EDGE ( 'NONE', *, *, #52, .F. ) ;
#1857 = CIRCLE ( 'NONE', #2496, 1.500000000003123724 ) ;
#1858 = ORIENTED_EDGE ( 'NONE', *, *, #2257, .F. ) ;
#1859 = ORIENTED_EDGE ( 'NONE', *, *, #598, .F. ) ;
#1860 = AXIS2_PLACEMENT_3D ( 'NONE', #2469, #362, #2204 ) ;
#1861 = PLANE ( 'NONE',  #1461 ) ;
#1862 = DIRECTION ( 'NONE',  ( 0.0000000000000000000, 0.0000000000000000000, -1.000000000000000000 ) ) ;
#1863 = ORIENTED_EDGE ( 'NONE', *, *, #1038, .T. ) ;
#1864 = VECTOR ( 'NONE', #2127, 1000.000000000000000 ) ;
#1865 = CARTESIAN_POINT ( 'NONE',  ( 115.0000000000000000, 213.5000000000000853, 0.9999999999999978906 ) ) ;
#1866 = LINE ( 'NONE', #279, #2327 ) ;
#1867 = ORIENTED_EDGE ( 'NONE', *, *, #800, .F. ) ;
#1868 = LINE ( 'NONE', #2467, #1471 ) ;
#1869 = CARTESIAN_POINT ( 'NONE',  ( 114.0000000000000000, 213.5000000000000568, -3.546545773108088854E-13 ) ) ;
#1870 = EDGE_CURVE ( 'NONE', #1014, #640, #666, .T. ) ;
#1871 = AXIS2_PLACEMENT_3D ( 'NONE', #2986, #201, #171 ) ;
#1872 = DIRECTION ( 'NONE',  ( 0.0000000000000000000, 1.000000000000000000, 0.0000000000000000000 ) ) ;
#1873 = DIRECTION ( 'NONE',  ( -0.0000000000000000000, -0.0000000000000000000, 1.000000000000000000 ) ) ;
#1874 = VECTOR ( 'NONE', #2932, 1000.000000000000000 ) ;
#1875 = EDGE_LOOP ( 'NONE', ( #875, #1529, #794, #1975 ) ) ;
#1876 = ORIENTED_EDGE ( 'NONE', *, *, #464, .F. ) ;
#1877 = VECTOR ( 'NONE', #1192, 1000.000000000000000 ) ;
#1878 = ORIENTED_EDGE ( 'NONE', *, *, #1437, .T. ) ;
#1879 = DIRECTION ( 'NONE',  ( 0.0000000000000000000, 1.000000000000000000, 0.0000000000000000000 ) ) ;
#1880 = EDGE_CURVE ( 'NONE', #2182, #2337, #2811, .T. ) ;
#1881 = ORIENTED_EDGE ( 'NONE', *, *, #1298, .F. ) ;
#1882 = AXIS2_PLACEMENT_3D ( 'NONE', #943, #2172, #747 ) ;
#1883 = FACE_BOUND ( 'NONE', #2685, .T. ) ;
#1884 = DIRECTION ( 'NONE',  ( 0.0000000000000000000, -1.000000000000000000, 0.0000000000000000000 ) ) ;
#1885 = DIRECTION ( 'NONE',  ( -1.000000000000000000, 0.0000000000000000000, -3.686287386450711920E-15 ) ) ;
#1886 = CARTESIAN_POINT ( 'NONE',  ( -68.24999999999997158, 193.5000000000000568, 0.0000000000000000000 ) ) ;
#1887 = EDGE_CURVE ( 'NONE', #233, #2824, #2545, .T. ) ;
#1888 = CARTESIAN_POINT ( 'NONE',  ( 115.0000000000000000, -185.4999999999999432, 0.9999999999999978906 ) ) ;
#1889 = PERSON_AND_ORGANIZATION_ROLE ( 'creator' ) ;
#1890 = CARTESIAN_POINT ( 'NONE',  ( 114.0000000000000000, -185.4999999999999432, 1.000000000000000888 ) ) ;
#1891 = DIRECTION ( 'NONE',  ( -0.0000000000000000000, -0.0000000000000000000, -1.000000000000000000 ) ) ;
#1892 = FACE_OUTER_BOUND ( 'NONE', #1074, .T. ) ;
#1893 = EDGE_LOOP ( 'NONE', ( #1296, #795 ) ) ;
#1894 = ORIENTED_EDGE ( 'NONE', *, *, #2642, .F. ) ;
#1895 = DIRECTION ( 'NONE',  ( -1.000000000000000000, 0.0000000000000000000, 0.0000000000000000000 ) ) ;
#1896 = DIRECTION ( 'NONE',  ( 0.0000000000000000000, 0.0000000000000000000, -1.000000000000000000 ) ) ;
#1897 = EDGE_CURVE ( 'NONE', #2686, #725, #2697, .T. ) ;
#1898 = DIRECTION ( 'NONE',  ( -0.0000000000000000000, -1.000000000000000000, -0.0000000000000000000 ) ) ;
#1899 = CARTESIAN_POINT ( 'NONE',  ( -96.00000000000012790, 116.4999999999901803, 26.00000000000594369 ) ) ;
#1900 = LINE ( 'NONE', #1913, #2806 ) ;
#1901 = APPROVAL ( #2817, '未指定' ) ;
#1902 = DIRECTION ( 'NONE',  ( -1.000000000000000000, 1.391256923089173450E-16, -3.630015036219546491E-15 ) ) ;
#1903 = FACE_OUTER_BOUND ( 'NONE', #561, .T. ) ;
#1904 = ORIENTED_EDGE ( 'NONE', *, *, #2511, .T. ) ;
#1905 = AXIS2_PLACEMENT_3D ( 'NONE', #2397, #977, #1649 ) ;
#1906 = FACE_BOUND ( 'NONE', #1944, .T. ) ;
#1907 = LINE ( 'NONE', #248, #2165 ) ;
#1908 = CARTESIAN_POINT ( 'NONE',  ( -73.99999999999998579, 126.5000000000000568, 0.0000000000000000000 ) ) ;
#1909 = ADVANCED_FACE ( 'NONE', ( #427 ), #3040, .T. ) ;
#1910 = DIRECTION ( 'NONE',  ( 3.652049423109067235E-15, 1.401298464324817071E-45, -1.000000000000000000 ) ) ;
#1911 = EDGE_CURVE ( 'NONE', #1810, #2182, #64, .T. ) ;
#1912 = AXIS2_PLACEMENT_3D ( 'NONE', #2900, #85, #1273 ) ;
#1913 = CARTESIAN_POINT ( 'NONE',  ( 115.0000000000000284, -185.4999999999999432, 9.000000000000119016 ) ) ;
#1914 = APPROVAL_DATE_TIME ( #1196, #1901 ) ;
#1915 = AXIS2_PLACEMENT_3D ( 'NONE', #2832, #238, #2614 ) ;
#1916 = DIRECTION ( 'NONE',  ( -0.0000000000000000000, -1.000000000000000000, -0.0000000000000000000 ) ) ;
#1917 = CIRCLE ( 'NONE', #2211, 2.000000000000029310 ) ;
#1918 = CARTESIAN_POINT ( 'NONE',  ( 105.2221400861409251, 166.4999999999994884, 0.0000000000000000000 ) ) ;
#1919 = ORIENTED_EDGE ( 'NONE', *, *, #1407, .T. ) ;
#1920 = VECTOR ( 'NONE', #2818, 1000.000000000000000 ) ;
#1921 = DIRECTION ( 'NONE',  ( -0.0000000000000000000, -0.0000000000000000000, -1.000000000000000000 ) ) ;
#1922 = VECTOR ( 'NONE', #3019, 1000.000000000000000 ) ;
#1923 = FACE_OUTER_BOUND ( 'NONE', #2400, .T. ) ;
#1924 = LINE ( 'NONE', #1869, #1020 ) ;
#1925 = DIRECTION ( 'NONE',  ( -0.0000000000000000000, -0.0000000000000000000, -1.000000000000000000 ) ) ;
#1926 = DIRECTION ( 'NONE',  ( 1.000000000000000000, -1.294631305246081475E-28, 0.0000000000000000000 ) ) ;
#1927 = DIRECTION ( 'NONE',  ( -0.0000000000000000000, -0.0000000000000000000, 1.000000000000000000 ) ) ;
#1928 = EDGE_LOOP ( 'NONE', ( #2351, #808, #897, #2082 ) ) ;
#1929 = EDGE_CURVE ( 'NONE', #1976, #1390, #1868, .T. ) ;
#1930 = LINE ( 'NONE', #2154, #2173 ) ;
#1931 = EDGE_CURVE ( 'NONE', #2114, #1976, #1640, .T. ) ;
#1932 = EDGE_LOOP ( 'NONE', ( #1414, #1172, #460, #1973 ) ) ;
#1933 = DIRECTION ( 'NONE',  ( 0.0000000000000000000, 1.000000000000000000, 0.0000000000000000000 ) ) ;
#1934 = CARTESIAN_POINT ( 'NONE',  ( -115.0000000000000711, 213.5000000000000568, 16.99999999999994671 ) ) ;
#1935 = EDGE_CURVE ( 'NONE', #1831, #92, #280, .T. ) ;
#1936 = FACE_OUTER_BOUND ( 'NONE', #2998, .T. ) ;
#1937 = CARTESIAN_POINT ( 'NONE',  ( 95.24999999999998579, -176.9999999999999432, -1.000000000000000000 ) ) ;
#1938 = CYLINDRICAL_SURFACE ( 'NONE', #1009, 1.500000000000001332 ) ;
#1939 = EDGE_CURVE ( 'NONE', #647, #1047, #2517, .T. ) ;
#1940 = ORIENTED_EDGE ( 'NONE', *, *, #918, .F. ) ;
#1941 = DIRECTION ( 'NONE',  ( -3.652049423109067235E-15, 8.758115402030106693E-47, 1.000000000000000000 ) ) ;
#1942 = ADVANCED_FACE ( 'NONE', ( #2417, #2135, #2369 ), #549, .F. ) ;
#1943 = AXIS2_PLACEMENT_3D ( 'NONE', #2113, #295, #1450 ) ;
#1944 = EDGE_LOOP ( 'NONE', ( #1015, #1531 ) ) ;
#1945 = CARTESIAN_POINT ( 'NONE',  ( 103.9999999999955236, 149.9999999999869544, 0.0000000000000000000 ) ) ;
#1946 = VECTOR ( 'NONE', #103, 1000.000000000000000 ) ;
#1947 = CARTESIAN_POINT ( 'NONE',  ( -96.00000000000012790, 116.4999999999901803, 26.00000000000594369 ) ) ;
#1948 = CARTESIAN_POINT ( 'NONE',  ( -96.00000000000012790, 116.4999999999901803, 26.00000000000594369 ) ) ;
#1949 = VECTOR ( 'NONE', #1926, 1000.000000000000000 ) ;
#1950 = EDGE_CURVE ( 'NONE', #348, #7, #1189, .T. ) ;
#1951 = VECTOR ( 'NONE', #1360, 1000.000000000000000 ) ;
#1952 = CARTESIAN_POINT ( 'NONE',  ( 103.7221400861378129, 166.4999999999994884, 0.0000000000000000000 ) ) ;
#1953 = PLANE ( 'NONE',  #972 ) ;
#1954 = DIRECTION ( 'NONE',  ( -0.0000000000000000000, -1.000000000000000000, -0.0000000000000000000 ) ) ;
#1955 = AXIS2_PLACEMENT_3D ( 'NONE', #2654, #1500, #1723 ) ;
#1956 = ORIENTED_EDGE ( 'NONE', *, *, #354, .F. ) ;
#1957 = ORIENTED_EDGE ( 'NONE', *, *, #469, .F. ) ;
#1958 = VERTEX_POINT ( 'NONE', #1696 ) ;
#1959 = VECTOR ( 'NONE', #114, 1000.000000000000000 ) ;
#1960 = ADVANCED_FACE ( 'NONE', ( #1472 ), #2639, .F. ) ;
#1961 = ORIENTED_EDGE ( 'NONE', *, *, #917, .F. ) ;
#1962 = CARTESIAN_POINT ( 'NONE',  ( -113.0000000000000853, 213.5000000000000568, 18.00000000000000711 ) ) ;
#1963 = VECTOR ( 'NONE', #1884, 1000.000000000000000 ) ;
#1964 = ORIENTED_EDGE ( 'NONE', *, *, #1671, .T. ) ;
#1965 = VECTOR ( 'NONE', #1753, 1000.000000000000000 ) ;
#1966 = DIRECTION ( 'NONE',  ( -0.0000000000000000000, -0.0000000000000000000, 1.000000000000000000 ) ) ;
#1967 = DIRECTION ( 'NONE',  ( 1.000000000000000000, 0.0000000000000000000, 0.0000000000000000000 ) ) ;
#1968 = VECTOR ( 'NONE', #735, 1000.000000000000000 ) ;
#1969 = DIRECTION ( 'NONE',  ( 0.0000000000000000000, 0.0000000000000000000, 1.000000000000000000 ) ) ;
#1970 = CARTESIAN_POINT ( 'NONE',  ( -102.1778599138591801, 86.49999999999940314, -1.000000000000000000 ) ) ;
#1971 = LINE ( 'NONE', #803, #540 ) ;
#1972 = LINE ( 'NONE', #1275, #983 ) ;
#1973 = ORIENTED_EDGE ( 'NONE', *, *, #695, .T. ) ;
#1974 = EDGE_LOOP ( 'NONE', ( #249, #703, #381, #1482, #2412, #1541, #1117, #2401, #2993, #1159, #2141, #1585 ) ) ;
#1975 = ORIENTED_EDGE ( 'NONE', *, *, #2214, .F. ) ;
#1976 = VERTEX_POINT ( 'NONE', #994 ) ;
#1977 = PLANE ( 'NONE',  #2359 ) ;
#1978 = CARTESIAN_POINT ( 'NONE',  ( -73.99999999999998579, 126.5000000000000568, 0.0000000000000000000 ) ) ;
#1979 = LINE ( 'NONE', #2218, #1959 ) ;
#1980 = ORIENTED_EDGE ( 'NONE', *, *, #1288, .T. ) ;
#1981 = EDGE_CURVE ( 'NONE', #2182, #1209, #526, .T. ) ;
#1982 = CARTESIAN_POINT ( 'NONE',  ( 98.99999999999998579, -167.9999999999999147, -1.000000000000000000 ) ) ;
#1983 = ORIENTED_EDGE ( 'NONE', *, *, #2634, .T. ) ;
#1984 = CARTESIAN_POINT ( 'NONE',  ( -103.6778599138623065, 166.4999999999994884, 0.0000000000000000000 ) ) ;
#1985 = PLANE ( 'NONE',  #1808 ) ;
#1986 = DIRECTION ( 'NONE',  ( -0.0000000000000000000, -0.0000000000000000000, -1.000000000000000000 ) ) ;
#1987 = ORIENTED_EDGE ( 'NONE', *, *, #2944, .T. ) ;
#1988 = ORIENTED_EDGE ( 'NONE', *, *, #2625, .F. ) ;
#1989 = EDGE_LOOP ( 'NONE', ( #2487, #1628, #1277, #532 ) ) ;
#1990 = ORIENTED_EDGE ( 'NONE', *, *, #1787, .F. ) ;
#1991 = ORIENTED_EDGE ( 'NONE', *, *, #641, .F. ) ;
#1992 = ORIENTED_EDGE ( 'NONE', *, *, #1820, .F. ) ;
#1993 = LINE ( 'NONE', #2911, #3028 ) ;
#1994 = ADVANCED_FACE ( 'NONE', ( #2384 ), #948, .T. ) ;
#1995 = DIRECTION ( 'NONE',  ( 1.000000000000000000, -1.158896685412480835E-16, 3.469446951953613794E-15 ) ) ;
#1996 = DIRECTION ( 'NONE',  ( 0.0000000000000000000, 0.0000000000000000000, 1.000000000000000000 ) ) ;
#1997 = ORIENTED_EDGE ( 'NONE', *, *, #395, .F. ) ;
#1998 = ORIENTED_EDGE ( 'NONE', *, *, #1752, .F. ) ;
#1999 = AXIS2_PLACEMENT_3D ( 'NONE', #2581, #275, #1198 ) ;
#2000 = CC_DESIGN_APPROVAL ( #1901, ( #2552 ) ) ;
#2001 = EDGE_CURVE ( 'NONE', #507, #2053, #535, .T. ) ;
#2002 = EDGE_CURVE ( 'NONE', #1429, #1451, #1420, .T. ) ;
#2003 = DIRECTION ( 'NONE',  ( -1.000000000000000000, 0.0000000000000000000, 0.0000000000000000000 ) ) ;
#2004 = VECTOR ( 'NONE', #2149, 1000.000000000000000 ) ;
#2005 = FACE_OUTER_BOUND ( 'NONE', #2759, .T. ) ;
#2006 = PERSON_AND_ORGANIZATION ( #576, #1118 ) ;
#2007 = LINE ( 'NONE', #378, #2273 ) ;
#2008 = ORIENTED_EDGE ( 'NONE', *, *, #2164, .T. ) ;
#2009 = ORIENTED_EDGE ( 'NONE', *, *, #2455, .F. ) ;
#2010 = VERTEX_POINT ( 'NONE', #269 ) ;
#2011 = ORIENTED_EDGE ( 'NONE', *, *, #1235, .F. ) ;
#2012 = EDGE_LOOP ( 'NONE', ( #91, #1376, #1559, #2231 ) ) ;
#2013 = VERTEX_POINT ( 'NONE', #2159 ) ;
#2014 = CIRCLE ( 'NONE', #1075, 2.500000000000009326 ) ;
#2015 = LINE ( 'NONE', #1036, #1456 ) ;
#2016 = EDGE_CURVE ( 'NONE', #404, #2980, #42, .T. ) ;
#2017 = VECTOR ( 'NONE', #1473, 1000.000000000000000 ) ;
#2018 = DIRECTION ( 'NONE',  ( 1.000000000000000000, 0.0000000000000000000, -3.035766082959409654E-15 ) ) ;
#2019 = DIRECTION ( 'NONE',  ( 1.000000000000000000, 0.0000000000000000000, 0.0000000000000000000 ) ) ;
#2020 = VECTOR ( 'NONE', #2296, 1000.000000000000000 ) ;
#2021 = ORIENTED_EDGE ( 'NONE', *, *, #579, .F. ) ;
#2022 = VECTOR ( 'NONE', #737, 1000.000000000000000 ) ;
#2023 = DIRECTION ( 'NONE',  ( -0.0000000000000000000, -0.0000000000000000000, -1.000000000000000000 ) ) ;
#2024 = AXIS2_PLACEMENT_3D ( 'NONE', #2926, #1052, #324 ) ;
#2025 = DIRECTION ( 'NONE',  ( -1.000000000000000000, 0.0000000000000000000, -7.121496375062679846E-15 ) ) ;
#2026 = DIRECTION ( 'NONE',  ( -1.000000000000000000, 0.0000000000000000000, 0.0000000000000000000 ) ) ;
#2027 = ORIENTED_EDGE ( 'NONE', *, *, #2267, .T. ) ;
#2028 = ORIENTED_EDGE ( 'NONE', *, *, #1511, .T. ) ;
#2029 = ADVANCED_FACE ( 'NONE', ( #2176 ), #2613, .F. ) ;
#2030 = ORIENTED_EDGE ( 'NONE', *, *, #1804, .F. ) ;
#2031 = VERTEX_POINT ( 'NONE', #2855 ) ;
#2032 = ORIENTED_EDGE ( 'NONE', *, *, #2034, .T. ) ;
#2033 = LINE ( 'NONE', #1336, #3058 ) ;
#2034 = EDGE_CURVE ( 'NONE', #2486, #624, #749, .T. ) ;
#2035 = EDGE_LOOP ( 'NONE', ( #1056, #793, #618, #160 ) ) ;
#2036 = CARTESIAN_POINT ( 'NONE',  ( 103.7221400861378129, 166.4999999999994884, -1.000000000000000000 ) ) ;
#2037 = CARTESIAN_POINT ( 'NONE',  ( -100.6778599138560821, 166.4999999999994884, -1.000000000000000000 ) ) ;
#2038 = ADVANCED_FACE ( 'NONE', ( #1923 ), #1655, .F. ) ;
#2039 = EDGE_LOOP ( 'NONE', ( #2578, #1246 ) ) ;
#2040 = DIRECTION ( 'NONE',  ( 1.000000000000000000, -1.158896685412480835E-16, 3.469446951953613794E-15 ) ) ;
#2041 = ADVANCED_FACE ( 'NONE', ( #760 ), #495, .F. ) ;
#2042 = CARTESIAN_POINT ( 'NONE',  ( -68.25000000000000000, 213.5000000000000568, -1.000000000000000000 ) ) ;
#2043 = FACE_OUTER_BOUND ( 'NONE', #2727, .T. ) ;
#2044 = DIRECTION ( 'NONE',  ( -0.0000000000000000000, -0.0000000000000000000, 1.000000000000000000 ) ) ;
#2045 = EDGE_LOOP ( 'NONE', ( #2285, #2253, #2608, #810 ) ) ;
#2046 = ORIENTED_EDGE ( 'NONE', *, *, #1348, .T. ) ;
#2047 = EDGE_CURVE ( 'NONE', #1133, #195, #769, .T. ) ;
#2048 = DIRECTION ( 'NONE',  ( -1.000000000000000000, 0.0000000000000000000, 0.0000000000000000000 ) ) ;
#2049 = DIRECTION ( 'NONE',  ( -1.000000000000000000, 0.0000000000000000000, 0.0000000000000000000 ) ) ;
#2050 = ORIENTED_EDGE ( 'NONE', *, *, #370, .F. ) ;
#2051 = LINE ( 'NONE', #2568, #1922 ) ;
#2052 = CARTESIAN_POINT ( 'NONE',  ( -102.1778599138591943, 166.4999999999994884, 0.0000000000000000000 ) ) ;
#2053 = VERTEX_POINT ( 'NONE', #1978 ) ;
#2054 = LINE ( 'NONE', #1620, #2764 ) ;
#2055 = CARTESIAN_POINT ( 'NONE',  ( -96.00000000000015632, 108.4999999999901945, 34.00000000000594014 ) ) ;
#2056 = CIRCLE ( 'NONE', #1943, 2.500000000000009326 ) ;
#2057 = FACE_BOUND ( 'NONE', #1114, .T. ) ;
#2058 =( GEOMETRIC_REPRESENTATION_CONTEXT ( 3 ) GLOBAL_UNCERTAINTY_ASSIGNED_CONTEXT ( ( #2843 ) ) GLOBAL_UNIT_ASSIGNED_CONTEXT ( ( #2501, #682, #175 ) ) REPRESENTATION_CONTEXT ( 'NONE', 'WORKASPACE' ) );
#2059 = DIRECTION ( 'NONE',  ( -0.0000000000000000000, 1.000000000000000000, 1.304303365396085580E-16 ) ) ;
#2060 = VERTEX_POINT ( 'NONE', #1549 ) ;
#2061 = FACE_OUTER_BOUND ( 'NONE', #611, .T. ) ;
#2062 = LINE ( 'NONE', #2776, #443 ) ;
#2063 = EDGE_LOOP ( 'NONE', ( #2623, #1770 ) ) ;
#2064 = ORIENTED_EDGE ( 'NONE', *, *, #89, .T. ) ;
#2065 = VECTOR ( 'NONE', #2656, 1000.000000000000000 ) ;
#2066 = CARTESIAN_POINT ( 'NONE',  ( 102.7499999999999716, -176.9999999999999432, -1.000000000000000000 ) ) ;
#2067 = CARTESIAN_POINT ( 'NONE',  ( -95.00000000000015632, -149.5000000000133014, 26.00000000000677147 ) ) ;
#2068 = VECTOR ( 'NONE', #2355, 1000.000000000000000 ) ;
#2069 = AXIS2_PLACEMENT_3D ( 'NONE', #1375, #2969, #2019 ) ;
#2070 = DIRECTION ( 'NONE',  ( -0.0000000000000000000, 0.0000000000000000000, -1.000000000000000000 ) ) ;
#2071 = CARTESIAN_POINT ( 'NONE',  ( 103.9999999999955662, -1.301194395286753291E-11, 0.0000000000000000000 ) ) ;
#2072 = ADVANCED_FACE ( 'NONE', ( #356 ), #81, .F. ) ;
#2073 = CIRCLE ( 'NONE', #2167, 2.000000000000029310 ) ;
#2074 = CARTESIAN_POINT ( 'NONE',  ( -68.25000000000000000, 213.5000000000000568, -1.000000000000000000 ) ) ;
#2075 = AXIS2_PLACEMENT_3D ( 'NONE', #1004, #1744, #1486 ) ;
#2076 = DIRECTION ( 'NONE',  ( -3.469446951953613794E-15, 0.0000000000000000000, 1.000000000000000000 ) ) ;
#2077 = LINE ( 'NONE', #209, #2125 ) ;
#2078 = EDGE_LOOP ( 'NONE', ( #1813, #1731, #289, #2922 ) ) ;
#2079 = CIRCLE ( 'NONE', #273, 1.500000000003109957 ) ;
#2080 = EDGE_LOOP ( 'NONE', ( #1064, #1034, #719, #2982 ) ) ;
#2081 = CARTESIAN_POINT ( 'NONE',  ( -96.00000000000007105, -185.4999999999999432, -3.540661915704243717E-13 ) ) ;
#2082 = ORIENTED_EDGE ( 'NONE', *, *, #1477, .F. ) ;
#2083 = VERTEX_POINT ( 'NONE', #1071 ) ;
#2084 = ORIENTED_EDGE ( 'NONE', *, *, #1950, .T. ) ;
#2085 = VERTEX_POINT ( 'NONE', #2493 ) ;
#2086 = EDGE_CURVE ( 'NONE', #2298, #2984, #109, .T. ) ;
#2087 = CARTESIAN_POINT ( 'NONE',  ( -102.1778599138591943, 166.4999999999994884, 0.0000000000000000000 ) ) ;
#2088 = DIRECTION ( 'NONE',  ( 0.0000000000000000000, -1.000000000000000000, -1.304303365396085580E-16 ) ) ;
#2089 = CARTESIAN_POINT ( 'NONE',  ( 66.00000000000001421, 176.5000000000000853, -1.000000000000000000 ) ) ;
#2090 = FACE_OUTER_BOUND ( 'NONE', #2312, .T. ) ;
#2091 = ADVANCED_FACE ( 'NONE', ( #1784 ), #372, .F. ) ;
#2092 = DIRECTION ( 'NONE',  ( 0.0000000000000000000, 0.0000000000000000000, -1.000000000000000000 ) ) ;
#2093 = COORDINATED_UNIVERSAL_TIME_OFFSET ( 8, 0, .AHEAD. ) ;
#2094 = DIRECTION ( 'NONE',  ( 0.0000000000000000000, 0.0000000000000000000, 1.000000000000000000 ) ) ;
#2095 = EDGE_CURVE ( 'NONE', #1763, #300, #325, .T. ) ;
#2096 = EDGE_LOOP ( 'NONE', ( #2064, #1961, #2867, #1561 ) ) ;
#2097 = PLANE ( 'NONE',  #1563 ) ;
#2098 = DIRECTION ( 'NONE',  ( -1.000000000000000000, 0.0000000000000000000, 0.0000000000000000000 ) ) ;
#2099 = ORIENTED_EDGE ( 'NONE', *, *, #2235, .T. ) ;
#2100 = ORIENTED_EDGE ( 'NONE', *, *, #370, .T. ) ;
#2101 = CARTESIAN_POINT ( 'NONE',  ( -28.24999999999997868, 213.5000000000000853, -1.000000000000000000 ) ) ;
#2102 = CARTESIAN_POINT ( 'NONE',  ( -115.0000000000000711, -185.4999999999999432, 18.99999999999994671 ) ) ;
#2103 = EDGE_CURVE ( 'NONE', #1051, #2112, #2730, .T. ) ;
#2104 = CARTESIAN_POINT ( 'NONE',  ( -96.00000000000015632, 108.4999999999901945, 34.00000000000594014 ) ) ;
#2105 = LINE ( 'NONE', #2601, #2068 ) ;
#2106 = EDGE_CURVE ( 'NONE', #1151, #285, #2477, .T. ) ;
#2107 = CYLINDRICAL_SURFACE ( 'NONE', #1263, 1.500000000003123724 ) ;
#2108 = APPROVAL_ROLE ( '' ) ;
#2109 = CYLINDRICAL_SURFACE ( 'NONE', #2619, 1.999999999999974021 ) ;
#2110 = AXIS2_PLACEMENT_3D ( 'NONE', #2847, #743, #790 ) ;
#2111 = VERTEX_POINT ( 'NONE', #1513 ) ;
#2112 = VERTEX_POINT ( 'NONE', #150 ) ;
#2113 = CARTESIAN_POINT ( 'NONE',  ( -32.50000000000000000, 169.5000000000000284, -1.000000000000000000 ) ) ;
#2114 = VERTEX_POINT ( 'NONE', #1283 ) ;
#2115 = FACE_OUTER_BOUND ( 'NONE', #2740, .T. ) ;
#2116 = DIRECTION ( 'NONE',  ( 0.0000000000000000000, -1.000000000000000000, 0.0000000000000000000 ) ) ;
#2117 = EDGE_CURVE ( 'NONE', #2822, #2316, #782, .T. ) ;
#2118 = AXIS2_PLACEMENT_3D ( 'NONE', #1970, #1060, #2698 ) ;
#2119 = DIRECTION ( 'NONE',  ( -3.652049423109067235E-15, 0.0000000000000000000, 1.000000000000000000 ) ) ;
#2120 = FACE_OUTER_BOUND ( 'NONE', #1932, .T. ) ;
#2121 = VECTOR ( 'NONE', #2185, 1000.000000000000000 ) ;
#2122 = DIRECTION ( 'NONE',  ( -0.0000000000000000000, -0.0000000000000000000, 1.000000000000000000 ) ) ;
#2123 = PERSON_AND_ORGANIZATION ( #576, #1118 ) ;
#2124 = CARTESIAN_POINT ( 'NONE',  ( -4.000000000000018652, 166.5000000000000568, 0.0000000000000000000 ) ) ;
#2125 = VECTOR ( 'NONE', #1809, 1000.000000000000000 ) ;
#2126 = VECTOR ( 'NONE', #1202, 1000.000000000000000 ) ;
#2127 = DIRECTION ( 'NONE',  ( -0.0000000000000000000, -0.0000000000000000000, -1.000000000000000000 ) ) ;
#2128 = CARTESIAN_POINT ( 'NONE',  ( 113.0000000000000000, -188.4999999999999432, -1.000000000000000000 ) ) ;
#2129 = ADVANCED_FACE ( 'NONE', ( #2197 ), #577, .F. ) ;
#2130 = ORIENTED_EDGE ( 'NONE', *, *, #1631, .F. ) ;
#2131 = CIRCLE ( 'NONE', #1832, 2.250000000000001776 ) ;
#2132 = EDGE_LOOP ( 'NONE', ( #2338, #1568, #1102, #3045 ) ) ;
#2133 = FACE_BOUND ( 'NONE', #780, .T. ) ;
#2134 = CARTESIAN_POINT ( 'NONE',  ( -63.99999999999998579, 136.5000000000000568, -1.000000000000000000 ) ) ;
#2135 = FACE_BOUND ( 'NONE', #2045, .T. ) ;
#2136 = EDGE_CURVE ( 'NONE', #1792, #374, #2968, .T. ) ;
#2137 = DIRECTION ( 'NONE',  ( 1.158896685412480835E-16, 1.000000000000000000, 4.020730572833479680E-31 ) ) ;
#2138 = DIRECTION ( 'NONE',  ( -0.0000000000000000000, -1.000000000000000000, -0.0000000000000000000 ) ) ;
#2139 = FACE_OUTER_BOUND ( 'NONE', #868, .T. ) ;
#2140 = LINE ( 'NONE', #1402, #2747 ) ;
#2141 = ORIENTED_EDGE ( 'NONE', *, *, #619, .F. ) ;
#2142 = EDGE_CURVE ( 'NONE', #2516, #1451, #1271, .T. ) ;
#2143 = EDGE_CURVE ( 'NONE', #2939, #2111, #848, .T. ) ;
#2144 = CARTESIAN_POINT ( 'NONE',  ( -68.25000000000000000, 213.5000000000000568, -1.000000000000000000 ) ) ;
#2145 = CARTESIAN_POINT ( 'NONE',  ( -115.0000000000000000, -188.4999999999999432, -3.707971429900425164E-14 ) ) ;
#2146 = CARTESIAN_POINT ( 'NONE',  ( -62.50000000000000000, 169.5000000000000284, 0.0000000000000000000 ) ) ;
#2147 = FACE_OUTER_BOUND ( 'NONE', #1087, .T. ) ;
#2148 = DIRECTION ( 'NONE',  ( -0.0000000000000000000, -0.0000000000000000000, -1.000000000000000000 ) ) ;
#2149 = DIRECTION ( 'NONE',  ( -1.734723475976805615E-16, 1.000000000000000000, -0.0000000000000000000 ) ) ;
#2150 = DIRECTION ( 'NONE',  ( 1.000000000000000000, 0.0000000000000000000, 3.469446951953707274E-15 ) ) ;
#2151 = AXIS2_PLACEMENT_3D ( 'NONE', #2963, #546, #422 ) ;
#2152 = VERTEX_POINT ( 'NONE', #1021 ) ;
#2153 = CIRCLE ( 'NONE', #2886, 2.250000000231233699 ) ;
#2154 = CARTESIAN_POINT ( 'NONE',  ( -95.00000000000018474, -149.5000000000133014, 34.00000000000676437 ) ) ;
#2155 = ORIENTED_EDGE ( 'NONE', *, *, #3023, .F. ) ;
#2156 = LOCAL_TIME ( 17, 39, 45.00000000000000000, #1776 ) ;
#2157 = ORIENTED_EDGE ( 'NONE', *, *, #1397, .F. ) ;
#2158 = AXIS2_PLACEMENT_3D ( 'NONE', #2996, #923, #2334 ) ;
#2159 = CARTESIAN_POINT ( 'NONE',  ( -100.6778599138560821, 166.4999999999994884, 0.0000000000000000000 ) ) ;
#2160 = CARTESIAN_POINT ( 'NONE',  ( -4.000000000000015987, 146.5000000000000853, 0.0000000000000000000 ) ) ;
#2161 = AXIS2_PLACEMENT_3D ( 'NONE', #305, #2, #2589 ) ;
#2162 = VECTOR ( 'NONE', #1147, 1000.000000000000000 ) ;
#2163 = FACE_OUTER_BOUND ( 'NONE', #2132, .T. ) ;
#2164 = EDGE_CURVE ( 'NONE', #570, #1740, #1720, .T. ) ;
#2165 = VECTOR ( 'NONE', #1171, 1000.000000000000000 ) ;
#2166 = CYLINDRICAL_SURFACE ( 'NONE', #2448, 2.000000000000029310 ) ;
#2167 = AXIS2_PLACEMENT_3D ( 'NONE', #2992, #1362, #1163 ) ;
#2168 = DIRECTION ( 'NONE',  ( -1.000000000000000000, 0.0000000000000000000, 3.491481338843133355E-15 ) ) ;
#2169 = ADVANCED_FACE ( 'NONE', ( #1250 ), #562, .F. ) ;
#2170 = ORIENTED_EDGE ( 'NONE', *, *, #89, .F. ) ;
#2171 = VECTOR ( 'NONE', #1160, 1000.000000000000000 ) ;
#2172 = DIRECTION ( 'NONE',  ( 0.0000000000000000000, 0.0000000000000000000, -1.000000000000000000 ) ) ;
#2173 = VECTOR ( 'NONE', #54, 1000.000000000000000 ) ;
#2174 = EDGE_CURVE ( 'NONE', #1810, #2236, #2677, .T. ) ;
#2175 = ORIENTED_EDGE ( 'NONE', *, *, #762, .F. ) ;
#2176 = FACE_OUTER_BOUND ( 'NONE', #2987, .T. ) ;
#2177 = CARTESIAN_POINT ( 'NONE',  ( 95.24999999999998579, -167.9999999999999147, -0.0000000000000000000 ) ) ;
#2178 = DIRECTION ( 'NONE',  ( -0.0000000000000000000, -1.000000000000000000, -0.0000000000000000000 ) ) ;
#2179 = CARTESIAN_POINT ( 'NONE',  ( -100.6778599138560821, 166.4999999999994884, 0.0000000000000000000 ) ) ;
#2180 = CARTESIAN_POINT ( 'NONE',  ( 115.0000000000000284, 213.5000000000000853, 9.000000000000071054 ) ) ;
#2181 = ORIENTED_EDGE ( 'NONE', *, *, #1548, .T. ) ;
#2182 = VERTEX_POINT ( 'NONE', #2927 ) ;
#2183 = FACE_OUTER_BOUND ( 'NONE', #1084, .T. ) ;
#2184 = DIRECTION ( 'NONE',  ( -0.0000000000000000000, -0.0000000000000000000, -1.000000000000000000 ) ) ;
#2185 = DIRECTION ( 'NONE',  ( 1.000000000000000000, 0.0000000000000000000, 0.0000000000000000000 ) ) ;
#2186 = EDGE_CURVE ( 'NONE', #575, #3036, #1053, .T. ) ;
#2187 = DIRECTION ( 'NONE',  ( -1.587793451051313926E-31, 1.000000000000000000, 1.739071153861452946E-16 ) ) ;
#2188 = EDGE_CURVE ( 'NONE', #1747, #195, #515, .T. ) ;
#2189 = FACE_OUTER_BOUND ( 'NONE', #2929, .T. ) ;
#2190 = DIRECTION ( 'NONE',  ( -1.000000000000000000, 0.0000000000000000000, 0.0000000000000000000 ) ) ;
#2191 = DIRECTION ( 'NONE',  ( 0.0000000000000000000, 0.0000000000000000000, -1.000000000000000000 ) ) ;
#2192 = ORIENTED_EDGE ( 'NONE', *, *, #134, .F. ) ;
#2193 = ORIENTED_EDGE ( 'NONE', *, *, #1820, .T. ) ;
#2194 = ORIENTED_EDGE ( 'NONE', *, *, #1073, .T. ) ;
#2195 = LINE ( 'NONE', #2440, #2966 ) ;
#2196 = AXIS2_PLACEMENT_3D ( 'NONE', #3048, #2837, #2594 ) ;
#2197 = FACE_OUTER_BOUND ( 'NONE', #2508, .T. ) ;
#2198 = AXIS2_PLACEMENT_3D ( 'NONE', #2535, #1097, #1130 ) ;
#2199 = CARTESIAN_POINT ( 'NONE',  ( -113.0000000000000711, 213.5000000000000568, 16.99999999999997868 ) ) ;
#2200 = CARTESIAN_POINT ( 'NONE',  ( 95.25000000000000000, -176.9999999999999432, 0.0000000000000000000 ) ) ;
#2201 = VECTOR ( 'NONE', #2122, 1000.000000000000000 ) ;
#2202 = ADVANCED_FACE ( 'NONE', ( #1157 ), #1120, .F. ) ;
#2203 = CARTESIAN_POINT ( 'NONE',  ( 106.2500000001705303, -1.301166840733770345E-11, -1.000000000000000000 ) ) ;
#2204 = DIRECTION ( 'NONE',  ( -1.000000000000000000, 0.0000000000000000000, 0.0000000000000000000 ) ) ;
#2205 = CYLINDRICAL_SURFACE ( 'NONE', #2460, 1.500000000003109957 ) ;
#2206 = AXIS2_PLACEMENT_3D ( 'NONE', #1254, #997, #84 ) ;
#2207 = ORIENTED_EDGE ( 'NONE', *, *, #1221, .F. ) ;
#2208 = VERTEX_POINT ( 'NONE', #1849 ) ;
#2209 = ORIENTED_EDGE ( 'NONE', *, *, #2441, .T. ) ;
#2210 = VERTEX_POINT ( 'NONE', #2513 ) ;
#2211 = AXIS2_PLACEMENT_3D ( 'NONE', #2199, #2651, #357 ) ;
#2212 = VERTEX_POINT ( 'NONE', #2066 ) ;
#2213 = LINE ( 'NONE', #369, #1058 ) ;
#2214 = EDGE_CURVE ( 'NONE', #911, #404, #2620, .T. ) ;
#2215 = VECTOR ( 'NONE', #397, 1000.000000000000000 ) ;
#2216 = AXIS2_PLACEMENT_3D ( 'NONE', #1767, #1566, #1817 ) ;
#2217 = DIRECTION ( 'NONE',  ( 3.469446951953615767E-15, 0.0000000000000000000, -1.000000000000000000 ) ) ;
#2218 = CARTESIAN_POINT ( 'NONE',  ( -113.0000000000000000, -188.4999999999999432, -7.415942859800850329E-14 ) ) ;
#2219 = ORIENTED_EDGE ( 'NONE', *, *, #1419, .T. ) ;
#2220 = AXIS2_PLACEMENT_3D ( 'NONE', #2626, #1444, #1416 ) ;
#2221 = ADVANCED_FACE ( 'NONE', ( #927 ), #2320, .F. ) ;
#2222 = CARTESIAN_POINT ( 'NONE',  ( -97.00000000000002842, 213.5000000000000853, 18.00000000000011724 ) ) ;
#2223 = DIRECTION ( 'NONE',  ( 0.0000000000000000000, 1.000000000000000000, 0.0000000000000000000 ) ) ;
#2224 = CARTESIAN_POINT ( 'NONE',  ( -95.00000000000015632, 108.4999999999901945, 34.00000000000594014 ) ) ;
#2225 = LINE ( 'NONE', #1738, #164 ) ;
#2226 = EDGE_CURVE ( 'NONE', #2486, #1614, #2051, .T. ) ;
#2227 = ORIENTED_EDGE ( 'NONE', *, *, #2881, .T. ) ;
#2228 = ORIENTED_EDGE ( 'NONE', *, *, #734, .F. ) ;
#2229 = ORIENTED_EDGE ( 'NONE', *, *, #2292, .F. ) ;
#2230 = ORIENTED_EDGE ( 'NONE', *, *, #1252, .T. ) ;
#2231 = ORIENTED_EDGE ( 'NONE', *, *, #1144, .T. ) ;
#2232 = ORIENTED_EDGE ( 'NONE', *, *, #1772, .T. ) ;
#2233 = CYLINDRICAL_SURFACE ( 'NONE', #1415, 2.500000000000009326 ) ;
#2234 = EDGE_CURVE ( 'NONE', #462, #177, #691, .T. ) ;
#2235 = EDGE_CURVE ( 'NONE', #1349, #3050, #2289, .T. ) ;
#2236 = VERTEX_POINT ( 'NONE', #1865 ) ;
#2237 = DIRECTION ( 'NONE',  ( 3.652049423109067235E-15, 1.401298464324817071E-45, -1.000000000000000000 ) ) ;
#2238 = FACE_OUTER_BOUND ( 'NONE', #2742, .T. ) ;
#2239 = CARTESIAN_POINT ( 'NONE',  ( -102.1778599138591943, 166.4999999999994884, -1.000000000000000000 ) ) ;
#2240 = DIRECTION ( 'NONE',  ( 0.0000000000000000000, 0.0000000000000000000, -1.000000000000000000 ) ) ;
#2241 = PLANE ( 'NONE',  #2504 ) ;
#2242 = DATE_AND_TIME ( #1291, #1373 ) ;
#2243 = CARTESIAN_POINT ( 'NONE',  ( -95.00000000000015632, -149.5000000000133014, 26.00000000000676792 ) ) ;
#2244 = VERTEX_POINT ( 'NONE', #2529 ) ;
#2245 = ORIENTED_EDGE ( 'NONE', *, *, #1484, .F. ) ;
#2246 = ORIENTED_EDGE ( 'NONE', *, *, #2600, .F. ) ;
#2247 = ORIENTED_EDGE ( 'NONE', *, *, #1712, .T. ) ;
#2248 = VERTEX_POINT ( 'NONE', #1374 ) ;
#2249 = ORIENTED_EDGE ( 'NONE', *, *, #2767, .T. ) ;
#2250 = DIRECTION ( 'NONE',  ( -0.0000000000000000000, -0.0000000000000000000, 1.000000000000000000 ) ) ;
#2251 = CARTESIAN_POINT ( 'NONE',  ( -9.989859691650316181E-28, -188.4999999999999432, -1.000000000000000000 ) ) ;
#2252 = CARTESIAN_POINT ( 'NONE',  ( -96.00000000000015632, -149.5000000000133014, 26.00000000000676792 ) ) ;
#2253 = ORIENTED_EDGE ( 'NONE', *, *, #914, .F. ) ;
#2254 = CIRCLE ( 'NONE', #1905, 0.9999999999999731326 ) ;
#2255 = DIRECTION ( 'NONE',  ( 0.0000000000000000000, -1.000000000000000000, 0.0000000000000000000 ) ) ;
#2256 = VECTOR ( 'NONE', #1902, 1000.000000000000000 ) ;
#2257 = EDGE_CURVE ( 'NONE', #124, #2994, #645, .T. ) ;
#2258 = CARTESIAN_POINT ( 'NONE',  ( -113.0000000000000000, -185.4999999999999716, -1.000000000000074163 ) ) ;
#2259 = APPLICATION_PROTOCOL_DEFINITION ( 'international standard', 'config_control_design', 1994, #2421 ) ;
#2260 = CARTESIAN_POINT ( 'NONE',  ( -73.99999999999998579, 126.5000000000000568, 0.0000000000000000000 ) ) ;
#2261 = VERTEX_POINT ( 'NONE', #170 ) ;
#2262 = ORIENTED_EDGE ( 'NONE', *, *, #2852, .F. ) ;
#2263 = ORIENTED_EDGE ( 'NONE', *, *, #2780, .F. ) ;
#2264 = AXIS2_PLACEMENT_3D ( 'NONE', #225, #1148, #1129 ) ;
#2265 = ORIENTED_EDGE ( 'NONE', *, *, #2767, .F. ) ;
#2266 = ORIENTED_EDGE ( 'NONE', *, *, #306, .T. ) ;
#2267 = EDGE_CURVE ( 'NONE', #609, #1678, #1683, .T. ) ;
#2268 = ORIENTED_EDGE ( 'NONE', *, *, #2348, .T. ) ;
#2269 = PLANE ( 'NONE',  #1007 ) ;
#2270 = AXIS2_PLACEMENT_3D ( 'NONE', #2160, #1436, #2813 ) ;
#2271 = DIRECTION ( 'NONE',  ( 0.0000000000000000000, 1.000000000000000000, 0.0000000000000000000 ) ) ;
#2272 = DIRECTION ( 'NONE',  ( -1.000000000000000000, 1.391256923089173450E-16, 0.0000000000000000000 ) ) ;
#2273 = VECTOR ( 'NONE', #805, 1000.000000000000000 ) ;
#2274 = ADVANCED_FACE ( 'NONE', ( #1339 ), #1091, .F. ) ;
#2275 = ORIENTED_EDGE ( 'NONE', *, *, #2497, .T. ) ;
#2276 = VECTOR ( 'NONE', #337, 1000.000000000000000 ) ;
#2277 = CARTESIAN_POINT ( 'NONE',  ( -29.99999999999999289, 169.5000000000000284, -1.000000000000000000 ) ) ;
#2278 = EDGE_CURVE ( 'NONE', #2010, #2959, #3000, .T. ) ;
#2279 = DIRECTION ( 'NONE',  ( 0.0000000000000000000, -1.000000000000000000, 0.0000000000000000000 ) ) ;
#2280 = CARTESIAN_POINT ( 'NONE',  ( 98.99999999999998579, -138.0000000000131593, 0.0000000000000000000 ) ) ;
#2281 = DIRECTION ( 'NONE',  ( 0.0000000000000000000, 0.0000000000000000000, -1.000000000000000000 ) ) ;
#2282 = EDGE_LOOP ( 'NONE', ( #1443, #2317 ) ) ;
#2283 = ORIENTED_EDGE ( 'NONE', *, *, #286, .T. ) ;
#2284 = EDGE_LOOP ( 'NONE', ( #2262, #1353, #1607, #2970 ) ) ;
#2285 = ORIENTED_EDGE ( 'NONE', *, *, #1168, .F. ) ;
#2286 = DIRECTION ( 'NONE',  ( -0.0000000000000000000, -0.0000000000000000000, -1.000000000000000000 ) ) ;
#2287 = DIRECTION ( 'NONE',  ( 1.301042606982606060E-16, 1.000000000000000000, 0.0000000000000000000 ) ) ;
#2288 = ORIENTED_EDGE ( 'NONE', *, *, #1931, .F. ) ;
#2289 = LINE ( 'NONE', #1321, #1086 ) ;
#2290 = LINE ( 'NONE', #389, #601 ) ;
#2291 = ORIENTED_EDGE ( 'NONE', *, *, #847, .F. ) ;
#2292 = EDGE_CURVE ( 'NONE', #640, #674, #465, .T. ) ;
#2293 = DIRECTION ( 'NONE',  ( 0.0000000000000000000, 0.0000000000000000000, -1.000000000000000000 ) ) ;
#2294 = FACE_BOUND ( 'NONE', #2039, .T. ) ;
#2295 = APPROVAL_STATUS ( 'not_yet_approved' ) ;
#2296 = DIRECTION ( 'NONE',  ( 1.000000000000000000, -1.391256923089173450E-16, 3.613946018757868503E-15 ) ) ;
#2297 = ORIENTED_EDGE ( 'NONE', *, *, #2655, .F. ) ;
#2298 = VERTEX_POINT ( 'NONE', #900 ) ;
#2299 = VERTEX_POINT ( 'NONE', #2303 ) ;
#2300 = DIRECTION ( 'NONE',  ( -0.0000000000000000000, -0.0000000000000000000, -1.000000000000000000 ) ) ;
#2301 = VERTEX_POINT ( 'NONE', #2036 ) ;
#2302 = ORIENTED_EDGE ( 'NONE', *, *, #83, .T. ) ;
#2303 = CARTESIAN_POINT ( 'NONE',  ( -95.00000000000015632, 213.5000000000000853, 38.00000000000009237 ) ) ;
#2304 = LINE ( 'NONE', #646, #2570 ) ;
#2305 = CARTESIAN_POINT ( 'NONE',  ( -113.0000000000000711, 213.5000000000000568, 16.99999999999997868 ) ) ;
#2306 = CARTESIAN_POINT ( 'NONE',  ( -96.00000000000018474, -149.5000000000133014, 34.00000000000676437 ) ) ;
#2307 = CIRCLE ( 'NONE', #970, 2.500000000000009326 ) ;
#2308 = CARTESIAN_POINT ( 'NONE',  ( -96.00000000000014211, 213.5000000000000853, 20.00000000000009237 ) ) ;
#2309 = VECTOR ( 'NONE', #1523, 1000.000000000000000 ) ;
#2310 = DIRECTION ( 'NONE',  ( 1.000000000000000000, -1.158896685412480835E-16, 0.0000000000000000000 ) ) ;
#2311 = ADVANCED_FACE ( 'NONE', ( #2985 ), #865, .T. ) ;
#2312 = EDGE_LOOP ( 'NONE', ( #2249, #1830, #2229, #1439 ) ) ;
#2313 = DIRECTION ( 'NONE',  ( -1.000000000000000000, -3.469446951953614682E-16, 0.0000000000000000000 ) ) ;
#2314 = CARTESIAN_POINT ( 'NONE',  ( 95.24999999999995737, -138.0000000000131593, -1.000000000000000000 ) ) ;
#2315 = VECTOR ( 'NONE', #1242, 1000.000000000000000 ) ;
#2316 = VERTEX_POINT ( 'NONE', #200 ) ;
#2317 = ORIENTED_EDGE ( 'NONE', *, *, #2736, .T. ) ;
#2318 = CIRCLE ( 'NONE', #1219, 1.500000000000001332 ) ;
#2319 = EDGE_CURVE ( 'NONE', #2436, #2484, #2131, .T. ) ;
#2320 = PLANE ( 'NONE',  #986 ) ;
#2321 = CARTESIAN_POINT ( 'NONE',  ( 102.7499999999999858, -147.0000000000131877, -1.000000000000000000 ) ) ;
#2322 = VECTOR ( 'NONE', #2187, 1000.000000000000000 ) ;
#2323 = EDGE_CURVE ( 'NONE', #1313, #1792, #1600, .T. ) ;
#2324 = VECTOR ( 'NONE', #2478, 1000.000000000000000 ) ;
#2325 = DIRECTION ( 'NONE',  ( 3.469446951953615767E-15, 0.0000000000000000000, -1.000000000000000000 ) ) ;
#2326 = PLANE ( 'NONE',  #1324 ) ;
#2327 = VECTOR ( 'NONE', #1201, 1000.000000000000000 ) ;
#2328 = CC_DESIGN_PERSON_AND_ORGANIZATION_ASSIGNMENT ( #1425, #1889, ( #2552 ) ) ;
#2329 = LINE ( 'NONE', #448, #2853 ) ;
#2330 = VECTOR ( 'NONE', #2781, 1000.000000000000000 ) ;
#2331 = DIRECTION ( 'NONE',  ( -0.0000000000000000000, -1.000000000000000000, -0.0000000000000000000 ) ) ;
#2332 = ORIENTED_EDGE ( 'NONE', *, *, #949, .T. ) ;
#2333 = EDGE_LOOP ( 'NONE', ( #2507, #922, #231, #162 ) ) ;
#2334 = DIRECTION ( 'NONE',  ( -1.000000000000000000, 0.0000000000000000000, 0.0000000000000000000 ) ) ;
#2335 = EDGE_CURVE ( 'NONE', #2457, #2013, #2079, .T. ) ;
#2336 = DIRECTION ( 'NONE',  ( 0.0000000000000000000, 0.0000000000000000000, -1.000000000000000000 ) ) ;
#2337 = VERTEX_POINT ( 'NONE', #2839 ) ;
#2338 = ORIENTED_EDGE ( 'NONE', *, *, #917, .T. ) ;
#2339 = ORIENTED_EDGE ( 'NONE', *, *, #2826, .T. ) ;
#2340 = DIRECTION ( 'NONE',  ( 0.0000000000000000000, 1.000000000000000000, 0.0000000000000000000 ) ) ;
#2341 = CARTESIAN_POINT ( 'NONE',  ( 113.0000000000000000, -188.4999999999999432, 0.0000000000000000000 ) ) ;
#2342 = ADVANCED_FACE ( 'NONE', ( #70 ), #30, .F. ) ;
#2343 = LINE ( 'NONE', #3026, #2171 ) ;
#2344 = LINE ( 'NONE', #931, #1183 ) ;
#2345 = PLANE ( 'NONE',  #830 ) ;
#2346 = PERSON_AND_ORGANIZATION ( #576, #1118 ) ;
#2347 = FACE_OUTER_BOUND ( 'NONE', #1928, .T. ) ;
#2348 = EDGE_CURVE ( 'NONE', #686, #575, #524, .T. ) ;
#2349 = CARTESIAN_POINT ( 'NONE',  ( -114.0000000000000000, 213.5000000000000568, 1.000000000000000888 ) ) ;
#2350 = DIRECTION ( 'NONE',  ( 0.0000000000000000000, 0.0000000000000000000, -1.000000000000000000 ) ) ;
#2351 = ORIENTED_EDGE ( 'NONE', *, *, #1712, .F. ) ;
#2352 = FACE_OUTER_BOUND ( 'NONE', #1728, .T. ) ;
#2353 = CARTESIAN_POINT ( 'NONE',  ( -114.0000000000000853, 213.5000000000000568, 19.00000000000000355 ) ) ;
#2354 = CARTESIAN_POINT ( 'NONE',  ( -113.0000000000000711, -185.4999999999999432, 16.99999999999997868 ) ) ;
#2355 = DIRECTION ( 'NONE',  ( -1.000000000000000000, 1.391256923089173450E-16, -3.630015036219546491E-15 ) ) ;
#2356 = EDGE_CURVE ( 'NONE', #2801, #2937, #1930, .T. ) ;
#2357 = CARTESIAN_POINT ( 'NONE',  ( 95.24999999999998579, -167.9999999999999147, -1.000000000000000000 ) ) ;
#2358 = CARTESIAN_POINT ( 'NONE',  ( -88.25000000000000000, -198.4999999999999432, -1.000000000000000000 ) ) ;
#2359 = AXIS2_PLACEMENT_3D ( 'NONE', #336, #828, #591 ) ;
#2360 = ORIENTED_EDGE ( 'NONE', *, *, #2736, .F. ) ;
#2361 = EDGE_CURVE ( 'NONE', #2722, #1429, #408, .T. ) ;
#2362 = DIRECTION ( 'NONE',  ( -0.0000000000000000000, -0.0000000000000000000, 1.000000000000000000 ) ) ;
#2363 = DIRECTION ( 'NONE',  ( -1.000000000000000000, 0.0000000000000000000, 0.0000000000000000000 ) ) ;
#2364 = ORIENTED_EDGE ( 'NONE', *, *, #2188, .F. ) ;
#2365 = EDGE_LOOP ( 'NONE', ( #108, #1742, #1046, #1335 ) ) ;
#2366 = ADVANCED_FACE ( 'NONE', ( #1664 ), #288, .T. ) ;
#2367 = CARTESIAN_POINT ( 'NONE',  ( 99.00000000000000000, -198.4999999999999432, 0.0000000000000000000 ) ) ;
#2368 = DIRECTION ( 'NONE',  ( 0.0000000000000000000, -1.000000000000000000, -0.0000000000000000000 ) ) ;
#2369 = FACE_OUTER_BOUND ( 'NONE', #670, .T. ) ;
#2370 = EDGE_CURVE ( 'NONE', #2379, #1958, #2663, .T. ) ;
#2371 = DIRECTION ( 'NONE',  ( -1.000000000000000000, 3.754249404263564076E-31, 3.083952846180946696E-15 ) ) ;
#2372 = AXIS2_PLACEMENT_3D ( 'NONE', #340, #2420, #317 ) ;
#2373 = CARTESIAN_POINT ( 'NONE',  ( -96.00000000000014211, -185.4999999999999432, 20.00000000000009237 ) ) ;
#2374 = VECTOR ( 'NONE', #654, 1000.000000000000000 ) ;
#2375 = ADVANCED_FACE ( 'NONE', ( #2382 ), #2636, .F. ) ;
#2376 = VECTOR ( 'NONE', #2217, 1000.000000000000000 ) ;
#2377 = DIRECTION ( 'NONE',  ( -3.652049423109067235E-15, 0.0000000000000000000, 1.000000000000000000 ) ) ;
#2378 = CARTESIAN_POINT ( 'NONE',  ( 114.0000000000000000, -185.4999999999999432, -3.546545773108088854E-13 ) ) ;
#2379 = VERTEX_POINT ( 'NONE', #480 ) ;
#2380 = VECTOR ( 'NONE', #147, 1000.000000000000000 ) ;
#2381 = ORIENTED_EDGE ( 'NONE', *, *, #2836, .T. ) ;
#2382 = FACE_OUTER_BOUND ( 'NONE', #1989, .T. ) ;
#2383 = LINE ( 'NONE', #1639, #267 ) ;
#2384 = FACE_OUTER_BOUND ( 'NONE', #335, .T. ) ;
#2385 = CARTESIAN_POINT ( 'NONE',  ( -95.00000000000015632, -157.5000000000133014, 26.00000000000677147 ) ) ;
#2386 = LINE ( 'NONE', #44, #2201 ) ;
#2387 = CARTESIAN_POINT ( 'NONE',  ( -96.00000000000015632, -149.5000000000133014, 26.00000000000676792 ) ) ;
#2388 = CARTESIAN_POINT ( 'NONE',  ( -97.00000000000007105, -185.4999999999999432, 19.00000000000011724 ) ) ;
#2389 = ORIENTED_EDGE ( 'NONE', *, *, #1935, .T. ) ;
#2390 = CARTESIAN_POINT ( 'NONE',  ( 98.99999999999998579, -176.9999999999999432, -1.000000000000000000 ) ) ;
#2391 = ORIENTED_EDGE ( 'NONE', *, *, #28, .T. ) ;
#2392 = EDGE_CURVE ( 'NONE', #2824, #2248, #2465, .T. ) ;
#2393 = CARTESIAN_POINT ( 'NONE',  ( 66.00000000000001421, 76.50000000000007105, 0.0000000000000000000 ) ) ;
#2394 = CARTESIAN_POINT ( 'NONE',  ( 5.999999999999985789, 166.5000000000000568, 0.0000000000000000000 ) ) ;
#2395 = LINE ( 'NONE', #272, #2857 ) ;
#2396 = FACE_OUTER_BOUND ( 'NONE', #212, .T. ) ;
#2397 = CARTESIAN_POINT ( 'NONE',  ( -97.00000000000011369, 213.5000000000000853, 20.00000000000009237 ) ) ;
#2398 = ADVANCED_FACE ( 'NONE', ( #1200, #2609, #1883, #2133, #1432, #39, #2583, #1404, #2827, #967, #758, #1906, #247, #2352 ), #2849, .T. ) ;
#2399 = AXIS2_PLACEMENT_3D ( 'NONE', #1636, #1661, #2633 ) ;
#2400 = EDGE_LOOP ( 'NONE', ( #2425, #1797, #1323, #892 ) ) ;
#2401 = ORIENTED_EDGE ( 'NONE', *, *, #1812, .F. ) ;
#2402 = DIRECTION ( 'NONE',  ( -1.000000000000000000, 0.0000000000000000000, 0.0000000000000000000 ) ) ;
#2403 = EDGE_LOOP ( 'NONE', ( #823, #1527, #1727, #2245 ) ) ;
#2404 = EDGE_CURVE ( 'NONE', #2060, #2152, #1230, .T. ) ;
#2405 = DIRECTION ( 'NONE',  ( 0.0000000000000000000, -1.000000000000000000, 0.0000000000000000000 ) ) ;
#2406 = CARTESIAN_POINT ( 'NONE',  ( 76.00000000000001421, 86.50000000000005684, 0.0000000000000000000 ) ) ;
#2407 = VECTOR ( 'NONE', #1605, 1000.000000000000000 ) ;
#2408 = DIRECTION ( 'NONE',  ( -0.0000000000000000000, -0.0000000000000000000, 1.000000000000000000 ) ) ;
#2409 = CARTESIAN_POINT ( 'NONE',  ( -97.00000000000011369, 213.5000000000000853, 20.00000000000009237 ) ) ;
#2410 = VECTOR ( 'NONE', #2424, 1000.000000000000000 ) ;
#2411 = LINE ( 'NONE', #605, #2309 ) ;
#2412 = ORIENTED_EDGE ( 'NONE', *, *, #940, .F. ) ;
#2413 = VECTOR ( 'NONE', #1146, 1000.000000000000000 ) ;
#2414 = EDGE_CURVE ( 'NONE', #1280, #122, #2520, .T. ) ;
#2415 = DIRECTION ( 'NONE',  ( 1.541976423090493661E-15, -1.000000000000000000, 0.0000000000000000000 ) ) ;
#2416 = AXIS2_PLACEMENT_3D ( 'NONE', #2676, #574, #2476 ) ;
#2417 = FACE_BOUND ( 'NONE', #3047, .T. ) ;
#2418 = CARTESIAN_POINT ( 'NONE',  ( 102.7500000000000000, -138.0000000000131593, -1.000000000000000000 ) ) ;
#2419 = ADVANCED_FACE ( 'NONE', ( #2115 ), #1695, .T. ) ;
#2420 = DIRECTION ( 'NONE',  ( -3.630015036219546491E-15, 5.050283550058222778E-31, 1.000000000000000000 ) ) ;
#2421 = APPLICATION_CONTEXT ( 'configuration controlled 3d designs of mechanical parts and assemblies' ) ;
#2422 = CARTESIAN_POINT ( 'NONE',  ( 5.999999999999985789, 176.5000000000000853, -1.000000000000000000 ) ) ;
#2423 = CARTESIAN_POINT ( 'NONE',  ( -113.0000000000000000, -188.4999999999999432, -7.415942859800850329E-14 ) ) ;
#2424 = DIRECTION ( 'NONE',  ( -1.000000000000000000, -0.0000000000000000000, -0.0000000000000000000 ) ) ;
#2425 = ORIENTED_EDGE ( 'NONE', *, *, #1474, .T. ) ;
#2426 = EDGE_CURVE ( 'NONE', #2484, #2436, #1722, .T. ) ;
#2427 = DIRECTION ( 'NONE',  ( 0.0000000000000000000, 6.982962677686267499E-15, -1.000000000000000000 ) ) ;
#2428 = DIRECTION ( 'NONE',  ( 0.0000000000000000000, 0.0000000000000000000, 1.000000000000000000 ) ) ;
#2429 = CARTESIAN_POINT ( 'NONE',  ( -114.0000000000000000, 213.5000000000000568, 1.000000000000009548 ) ) ;
#2430 = DIRECTION ( 'NONE',  ( 0.0000000000000000000, -2.168404344971006896E-16, 1.000000000000000000 ) ) ;
#2431 = EDGE_CURVE ( 'NONE', #857, #2208, #2708, .T. ) ;
#2432 = CARTESIAN_POINT ( 'NONE',  ( 66.00000000000001421, 166.5000000000000568, 0.0000000000000000000 ) ) ;
#2433 = DIRECTION ( 'NONE',  ( -3.652049423109067235E-15, 0.0000000000000000000, 1.000000000000000000 ) ) ;
#2434 = DIRECTION ( 'NONE',  ( -0.0000000000000000000, -0.0000000000000000000, 1.000000000000000000 ) ) ;
#2435 = EDGE_LOOP ( 'NONE', ( #2538, #11, #523, #2474 ) ) ;
#2436 = VERTEX_POINT ( 'NONE', #1703 ) ;
#2437 = ORIENTED_EDGE ( 'NONE', *, *, #1212, .F. ) ;
#2438 = ORIENTED_EDGE ( 'NONE', *, *, #403, .T. ) ;
#2439 = EDGE_LOOP ( 'NONE', ( #116, #143, #1112, #2672, #531, #2391, #1346, #110, #2531, #188, #172, #1577 ) ) ;
#2440 = CARTESIAN_POINT ( 'NONE',  ( -103.6778599138623065, 86.49999999999940314, 0.0000000000000000000 ) ) ;
#2441 = EDGE_CURVE ( 'NONE', #2607, #1134, #811, .T. ) ;
#2442 = CC_DESIGN_DATE_AND_TIME_ASSIGNMENT ( #974, #3, ( #1579 ) ) ;
#2443 = AXIS2_PLACEMENT_3D ( 'NONE', #230, #1368, #435 ) ;
#2444 = DIRECTION ( 'NONE',  ( 0.0000000000000000000, 0.0000000000000000000, -1.000000000000000000 ) ) ;
#2445 = AXIS2_PLACEMENT_3D ( 'NONE', #3009, #2551, #2974 ) ;
#2446 = FACE_OUTER_BOUND ( 'NONE', #2403, .T. ) ;
#2447 = CARTESIAN_POINT ( 'NONE',  ( -115.0000000000000995, -185.4999999999999432, 16.99999999999992184 ) ) ;
#2448 = AXIS2_PLACEMENT_3D ( 'NONE', #976, #1916, #2865 ) ;
#2449 = CARTESIAN_POINT ( 'NONE',  ( 115.0000000000000284, -185.4999999999999432, 9.000000000000119016 ) ) ;
#2450 = CARTESIAN_POINT ( 'NONE',  ( 105.2221400861409251, 166.4999999999994884, 0.0000000000000000000 ) ) ;
#2451 = DIRECTION ( 'NONE',  ( -0.0000000000000000000, -0.0000000000000000000, -1.000000000000000000 ) ) ;
#2452 = EDGE_CURVE ( 'NONE', #851, #1150, #2195, .T. ) ;
#2453 = AXIS2_PLACEMENT_3D ( 'NONE', #2871, #761, #971 ) ;
#2454 = ORIENTED_EDGE ( 'NONE', *, *, #99, .F. ) ;
#2455 = EDGE_CURVE ( 'NONE', #725, #1225, #1732, .T. ) ;
#2456 = ORIENTED_EDGE ( 'NONE', *, *, #949, .F. ) ;
#2457 = VERTEX_POINT ( 'NONE', #94 ) ;
#2458 = ORIENTED_EDGE ( 'NONE', *, *, #327, .F. ) ;
#2459 = DIRECTION ( 'NONE',  ( -1.000000000000000000, 0.0000000000000000000, 0.0000000000000000000 ) ) ;
#2460 = AXIS2_PLACEMENT_3D ( 'NONE', #2735, #1257, #332 ) ;
#2461 = CIRCLE ( 'NONE', #1391, 10.00000000000000533 ) ;
#2462 = CARTESIAN_POINT ( 'NONE',  ( 66.00000000000001421, 86.50000000000005684, -1.000000000000000000 ) ) ;
#2463 = CARTESIAN_POINT ( 'NONE',  ( 113.0000000000000000, 213.5000000000000853, -0.9999999999999970024 ) ) ;
#2464 = ORIENTED_EDGE ( 'NONE', *, *, #1548, .F. ) ;
#2465 = CIRCLE ( 'NONE', #169, 9.999999999999994671 ) ;
#2466 = LINE ( 'NONE', #359, #55 ) ;
#2467 = CARTESIAN_POINT ( 'NONE',  ( 115.0000000000000284, -185.4999999999999432, 9.000000000000119016 ) ) ;
#2468 = CARTESIAN_POINT ( 'NONE',  ( 95.24999999999995737, -138.0000000000131593, 0.0000000000000000000 ) ) ;
#2469 = CARTESIAN_POINT ( 'NONE',  ( 105.2221400861376992, 86.49999999999953104, 0.0000000000000000000 ) ) ;
#2470 = CYLINDRICAL_SURFACE ( 'NONE', #1224, 2.250000000231233699 ) ;
#2471 = ORIENTED_EDGE ( 'NONE', *, *, #358, .T. ) ;
#2472 = ORIENTED_EDGE ( 'NONE', *, *, #695, .F. ) ;
#2473 = EDGE_LOOP ( 'NONE', ( #1154, #183, #814, #1702 ) ) ;
#2474 = ORIENTED_EDGE ( 'NONE', *, *, #1119, .T. ) ;
#2475 = ORIENTED_EDGE ( 'NONE', *, *, #2086, .F. ) ;
#2476 = DIRECTION ( 'NONE',  ( 1.000000000000000000, 0.0000000000000000000, 0.0000000000000000000 ) ) ;
#2477 = LINE ( 'NONE', #629, #1140 ) ;
#2478 = DIRECTION ( 'NONE',  ( 0.0000000000000000000, 1.000000000000000000, 0.0000000000000000000 ) ) ;
#2479 = ADVANCED_FACE ( 'NONE', ( #1249 ), #1264, .F. ) ;
#2480 = CYLINDRICAL_SURFACE ( 'NONE', #2206, 1.500000000000001332 ) ;
#2481 = EDGE_CURVE ( 'NONE', #423, #374, #1716, .T. ) ;
#2482 = PLANE ( 'NONE',  #10 ) ;
#2483 = LINE ( 'NONE', #1309, #893 ) ;
#2484 = VERTEX_POINT ( 'NONE', #2890 ) ;
#2485 = ORIENTED_EDGE ( 'NONE', *, *, #2715, .T. ) ;
#2486 = VERTEX_POINT ( 'NONE', #1962 ) ;
#2487 = ORIENTED_EDGE ( 'NONE', *, *, #619, .T. ) ;
#2488 = EDGE_LOOP ( 'NONE', ( #1085, #638 ) ) ;
#2489 = EDGE_CURVE ( 'NONE', #144, #93, #2768, .T. ) ;
#2490 = ORIENTED_EDGE ( 'NONE', *, *, #1144, .F. ) ;
#2491 = DIRECTION ( 'NONE',  ( 0.0000000000000000000, 0.0000000000000000000, -1.000000000000000000 ) ) ;
#2492 = VERTEX_POINT ( 'NONE', #1496 ) ;
#2493 = CARTESIAN_POINT ( 'NONE',  ( 102.7499999999999716, -167.9999999999999147, 0.0000000000000000000 ) ) ;
#2494 = DIRECTION ( 'NONE',  ( -3.469446951953615767E-15, 0.0000000000000000000, 1.000000000000000000 ) ) ;
#2495 = EDGE_LOOP ( 'NONE', ( #1299, #1983, #1615, #877 ) ) ;
#2496 = AXIS2_PLACEMENT_3D ( 'NONE', #706, #2350, #1413 ) ;
#2497 = EDGE_CURVE ( 'NONE', #1363, #2822, #1993, .T. ) ;
#2498 = LINE ( 'NONE', #2055, #548 ) ;
#2499 = VECTOR ( 'NONE', #2048, 1000.000000000000000 ) ;
#2500 = FACE_BOUND ( 'NONE', #3013, .T. ) ;
#2501 =( LENGTH_UNIT ( ) NAMED_UNIT ( * ) SI_UNIT ( .MILLI., .METRE. ) );
#2502 = CARTESIAN_POINT ( 'NONE',  ( 66.00000000000001421, 76.50000000000007105, -1.000000000000000000 ) ) ;
#2503 = EDGE_LOOP ( 'NONE', ( #2660, #2977, #2490, #613 ) ) ;
#2504 = AXIS2_PLACEMENT_3D ( 'NONE', #1028, #1079, #2025 ) ;
#2505 = VERTEX_POINT ( 'NONE', #560 ) ;
#2506 = VERTEX_POINT ( 'NONE', #779 ) ;
#2507 = ORIENTED_EDGE ( 'NONE', *, *, #519, .T. ) ;
#2508 = EDGE_LOOP ( 'NONE', ( #643, #2705, #475, #412 ) ) ;
#2509 = AXIS2_PLACEMENT_3D ( 'NONE', #445, #680, #1604 ) ;
#2510 = DIRECTION ( 'NONE',  ( -1.000000000000000000, 0.0000000000000000000, 0.0000000000000000000 ) ) ;
#2511 = EDGE_CURVE ( 'NONE', #1225, #2299, #1469, .T. ) ;
#2512 = VECTOR ( 'NONE', #1653, 1000.000000000000000 ) ;
#2513 = CARTESIAN_POINT ( 'NONE',  ( 102.7499999999999716, -167.9999999999999147, -1.000000000000000000 ) ) ;
#2514 = FACE_OUTER_BOUND ( 'NONE', #921, .T. ) ;
#2515 = VECTOR ( 'NONE', #710, 1000.000000000000000 ) ;
#2516 = VERTEX_POINT ( 'NONE', #2649 ) ;
#2517 = CIRCLE ( 'NONE', #1226, 1.000000000000000888 ) ;
#2518 = EDGE_CURVE ( 'NONE', #385, #3051, #712, .T. ) ;
#2519 = PLANE ( 'NONE',  #13 ) ;
#2520 = CIRCLE ( 'NONE', #2220, 2.000000000000000888 ) ;
#2521 = FACE_BOUND ( 'NONE', #1893, .T. ) ;
#2522 = PERSON_AND_ORGANIZATION_ROLE ( 'design_owner' ) ;
#2523 = FACE_OUTER_BOUND ( 'NONE', #352, .T. ) ;
#2524 = ORIENTED_EDGE ( 'NONE', *, *, #2780, .T. ) ;
#2525 = ORIENTED_EDGE ( 'NONE', *, *, #41, .F. ) ;
#2526 = ORIENTED_EDGE ( 'NONE', *, *, #1288, .F. ) ;
#2527 = ORIENTED_EDGE ( 'NONE', *, *, #1689, .T. ) ;
#2528 = CARTESIAN_POINT ( 'NONE',  ( -95.00000000000008527, 213.5000000000000853, 20.00000000000011013 ) ) ;
#2529 = CARTESIAN_POINT ( 'NONE',  ( -114.0000000000000995, 213.5000000000000568, 16.99999999999995026 ) ) ;
#2530 = LINE ( 'NONE', #2321, #398 ) ;
#2531 = ORIENTED_EDGE ( 'NONE', *, *, #2637, .T. ) ;
#2532 = CARTESIAN_POINT ( 'NONE',  ( -14.00000000000001599, 146.5000000000000853, 0.0000000000000000000 ) ) ;
#2533 = LINE ( 'NONE', #2748, #2898 ) ;
#2534 = FACE_BOUND ( 'NONE', #1875, .T. ) ;
#2535 = CARTESIAN_POINT ( 'NONE',  ( -97.00000000000011369, 213.5000000000000853, 20.00000000000009237 ) ) ;
#2536 = CARTESIAN_POINT ( 'NONE',  ( -113.0000000000000995, 213.5000000000000568, 19.00000000000000711 ) ) ;
#2537 = ADVANCED_FACE ( 'NONE', ( #2183 ), #1977, .T. ) ;
#2538 = ORIENTED_EDGE ( 'NONE', *, *, #393, .F. ) ;
#2539 = LINE ( 'NONE', #1635, #446 ) ;
#2540 = DIRECTION ( 'NONE',  ( 0.0000000000000000000, -0.0000000000000000000, -1.000000000000000000 ) ) ;
#2541 = ORIENTED_EDGE ( 'NONE', *, *, #726, .T. ) ;
#2542 = CARTESIAN_POINT ( 'NONE',  ( 98.99999999999998579, -147.0000000000131877, 0.0000000000000000000 ) ) ;
#2543 = DIRECTION ( 'NONE',  ( -1.000000000000000000, 0.0000000000000000000, 0.0000000000000000000 ) ) ;
#2544 = APPROVAL ( #3043, '未指定' ) ;
#2545 = LINE ( 'NONE', #2089, #2413 ) ;
#2546 = VECTOR ( 'NONE', #2741, 1000.000000000000000 ) ;
#2547 = CARTESIAN_POINT ( 'NONE',  ( -90.50000000000000000, -198.4999999999999432, -1.000000000000000000 ) ) ;
#2548 = APPROVAL_PERSON_ORGANIZATION ( #2123, #1901, #2108 ) ;
#2549 = EDGE_CURVE ( 'NONE', #1485, #2031, #2213, .T. ) ;
#2550 = CARTESIAN_POINT ( 'NONE',  ( 102.7499999999999858, -147.0000000000131877, 0.0000000000000000000 ) ) ;
#2551 = DIRECTION ( 'NONE',  ( 0.0000000000000000000, 0.0000000000000000000, 1.000000000000000000 ) ) ;
#2552 = PRODUCT_DEFINITION_FORMATION_WITH_SPECIFIED_SOURCE ( '任何', '', #502, .NOT_KNOWN. ) ;
#2553 = DIRECTION ( 'NONE',  ( 0.0000000000000000000, 0.0000000000000000000, 1.000000000000000000 ) ) ;
#2554 = ORIENTED_EDGE ( 'NONE', *, *, #610, .T. ) ;
#2555 = AXIS2_PLACEMENT_3D ( 'NONE', #2593, #742, #65 ) ;
#2556 = EDGE_CURVE ( 'NONE', #1047, #122, #2015, .T. ) ;
#2557 = CARTESIAN_POINT ( 'NONE',  ( -65.00000000000000000, 169.5000000000000284, 0.0000000000000000000 ) ) ;
#2558 = DIRECTION ( 'NONE',  ( 0.0000000000000000000, 0.0000000000000000000, -1.000000000000000000 ) ) ;
#2559 = EDGE_CURVE ( 'NONE', #462, #1602, #926, .T. ) ;
#2560 = CIRCLE ( 'NONE', #1912, 2.500000000000009326 ) ;
#2561 = ORIENTED_EDGE ( 'NONE', *, *, #2323, .T. ) ;
#2562 = ORIENTED_EDGE ( 'NONE', *, *, #2591, .F. ) ;
#2563 = VERTEX_POINT ( 'NONE', #353 ) ;
#2564 = ORIENTED_EDGE ( 'NONE', *, *, #2891, .T. ) ;
#2565 = ORIENTED_EDGE ( 'NONE', *, *, #2086, .T. ) ;
#2566 = APPROVAL_PERSON_ORGANIZATION ( #473, #2544, #1626 ) ;
#2567 = VECTOR ( 'NONE', #1587, 1000.000000000000000 ) ;
#2568 = CARTESIAN_POINT ( 'NONE',  ( -113.0000000000000711, 213.5000000000000568, 19.00000000000000355 ) ) ;
#2569 = CARTESIAN_POINT ( 'NONE',  ( 103.9999999999955236, 149.9999999999869544, -1.000000000000000000 ) ) ;
#2570 = VECTOR ( 'NONE', #2088, 1000.000000000000000 ) ;
#2571 = AXIS2_PLACEMENT_3D ( 'NONE', #3039, #2793, #692 ) ;
#2572 = CARTESIAN_POINT ( 'NONE',  ( -14.00000000000001421, 136.5000000000000568, -1.000000000000000000 ) ) ;
#2573 = DIRECTION ( 'NONE',  ( 0.0000000000000000000, 1.000000000000000000, 0.0000000000000000000 ) ) ;
#2574 = ADVANCED_FACE ( 'NONE', ( #1282 ), #2233, .F. ) ;
#2575 = CARTESIAN_POINT ( 'NONE',  ( 115.0000000000000000, -188.4999999999999432, 1.517883041479706208E-15 ) ) ;
#2576 = CARTESIAN_POINT ( 'NONE',  ( -96.00000000000018474, -157.5000000000133014, 34.00000000000676437 ) ) ;
#2577 = ORIENTED_EDGE ( 'NONE', *, *, #547, .T. ) ;
#2578 = ORIENTED_EDGE ( 'NONE', *, *, #2319, .F. ) ;
#2579 = ORIENTED_EDGE ( 'NONE', *, *, #579, .T. ) ;
#2580 = ORIENTED_EDGE ( 'NONE', *, *, #2783, .F. ) ;
#2581 = CARTESIAN_POINT ( 'NONE',  ( -96.00000000000015632, 116.4999999999901803, 34.00000000000594014 ) ) ;
#2582 = ORIENTED_EDGE ( 'NONE', *, *, #918, .T. ) ;
#2583 = FACE_BOUND ( 'NONE', #1974, .T. ) ;
#2584 = DIRECTION ( 'NONE',  ( 0.0000000000000000000, 0.0000000000000000000, -1.000000000000000000 ) ) ;
#2585 = EDGE_CURVE ( 'NONE', #2208, #1133, #1365, .T. ) ;
#2586 = DIRECTION ( 'NONE',  ( 0.0000000000000000000, 0.0000000000000000000, -1.000000000000000000 ) ) ;
#2587 = CARTESIAN_POINT ( 'NONE',  ( -114.0000000000000995, -185.4999999999999716, 16.99999999999995026 ) ) ;
#2588 = EDGE_CURVE ( 'NONE', #365, #1285, #1749, .T. ) ;
#2589 = DIRECTION ( 'NONE',  ( -1.000000000000000000, 0.0000000000000000000, 0.0000000000000000000 ) ) ;
#2590 = LINE ( 'NONE', #669, #402 ) ;
#2591 = EDGE_CURVE ( 'NONE', #1122, #2980, #864, .T. ) ;
#2592 = ORIENTED_EDGE ( 'NONE', *, *, #2441, .F. ) ;
#2593 = CARTESIAN_POINT ( 'NONE',  ( -114.0000000000000853, 213.5000000000000568, 19.00000000000000355 ) ) ;
#2594 = DIRECTION ( 'NONE',  ( 0.0000000000000000000, 0.0000000000000000000, 1.000000000000000000 ) ) ;
#2595 = EDGE_LOOP ( 'NONE', ( #2773, #2291, #2838, #3052 ) ) ;
#2596 = EDGE_CURVE ( 'NONE', #1763, #163, #1499, .T. ) ;
#2597 = CARTESIAN_POINT ( 'NONE',  ( 66.00000000000001421, 86.50000000000005684, 0.0000000000000000000 ) ) ;
#2598 = DIRECTION ( 'NONE',  ( -1.000000000000000000, 0.0000000000000000000, 0.0000000000000000000 ) ) ;
#2599 = DIRECTION ( 'NONE',  ( -1.000000000000000000, 1.391256923089168520E-16, -3.652049423109067235E-15 ) ) ;
#2600 = EDGE_CURVE ( 'NONE', #2152, #2060, #145, .T. ) ;
#2601 = CARTESIAN_POINT ( 'NONE',  ( -95.00000000000021316, -185.4999999999999432, 38.00000000000009237 ) ) ;
#2602 = LINE ( 'NONE', #528, #884 ) ;
#2603 = VECTOR ( 'NONE', #732, 1000.000000000000000 ) ;
#2604 = AXIS2_PLACEMENT_3D ( 'NONE', #635, #2991, #855 ) ;
#2605 = LINE ( 'NONE', #989, #2004 ) ;
#2606 = FACE_OUTER_BOUND ( 'NONE', #405, .T. ) ;
#2607 = VERTEX_POINT ( 'NONE', #2314 ) ;
#2608 = ORIENTED_EDGE ( 'NONE', *, *, #1019, .F. ) ;
#2609 = FACE_BOUND ( 'NONE', #436, .T. ) ;
#2610 = CARTESIAN_POINT ( 'NONE',  ( -95.00000000000012790, 116.4999999999901803, 26.00000000000594369 ) ) ;
#2611 = ADVANCED_FACE ( 'NONE', ( #1352 ), #846, .F. ) ;
#2612 = VECTOR ( 'NONE', #973, 1000.000000000000000 ) ;
#2613 = PLANE ( 'NONE',  #271 ) ;
#2614 = DIRECTION ( 'NONE',  ( -1.000000000000000000, 0.0000000000000000000, 0.0000000000000000000 ) ) ;
#2615 = CIRCLE ( 'NONE', #1466, 1.500000000003109957 ) ;
#2616 = CIRCLE ( 'NONE', #100, 1.500000000003109957 ) ;
#2617 = DIRECTION ( 'NONE',  ( -1.000000000000000000, 0.0000000000000000000, 0.0000000000000000000 ) ) ;
#2618 = DATE_TIME_ROLE ( 'classification_date' ) ;
#2619 = AXIS2_PLACEMENT_3D ( 'NONE', #730, #2834, #1179 ) ;
#2620 = CIRCLE ( 'NONE', #3025, 3.750000000000003553 ) ;
#2621 = DIRECTION ( 'NONE',  ( -0.0000000000000000000, -0.0000000000000000000, 1.000000000000000000 ) ) ;
#2622 = FACE_OUTER_BOUND ( 'NONE', #612, .T. ) ;
#2623 = ORIENTED_EDGE ( 'NONE', *, *, #2518, .T. ) ;
#2624 = AXIS2_PLACEMENT_3D ( 'NONE', #959, #980, #2402 ) ;
#2625 = EDGE_CURVE ( 'NONE', #423, #1313, #1783, .T. ) ;
#2626 = CARTESIAN_POINT ( 'NONE',  ( -113.0000000000000000, 213.5000000000000568, 1.000000000000013323 ) ) ;
#2627 = EDGE_LOOP ( 'NONE', ( #333, #2364, #1505, #1101 ) ) ;
#2628 = DIRECTION ( 'NONE',  ( 0.0000000000000000000, -0.0000000000000000000, 1.000000000000000000 ) ) ;
#2629 = CARTESIAN_POINT ( 'NONE',  ( -95.00000000000015632, -157.5000000000133014, 26.00000000000677147 ) ) ;
#2630 = ADVANCED_FACE ( 'NONE', ( #1155 ), #910, .T. ) ;
#2631 = CARTESIAN_POINT ( 'NONE',  ( 101.7499999997642988, 149.9999999999869544, 0.0000000000000000000 ) ) ;
#2632 = CARTESIAN_POINT ( 'NONE',  ( 101.7499999997642988, 149.9999999999869544, -1.000000000000000000 ) ) ;
#2633 = DIRECTION ( 'NONE',  ( -1.000000000000000000, 0.0000000000000000000, 0.0000000000000000000 ) ) ;
#2634 = EDGE_CURVE ( 'NONE', #1279, #689, #1562, .T. ) ;
#2635 = ORIENTED_EDGE ( 'NONE', *, *, #861, .F. ) ;
#2636 = CYLINDRICAL_SURFACE ( 'NONE', #788, 9.999999999999994671 ) ;
#2637 = EDGE_CURVE ( 'NONE', #1310, #1763, #2033, .T. ) ;
#2638 = ORIENTED_EDGE ( 'NONE', *, *, #2783, .T. ) ;
#2639 = CYLINDRICAL_SURFACE ( 'NONE', #351, 1.500000000003109957 ) ;
#2640 = CARTESIAN_POINT ( 'NONE',  ( -63.99999999999998579, 126.5000000000000568, 0.0000000000000000000 ) ) ;
#2641 = DIRECTION ( 'NONE',  ( -0.0000000000000000000, -0.0000000000000000000, 1.000000000000000000 ) ) ;
#2642 = EDGE_CURVE ( 'NONE', #3049, #2301, #2941, .T. ) ;
#2643 = CARTESIAN_POINT ( 'NONE',  ( -68.24999999999997158, 193.5000000000000568, -1.000000000000000000 ) ) ;
#2644 = CARTESIAN_POINT ( 'NONE',  ( -95.00000000000018474, -157.5000000000133014, 34.00000000000676437 ) ) ;
#2645 = VECTOR ( 'NONE', #261, 1000.000000000000000 ) ;
#2646 = ORIENTED_EDGE ( 'NONE', *, *, #2784, .F. ) ;
#2647 = ORIENTED_EDGE ( 'NONE', *, *, #2095, .T. ) ;
#2648 = EDGE_CURVE ( 'NONE', #1279, #851, #331, .T. ) ;
#2649 = CARTESIAN_POINT ( 'NONE',  ( 76.00000000000001421, 86.50000000000005684, -1.000000000000000000 ) ) ;
#2650 = CARTESIAN_POINT ( 'NONE',  ( -95.00000000000004263, 1.321694076934710836E-14, -3.504361765342047416E-13 ) ) ;
#2651 = DIRECTION ( 'NONE',  ( 0.0000000000000000000, 1.000000000000000000, 0.0000000000000000000 ) ) ;
#2652 = AXIS2_PLACEMENT_3D ( 'NONE', #1806, #2749, #191 ) ;
#2653 = AXIS2_PLACEMENT_3D ( 'NONE', #2547, #694, #632 ) ;
#2654 = CARTESIAN_POINT ( 'NONE',  ( -63.99999999999998579, 86.50000000000005684, -1.000000000000000000 ) ) ;
#2655 = EDGE_CURVE ( 'NONE', #1372, #2111, #687, .T. ) ;
#2656 = DIRECTION ( 'NONE',  ( 1.541976423090493661E-15, -1.000000000000000000, 0.0000000000000000000 ) ) ;
#2657 = AXIS2_PLACEMENT_3D ( 'NONE', #2975, #2721, #791 ) ;
#2658 = CARTESIAN_POINT ( 'NONE',  ( -113.0000000000000711, -185.4999999999999432, 18.99999999999995737 ) ) ;
#2659 = FACE_OUTER_BOUND ( 'NONE', #420, .T. ) ;
#2660 = ORIENTED_EDGE ( 'NONE', *, *, #2655, .T. ) ;
#2661 = AXIS2_PLACEMENT_3D ( 'NONE', #2650, #2599, #2119 ) ;
#2662 = DIRECTION ( 'NONE',  ( -0.0000000000000000000, -0.0000000000000000000, -1.000000000000000000 ) ) ;
#2663 = CIRCLE ( 'NONE', #2624, 1.500000000000001332 ) ;
#2664 = ORIENTED_EDGE ( 'NONE', *, *, #773, .F. ) ;
#2665 = DIRECTION ( 'NONE',  ( -0.0000000000000000000, -0.0000000000000000000, -1.000000000000000000 ) ) ;
#2666 = DIRECTION ( 'NONE',  ( -1.734723475976805862E-16, 1.000000000000000000, 0.0000000000000000000 ) ) ;
#2667 = EDGE_CURVE ( 'NONE', #647, #1280, #1389, .T. ) ;
#2668 = LINE ( 'NONE', #1773, #454 ) ;
#2669 = PLANE ( 'NONE',  #262 ) ;
#2670 = DIRECTION ( 'NONE',  ( 0.0000000000000000000, 0.0000000000000000000, 1.000000000000000000 ) ) ;
#2671 = DIRECTION ( 'NONE',  ( 0.0000000000000000000, -2.168404344971006896E-16, 1.000000000000000000 ) ) ;
#2672 = ORIENTED_EDGE ( 'NONE', *, *, #2999, .T. ) ;
#2673 = ORIENTED_EDGE ( 'NONE', *, *, #2164, .F. ) ;
#2674 = ORIENTED_EDGE ( 'NONE', *, *, #2511, .F. ) ;
#2675 = ORIENTED_EDGE ( 'NONE', *, *, #2214, .T. ) ;
#2676 = CARTESIAN_POINT ( 'NONE',  ( -62.50000000000000000, 169.5000000000000284, -1.000000000000000000 ) ) ;
#2677 = LINE ( 'NONE', #1497, #307 ) ;
#2678 = PLANE ( 'NONE',  #1624 ) ;
#2679 = EDGE_CURVE ( 'NONE', #2506, #285, #1805, .T. ) ;
#2680 = CARTESIAN_POINT ( 'NONE',  ( -96.00000000000012790, 108.4999999999901945, 26.00000000000594369 ) ) ;
#2681 = LINE ( 'NONE', #2468, #2065 ) ;
#2682 = CARTESIAN_POINT ( 'NONE',  ( -96.00000000000015632, -157.5000000000133014, 26.00000000000676792 ) ) ;
#2683 = FACE_OUTER_BOUND ( 'NONE', #1364, .T. ) ;
#2684 = ORIENTED_EDGE ( 'NONE', *, *, #958, .F. ) ;
#2685 = EDGE_LOOP ( 'NONE', ( #3022, #859 ) ) ;
#2686 = VERTEX_POINT ( 'NONE', #2528 ) ;
#2687 = DIRECTION ( 'NONE',  ( 0.0000000000000000000, 0.0000000000000000000, -1.000000000000000000 ) ) ;
#2688 = VECTOR ( 'NONE', #556, 1000.000000000000000 ) ;
#2689 = DIRECTION ( 'NONE',  ( 0.0000000000000000000, 1.000000000000000000, 0.0000000000000000000 ) ) ;
#2690 = APPROVAL_PERSON_ORGANIZATION ( #887, #1127, #192 ) ;
#2691 = DIRECTION ( 'NONE',  ( -0.0000000000000000000, -0.0000000000000000000, -1.000000000000000000 ) ) ;
#2692 = CIRCLE ( 'NONE', #2158, 9.999999999999994671 ) ;
#2693 = CARTESIAN_POINT ( 'NONE',  ( 102.7500000000000000, -138.0000000000131593, -1.000000000000000000 ) ) ;
#2694 = VECTOR ( 'NONE', #2719, 1000.000000000000000 ) ;
#2695 = LOCAL_TIME ( 17, 39, 45.00000000000000000, #2093 ) ;
#2696 = AXIS2_PLACEMENT_3D ( 'NONE', #1982, #1750, #1008 ) ;
#2697 = LINE ( 'NONE', #602, #167 ) ;
#2698 = DIRECTION ( 'NONE',  ( -1.000000000000000000, 0.0000000000000000000, 0.0000000000000000000 ) ) ;
#2699 = CARTESIAN_POINT ( 'NONE',  ( -113.0000000000000000, -188.4999999999999432, -1.000000000000000000 ) ) ;
#2700 = LINE ( 'NONE', #585, #1186 ) ;
#2701 = EDGE_LOOP ( 'NONE', ( #127, #130, #843, #165 ) ) ;
#2702 = ORIENTED_EDGE ( 'NONE', *, *, #464, .T. ) ;
#2703 = ORIENTED_EDGE ( 'NONE', *, *, #1939, .F. ) ;
#2704 = ORIENTED_EDGE ( 'NONE', *, *, #2556, .F. ) ;
#2705 = ORIENTED_EDGE ( 'NONE', *, *, #518, .T. ) ;
#2706 = VECTOR ( 'NONE', #1022, 1000.000000000000000 ) ;
#2707 = ORIENTED_EDGE ( 'NONE', *, *, #2106, .T. ) ;
#2708 = LINE ( 'NONE', #1510, #663 ) ;
#2709 = ADVANCED_FACE ( 'NONE', ( #2757 ), #660, .T. ) ;
#2710 = AXIS2_PLACEMENT_3D ( 'NONE', #623, #2191, #158 ) ;
#2711 = VECTOR ( 'NONE', #1289, 1000.000000000000000 ) ;
#2712 = ORIENTED_EDGE ( 'NONE', *, *, #57, .T. ) ;
#2713 = DIRECTION ( 'NONE',  ( 1.000000000000000000, 0.0000000000000000000, 0.0000000000000000000 ) ) ;
#2714 = FACE_OUTER_BOUND ( 'NONE', #2758, .T. ) ;
#2715 = EDGE_CURVE ( 'NONE', #194, #2301, #2062, .T. ) ;
#2716 = ORIENTED_EDGE ( 'NONE', *, *, #242, .T. ) ;
#2717 = PLANE ( 'NONE',  #597 ) ;
#2718 = ADVANCED_FACE ( 'NONE', ( #1316 ), #2269, .T. ) ;
#2719 = DIRECTION ( 'NONE',  ( 3.469446951953615767E-15, 0.0000000000000000000, -1.000000000000000000 ) ) ;
#2720 = CARTESIAN_POINT ( 'NONE',  ( -96.00000000000018474, -149.5000000000133014, 34.00000000000676437 ) ) ;
#2721 = DIRECTION ( 'NONE',  ( 0.0000000000000000000, 1.000000000000000000, 0.0000000000000000000 ) ) ;
#2722 = VERTEX_POINT ( 'NONE', #166 ) ;
#2723 = ORIENTED_EDGE ( 'NONE', *, *, #537, .F. ) ;
#2724 = ORIENTED_EDGE ( 'NONE', *, *, #2319, .T. ) ;
#2725 = ORIENTED_EDGE ( 'NONE', *, *, #2774, .T. ) ;
#2726 = EDGE_LOOP ( 'NONE', ( #2962, #1956, #1526, #2275 ) ) ;
#2727 = EDGE_LOOP ( 'NONE', ( #659, #501, #1715, #2526 ) ) ;
#2728 = VERTEX_POINT ( 'NONE', #1088 ) ;
#2729 = CARTESIAN_POINT ( 'NONE',  ( 102.7500000000000000, -138.0000000000131593, -1.000000000000000000 ) ) ;
#2730 = LINE ( 'NONE', #2894, #838 ) ;
#2731 = PLANE ( 'NONE',  #1468 ) ;
#2732 = DIRECTION ( 'NONE',  ( -1.000000000000000000, 0.0000000000000000000, -7.121496375062679846E-15 ) ) ;
#2733 = CARTESIAN_POINT ( 'NONE',  ( -59.99999999999999289, 169.5000000000000284, -1.000000000000000000 ) ) ;
#2734 = CARTESIAN_POINT ( 'NONE',  ( -102.1778599138591943, 166.4999999999994884, -1.000000000000000000 ) ) ;
#2735 = CARTESIAN_POINT ( 'NONE',  ( -102.1778599138591943, 166.4999999999994884, 0.0000000000000000000 ) ) ;
#2736 = EDGE_CURVE ( 'NONE', #2728, #2261, #2056, .T. ) ;
#2737 = ORIENTED_EDGE ( 'NONE', *, *, #2186, .F. ) ;
#2738 = ORIENTED_EDGE ( 'NONE', *, *, #2914, .F. ) ;
#2739 = ORIENTED_EDGE ( 'NONE', *, *, #2588, .T. ) ;
#2740 = EDGE_LOOP ( 'NONE', ( #453, #1001, #2577, #2458 ) ) ;
#2741 = DIRECTION ( 'NONE',  ( -3.652049423109067235E-15, 8.758115402030106693E-47, 1.000000000000000000 ) ) ;
#2742 = EDGE_LOOP ( 'NONE', ( #2028, #1867, #1633, #379 ) ) ;
#2743 = EDGE_CURVE ( 'NONE', #1285, #365, #1608, .T. ) ;
#2744 = DIRECTION ( 'NONE',  ( 1.000000000000000000, -1.158896685412480835E-16, 0.0000000000000000000 ) ) ;
#2745 = DIRECTION ( 'NONE',  ( -1.000000000000000000, 0.0000000000000000000, 0.0000000000000000000 ) ) ;
#2746 = ORIENTED_EDGE ( 'NONE', *, *, #2679, .T. ) ;
#2747 = VECTOR ( 'NONE', #284, 1000.000000000000000 ) ;
#2748 = CARTESIAN_POINT ( 'NONE',  ( -63.99999999999998579, 136.5000000000000568, 0.0000000000000000000 ) ) ;
#2749 = DIRECTION ( 'NONE',  ( 0.0000000000000000000, 0.0000000000000000000, -1.000000000000000000 ) ) ;
#2750 = MECHANICAL_CONTEXT ( 'NONE', #2421, 'mechanical' ) ;
#2751 = CARTESIAN_POINT ( 'NONE',  ( 95.24999999999998579, -147.0000000000131877, -1.000000000000000000 ) ) ;
#2752 = ORIENTED_EDGE ( 'NONE', *, *, #1935, .F. ) ;
#2753 = VECTOR ( 'NONE', #2408, 1000.000000000000000 ) ;
#2754 = EDGE_LOOP ( 'NONE', ( #456, #937, #1964, #277 ) ) ;
#2755 = VERTEX_POINT ( 'NONE', #956 ) ;
#2756 = CIRCLE ( 'NONE', #1265, 2.250000000000001776 ) ;
#2757 = FACE_OUTER_BOUND ( 'NONE', #626, .T. ) ;
#2758 = EDGE_LOOP ( 'NONE', ( #1259, #1794, #572, #1560 ) ) ;
#2759 = EDGE_LOOP ( 'NONE', ( #2646, #382, #1314, #625 ) ) ;
#2760 = AXIS2_PLACEMENT_3D ( 'NONE', #2052, #1800, #2745 ) ;
#2761 = CARTESIAN_POINT ( 'NONE',  ( 66.00000000000001421, 176.5000000000000853, 0.0000000000000000000 ) ) ;
#2762 = CARTESIAN_POINT ( 'NONE',  ( 103.9999999999955662, -1.301194395286753291E-11, 0.0000000000000000000 ) ) ;
#2763 = AXIS2_PLACEMENT_3D ( 'NONE', #3031, #226, #2094 ) ;
#2764 = VECTOR ( 'NONE', #444, 1000.000000000000000 ) ;
#2765 = CARTESIAN_POINT ( 'NONE',  ( 66.00000000000001421, 166.5000000000000568, 0.0000000000000000000 ) ) ;
#2766 = LINE ( 'NONE', #391, #2567 ) ;
#2767 = EDGE_CURVE ( 'NONE', #1199, #1372, #939, .T. ) ;
#2768 = CIRCLE ( 'NONE', #1272, 2.250000000000001776 ) ;
#2769 = LINE ( 'NONE', #1162, #1509 ) ;
#2770 = CARTESIAN_POINT ( 'NONE',  ( -65.00000000000000000, 169.5000000000000284, -1.000000000000000000 ) ) ;
#2771 = CARTESIAN_POINT ( 'NONE',  ( -14.00000000000001599, 146.5000000000000853, -1.000000000000000000 ) ) ;
#2772 = ORIENTED_EDGE ( 'NONE', *, *, #2174, .T. ) ;
#2773 = ORIENTED_EDGE ( 'NONE', *, *, #990, .F. ) ;
#2774 = EDGE_CURVE ( 'NONE', #487, #2924, #2140, .T. ) ;
#2775 = DIRECTION ( 'NONE',  ( 0.0000000000000000000, -1.000000000000000000, 0.0000000000000000000 ) ) ;
#2776 = CARTESIAN_POINT ( 'NONE',  ( 103.7221400861378129, 166.4999999999994884, 0.0000000000000000000 ) ) ;
#2777 = ORIENTED_EDGE ( 'NONE', *, *, #2481, .T. ) ;
#2778 = DIRECTION ( 'NONE',  ( 0.0000000000000000000, 1.000000000000000000, -0.0000000000000000000 ) ) ;
#2779 = CARTESIAN_POINT ( 'NONE',  ( 114.0000000000000284, 1.095614826932732082E-15, 9.000000000000099476 ) ) ;
#2780 = EDGE_CURVE ( 'NONE', #851, #1279, #1857, .T. ) ;
#2781 = DIRECTION ( 'NONE',  ( -1.000000000000000000, 0.0000000000000000000, -2.775557561562811834E-14 ) ) ;
#2782 = CARTESIAN_POINT ( 'NONE',  ( -114.0000000000000568, -185.4999999999999432, 16.99999999999995026 ) ) ;
#2783 = EDGE_CURVE ( 'NONE', #1760, #1390, #1218, .T. ) ;
#2784 = EDGE_CURVE ( 'NONE', #2031, #1508, #1184, .T. ) ;
#2785 = CARTESIAN_POINT ( 'NONE',  ( 99.00000000000000000, -198.4999999999999432, -1.000000000000000000 ) ) ;
#2786 = DIRECTION ( 'NONE',  ( -1.000000000000000000, 0.0000000000000000000, 0.0000000000000000000 ) ) ;
#2787 = CARTESIAN_POINT ( 'NONE',  ( -115.0000000000000000, 5.477887406127128253E-29, -4.234771649963858591E-13 ) ) ;
#2788 = EDGE_LOOP ( 'NONE', ( #1100, #1957, #2155, #76 ) ) ;
#2789 = ORIENTED_EDGE ( 'NONE', *, *, #2774, .F. ) ;
#2790 = DIRECTION ( 'NONE',  ( -3.469446951953615767E-15, 0.0000000000000000000, 1.000000000000000000 ) ) ;
#2791 = ORIENTED_EDGE ( 'NONE', *, *, #861, .T. ) ;
#2792 = DIRECTION ( 'NONE',  ( -1.158896685412480835E-16, -1.000000000000000000, -4.020730572833479680E-31 ) ) ;
#2793 = DIRECTION ( 'NONE',  ( 0.0000000000000000000, -1.000000000000000000, -2.168404344971006896E-16 ) ) ;
#2794 = CARTESIAN_POINT ( 'NONE',  ( 113.0000000000000000, 213.5000000000000853, 1.000000000000003997 ) ) ;
#2795 = CARTESIAN_POINT ( 'NONE',  ( -103.6778599138623065, 86.49999999999940314, 0.0000000000000000000 ) ) ;
#2796 = CARTESIAN_POINT ( 'NONE',  ( -115.0000000000000000, -213.4999999999999432, 0.0000000000000000000 ) ) ;
#2797 = SECURITY_CLASSIFICATION_LEVEL ( 'unclassified' ) ;
#2798 = CARTESIAN_POINT ( 'NONE',  ( 102.7499999999999716, -176.9999999999999432, 0.0000000000000000000 ) ) ;
#2799 = ORIENTED_EDGE ( 'NONE', *, *, #2392, .T. ) ;
#2800 = ORIENTED_EDGE ( 'NONE', *, *, #2257, .T. ) ;
#2801 = VERTEX_POINT ( 'NONE', #1441 ) ;
#2802 = AXIS2_PLACEMENT_3D ( 'NONE', #2387, #1691, #764 ) ;
#2803 = CARTESIAN_POINT ( 'NONE',  ( 66.00000000000001421, 76.50000000000007105, 0.0000000000000000000 ) ) ;
#2804 = DIRECTION ( 'NONE',  ( -1.000000000000000000, 0.0000000000000000000, 0.0000000000000000000 ) ) ;
#2805 = CIRCLE ( 'NONE', #2161, 2.250000000231233699 ) ;
#2806 = VECTOR ( 'NONE', #500, 1000.000000000000000 ) ;
#2807 = CARTESIAN_POINT ( 'NONE',  ( 101.7499999997642988, 149.9999999999869544, 0.0000000000000000000 ) ) ;
#2808 = ADVANCED_FACE ( 'NONE', ( #2622 ), #1207, .F. ) ;
#2809 = DIRECTION ( 'NONE',  ( -1.000000000000000000, 0.0000000000000000000, 0.0000000000000000000 ) ) ;
#2810 = CIRCLE ( 'NONE', #3021, 2.500000000000009326 ) ;
#2811 = LINE ( 'NONE', #222, #1965 ) ;
#2812 = EDGE_CURVE ( 'NONE', #2505, #177, #2153, .T. ) ;
#2813 = DIRECTION ( 'NONE',  ( -1.301042606982606060E-16, -1.000000000000000000, 0.0000000000000000000 ) ) ;
#2814 = CIRCLE ( 'NONE', #407, 9.999999999999994671 ) ;
#2815 = CARTESIAN_POINT ( 'NONE',  ( 102.7499999999999716, -167.9999999999999147, 0.0000000000000000000 ) ) ;
#2816 = AXIS2_PLACEMENT_3D ( 'NONE', #1616, #185, #1105 ) ;
#2817 = APPROVAL_STATUS ( 'not_yet_approved' ) ;
#2818 = DIRECTION ( 'NONE',  ( -0.0000000000000000000, -0.0000000000000000000, 1.000000000000000000 ) ) ;
#2819 = ORIENTED_EDGE ( 'NONE', *, *, #738, .T. ) ;
#2820 = EDGE_CURVE ( 'NONE', #374, #1485, #2254, .T. ) ;
#2821 = ORIENTED_EDGE ( 'NONE', *, *, #2897, .F. ) ;
#2822 = VERTEX_POINT ( 'NONE', #2128 ) ;
#2823 = DIRECTION ( 'NONE',  ( 0.0000000000000000000, 1.000000000000000000, 0.0000000000000000000 ) ) ;
#2824 = VERTEX_POINT ( 'NONE', #27 ) ;
#2825 = ORIENTED_EDGE ( 'NONE', *, *, #1772, .F. ) ;
#2826 = EDGE_CURVE ( 'NONE', #1245, #1506, #721, .T. ) ;
#2827 = FACE_BOUND ( 'NONE', #718, .T. ) ;
#2828 = DIRECTION ( 'NONE',  ( -1.000000000000000000, 0.0000000000000000000, 0.0000000000000000000 ) ) ;
#2829 = ORIENTED_EDGE ( 'NONE', *, *, #850, .T. ) ;
#2830 = ADVANCED_FACE ( 'NONE', ( #1892 ), #965, .T. ) ;
#2831 = CARTESIAN_POINT ( 'NONE',  ( 102.7500000000000000, -138.0000000000131593, 0.0000000000000000000 ) ) ;
#2832 = CARTESIAN_POINT ( 'NONE',  ( 5.999999999999985789, 166.5000000000000568, -1.000000000000000000 ) ) ;
#2833 = DIRECTION ( 'NONE',  ( 0.0000000000000000000, 0.0000000000000000000, 1.000000000000000000 ) ) ;
#2834 = DIRECTION ( 'NONE',  ( 0.0000000000000000000, 1.000000000000000000, 0.0000000000000000000 ) ) ;
#2835 = DIRECTION ( 'NONE',  ( -1.000000000000000000, 0.0000000000000000000, 0.0000000000000000000 ) ) ;
#2836 = EDGE_CURVE ( 'NONE', #1506, #2801, #245, .T. ) ;
#2837 = DIRECTION ( 'NONE',  ( 0.0000000000000000000, 1.000000000000000000, -0.0000000000000000000 ) ) ;
#2838 = ORIENTED_EDGE ( 'NONE', *, *, #592, .T. ) ;
#2839 = CARTESIAN_POINT ( 'NONE',  ( -28.24999999999998224, 213.5000000000000568, 0.0000000000000000000 ) ) ;
#2840 = PLANE ( 'NONE',  #59 ) ;
#2841 = CARTESIAN_POINT ( 'NONE',  ( -115.0000000000000000, 213.5000000000000568, -1.000000000000000000 ) ) ;
#2842 = CARTESIAN_POINT ( 'NONE',  ( -68.24999999999997158, 193.5000000000000568, -1.000000000000000000 ) ) ;
#2843 = UNCERTAINTY_MEASURE_WITH_UNIT (LENGTH_MEASURE( 1.000000000000000082E-05 ), #2501, 'distance_accuracy_value', 'NONE');
#2844 = DIRECTION ( 'NONE',  ( 1.000000000000000000, -1.158896685412480835E-16, 3.469446951953613794E-15 ) ) ;
#2845 = VECTOR ( 'NONE', #2300, 1000.000000000000000 ) ;
#2846 = CARTESIAN_POINT ( 'NONE',  ( 103.9999999999955662, -1.301194395286753291E-11, -1.000000000000000000 ) ) ;
#2847 = CARTESIAN_POINT ( 'NONE',  ( -14.00000000000001599, 136.5000000000000568, 0.0000000000000000000 ) ) ;
#2848 = ORIENTED_EDGE ( 'NONE', *, *, #1437, .F. ) ;
#2849 = PLANE ( 'NONE',  #1882 ) ;
#2850 = CARTESIAN_POINT ( 'NONE',  ( 115.0000000000000000, -213.4999999999999432, 0.0000000000000000000 ) ) ;
#2851 = CC_DESIGN_APPROVAL ( #2544, ( #1124 ) ) ;
#2852 = EDGE_CURVE ( 'NONE', #860, #194, #384, .T. ) ;
#2853 = VECTOR ( 'NONE', #886, 1000.000000000000000 ) ;
#2854 = ADVANCED_FACE ( 'NONE', ( #924 ), #1692, .F. ) ;
#2855 = CARTESIAN_POINT ( 'NONE',  ( -97.00000000000007105, -185.4999999999999432, 19.00000000000011724 ) ) ;
#2856 = FACE_OUTER_BOUND ( 'NONE', #1293, .T. ) ;
#2857 = VECTOR ( 'NONE', #35, 1000.000000000000000 ) ;
#2858 = ORIENTED_EDGE ( 'NONE', *, *, #2481, .F. ) ;
#2859 = VECTOR ( 'NONE', #2895, 1000.000000000000000 ) ;
#2860 = ADVANCED_FACE ( 'NONE', ( #2606 ), #1428, .F. ) ;
#2861 = CARTESIAN_POINT ( 'NONE',  ( -96.00000000000018474, -157.5000000000133014, 34.00000000000676437 ) ) ;
#2862 = PERSON_AND_ORGANIZATION_ROLE ( 'classification_officer' ) ;
#2863 = CIRCLE ( 'NONE', #1769, 2.250000000174959158 ) ;
#2864 = AXIS2_PLACEMENT_3D ( 'NONE', #2841, #1933, #2628 ) ;
#2865 = DIRECTION ( 'NONE',  ( -6.938893903907126615E-15, 0.0000000000000000000, 1.000000000000000000 ) ) ;
#2866 = CARTESIAN_POINT ( 'NONE',  ( -95.00000000000012790, 108.4999999999901945, 26.00000000000594369 ) ) ;
#2867 = ORIENTED_EDGE ( 'NONE', *, *, #2431, .T. ) ;
#2868 = PRODUCT_RELATED_PRODUCT_CATEGORY ( 'detail', '', ( #502 ) ) ;
#2869 = DIRECTION ( 'NONE',  ( 3.652049423109067235E-15, 0.0000000000000000000, -1.000000000000000000 ) ) ;
#2870 = CARTESIAN_POINT ( 'NONE',  ( -113.0000000000000000, -185.4999999999999716, 0.9999999999999267253 ) ) ;
#2871 = CARTESIAN_POINT ( 'NONE',  ( -115.0000000000000000, -213.4999999999999432, -1.000000000000000000 ) ) ;
#2872 = ADVANCED_FACE ( 'NONE', ( #1903 ), #478, .F. ) ;
#2873 = CYLINDRICAL_SURFACE ( 'NONE', #1017, 1.000000000000028644 ) ;
#2874 = ORIENTED_EDGE ( 'NONE', *, *, #1348, .F. ) ;
#2875 = EDGE_CURVE ( 'NONE', #163, #233, #309, .T. ) ;
#2876 = FACE_OUTER_BOUND ( 'NONE', #479, .T. ) ;
#2877 = FACE_OUTER_BOUND ( 'NONE', #1801, .T. ) ;
#2878 = ORIENTED_EDGE ( 'NONE', *, *, #469, .T. ) ;
#2879 = CARTESIAN_POINT ( 'NONE',  ( -114.0000000000000000, 5.477887406127128253E-29, -4.199856836575427383E-13 ) ) ;
#2880 = DIRECTION ( 'NONE',  ( 0.0000000000000000000, -1.000000000000000000, -2.168404344971006896E-16 ) ) ;
#2881 = EDGE_CURVE ( 'NONE', #2755, #368, #1725, .T. ) ;
#2882 = LINE ( 'NONE', #1054, #3018 ) ;
#2883 = CARTESIAN_POINT ( 'NONE',  ( -97.00000000000011369, -185.4999999999999432, 20.00000000000009237 ) ) ;
#2884 = CARTESIAN_POINT ( 'NONE',  ( -115.0000000000000000, 213.5000000000000568, 1.000000000000005773 ) ) ;
#2885 = FACE_OUTER_BOUND ( 'NONE', #1793, .T. ) ;
#2886 = AXIS2_PLACEMENT_3D ( 'NONE', #37, #1167, #2363 ) ;
#2887 = ORIENTED_EDGE ( 'NONE', *, *, #2518, .F. ) ;
#2888 = ORIENTED_EDGE ( 'NONE', *, *, #914, .T. ) ;
#2889 = ORIENTED_EDGE ( 'NONE', *, *, #1067, .T. ) ;
#2890 = CARTESIAN_POINT ( 'NONE',  ( 96.75000000000000000, -198.4999999999999432, 0.0000000000000000000 ) ) ;
#2891 = EDGE_CURVE ( 'NONE', #2060, #2379, #1233, .T. ) ;
#2892 = ORIENTED_EDGE ( 'NONE', *, *, #1477, .T. ) ;
#2893 = EDGE_CURVE ( 'NONE', #1740, #957, #1503, .T. ) ;
#2894 = CARTESIAN_POINT ( 'NONE',  ( 113.0000000000000000, 213.5000000000000853, -0.9999999999999970024 ) ) ;
#2895 = DIRECTION ( 'NONE',  ( -3.469446951953615767E-15, 0.0000000000000000000, 1.000000000000000000 ) ) ;
#2896 = AXIS2_PLACEMENT_3D ( 'NONE', #697, #2990, #472 ) ;
#2897 = EDGE_CURVE ( 'NONE', #7, #348, #2307, .T. ) ;
#2898 = VECTOR ( 'NONE', #2023, 1000.000000000000000 ) ;
#2899 = CARTESIAN_POINT ( 'NONE',  ( -73.99999999999997158, 86.50000000000005684, -1.000000000000000000 ) ) ;
#2900 = CARTESIAN_POINT ( 'NONE',  ( -62.50000000000000000, 169.5000000000000284, -1.000000000000000000 ) ) ;
#2901 = AXIS2_PLACEMENT_3D ( 'NONE', #2787, #1576, #1829 ) ;
#2902 = CARTESIAN_POINT ( 'NONE',  ( -96.00000000000008527, 213.5000000000000853, 20.00000000000010658 ) ) ;
#2903 = ADVANCED_FACE ( 'NONE', ( #345 ), #1938, .F. ) ;
#2904 = CARTESIAN_POINT ( 'NONE',  ( -63.99999999999998579, 136.5000000000000568, 0.0000000000000000000 ) ) ;
#2905 = EDGE_LOOP ( 'NONE', ( #322, #263, #2283, #2746 ) ) ;
#2906 = ORIENTED_EDGE ( 'NONE', *, *, #1880, .T. ) ;
#2907 = VERTEX_POINT ( 'NONE', #2699 ) ;
#2908 = ORIENTED_EDGE ( 'NONE', *, *, #371, .T. ) ;
#2909 = AXIS2_PLACEMENT_3D ( 'NONE', #2870, #2880, #1885 ) ;
#2910 = ORIENTED_EDGE ( 'NONE', *, *, #1848, .T. ) ;
#2911 = CARTESIAN_POINT ( 'NONE',  ( 113.0000000000000000, -188.4999999999999432, 3.035766082959412415E-15 ) ) ;
#2912 = VECTOR ( 'NONE', #1941, 1000.000000000000000 ) ;
#2913 = EDGE_LOOP ( 'NONE', ( #2027, #1876, #1781, #1987 ) ) ;
#2914 = EDGE_CURVE ( 'NONE', #1740, #1245, #2411, .T. ) ;
#2915 = CARTESIAN_POINT ( 'NONE',  ( -32.50000000000000000, 169.5000000000000284, -1.000000000000000000 ) ) ;
#2916 = FACE_OUTER_BOUND ( 'NONE', #2473, .T. ) ;
#2917 = DIRECTION ( 'NONE',  ( -0.0000000000000000000, 1.000000000000000000, 2.168404344971006896E-16 ) ) ;
#2918 = DIRECTION ( 'NONE',  ( -3.083952846180946696E-15, 0.0000000000000000000, -1.000000000000000000 ) ) ;
#2919 = CARTESIAN_POINT ( 'NONE',  ( 105.2221400861376992, 86.49999999999953104, 0.0000000000000000000 ) ) ;
#2920 = CARTESIAN_POINT ( 'NONE',  ( -115.0000000000000000, 213.5000000000000568, -3.491481338843133355E-15 ) ) ;
#2921 = ORIENTED_EDGE ( 'NONE', *, *, #1319, .F. ) ;
#2922 = ORIENTED_EDGE ( 'NONE', *, *, #2875, .T. ) ;
#2923 = EDGE_LOOP ( 'NONE', ( #491, #1152, #2638, #2230 ) ) ;
#2924 = VERTEX_POINT ( 'NONE', #2423 ) ;
#2925 = ORIENTED_EDGE ( 'NONE', *, *, #1194, .F. ) ;
#2926 = CARTESIAN_POINT ( 'NONE',  ( 99.00000000000000000, -198.4999999999999432, -1.000000000000000000 ) ) ;
#2927 = CARTESIAN_POINT ( 'NONE',  ( 113.0000000000000000, 213.5000000000000853, 3.035766082959412415E-15 ) ) ;
#2928 = CARTESIAN_POINT ( 'NONE',  ( 106.2500000001705303, -1.301166840733770345E-11, 0.0000000000000000000 ) ) ;
#2929 = EDGE_LOOP ( 'NONE', ( #2032, #2247, #2938, #2925 ) ) ;
#2930 = CARTESIAN_POINT ( 'NONE',  ( -113.0000000000000000, -186.9999999999999432, -7.415942859800850329E-14 ) ) ;
#2931 = ORIENTED_EDGE ( 'NONE', *, *, #1870, .F. ) ;
#2932 = DIRECTION ( 'NONE',  ( -0.0000000000000000000, -0.0000000000000000000, -1.000000000000000000 ) ) ;
#2933 = ADVANCED_FACE ( 'NONE', ( #2885 ), #775, .F. ) ;
#2934 = DIRECTION ( 'NONE',  ( -0.0000000000000000000, 1.000000000000000000, 2.168404344971006896E-16 ) ) ;
#2935 = CARTESIAN_POINT ( 'NONE',  ( 102.7499999999999716, -167.9999999999999147, -1.000000000000000000 ) ) ;
#2936 = CARTESIAN_POINT ( 'NONE',  ( 95.24999999999995737, -138.0000000000131593, 0.0000000000000000000 ) ) ;
#2937 = VERTEX_POINT ( 'NONE', #2644 ) ;
#2938 = ORIENTED_EDGE ( 'NONE', *, *, #987, .T. ) ;
#2939 = VERTEX_POINT ( 'NONE', #320 ) ;
#2940 = ORIENTED_EDGE ( 'NONE', *, *, #1950, .F. ) ;
#2941 = CIRCLE ( 'NONE', #87, 1.500000000003109957 ) ;
#2942 = ORIENTED_EDGE ( 'NONE', *, *, #2136, .T. ) ;
#2943 = DIRECTION ( 'NONE',  ( 0.0000000000000000000, 0.0000000000000000000, 1.000000000000000000 ) ) ;
#2944 = EDGE_CURVE ( 'NONE', #92, #609, #991, .T. ) ;
#2945 = CARTESIAN_POINT ( 'NONE',  ( -68.25000000000000000, 213.5000000000000568, 0.0000000000000000000 ) ) ;
#2946 = CARTESIAN_POINT ( 'NONE',  ( 95.24999999999997158, -147.0000000000131877, -1.000000000000000000 ) ) ;
#2947 = EDGE_CURVE ( 'NONE', #374, #2686, #1711, .T. ) ;
#2948 = ORIENTED_EDGE ( 'NONE', *, *, #2455, .T. ) ;
#2949 = FACE_OUTER_BOUND ( 'NONE', #826, .T. ) ;
#2950 = AXIS2_PLACEMENT_3D ( 'NONE', #2432, #1255, #1502 ) ;
#2951 = CIRCLE ( 'NONE', #1181, 0.9999999999999731326 ) ;
#2952 = EDGE_CURVE ( 'NONE', #194, #860, #254, .T. ) ;
#2953 = CARTESIAN_POINT ( 'NONE',  ( 101.7499999998206022, -1.301194395286753291E-11, 0.0000000000000000000 ) ) ;
#2954 = CARTESIAN_POINT ( 'NONE',  ( -64.00000000000000000, 76.50000000000007105, 0.0000000000000000000 ) ) ;
#2955 = VECTOR ( 'NONE', #1393, 1000.000000000000000 ) ;
#2956 = ORIENTED_EDGE ( 'NONE', *, *, #2497, .F. ) ;
#2957 = ORIENTED_EDGE ( 'NONE', *, *, #482, .F. ) ;
#2958 = EDGE_LOOP ( 'NONE', ( #1819, #1843, #1089, #2194 ) ) ;
#2959 = VERTEX_POINT ( 'NONE', #2658 ) ;
#2960 = VECTOR ( 'NONE', #953, 1000.000000000000000 ) ;
#2961 = EDGE_LOOP ( 'NONE', ( #1558, #2021, #614, #2381 ) ) ;
#2962 = ORIENTED_EDGE ( 'NONE', *, *, #1621, .F. ) ;
#2963 = CARTESIAN_POINT ( 'NONE',  ( -113.0000000000000000, -185.4999999999999432, 0.9999999999999267253 ) ) ;
#2964 = EDGE_LOOP ( 'NONE', ( #573, #874, #809, #1035 ) ) ;
#2965 = AXIS2_PLACEMENT_3D ( 'NONE', #2146, #32, #961 ) ;
#2966 = VECTOR ( 'NONE', #2662, 1000.000000000000000 ) ;
#2967 = ORIENTED_EDGE ( 'NONE', *, *, #726, .F. ) ;
#2968 = LINE ( 'NONE', #113, #1634 ) ;
#2969 = DIRECTION ( 'NONE',  ( -0.0000000000000000000, -0.0000000000000000000, 1.000000000000000000 ) ) ;
#2970 = ORIENTED_EDGE ( 'NONE', *, *, #2715, .F. ) ;
#2971 = ADVANCED_FACE ( 'NONE', ( #86, #1011, #583 ), #1953, .T. ) ;
#2972 = DIRECTION ( 'NONE',  ( -0.0000000000000000000, -1.000000000000000000, -0.0000000000000000000 ) ) ;
#2973 = PLANE ( 'NONE',  #2652 ) ;
#2974 = DIRECTION ( 'NONE',  ( 1.000000000000000000, 0.0000000000000000000, 0.0000000000000000000 ) ) ;
#2975 = CARTESIAN_POINT ( 'NONE',  ( 115.0000000000000284, 213.5000000000000568, 9.000000000000071054 ) ) ;
#2976 = ORIENTED_EDGE ( 'NONE', *, *, #598, .T. ) ;
#2977 = ORIENTED_EDGE ( 'NONE', *, *, #2143, .F. ) ;
#2978 = EDGE_CURVE ( 'NONE', #1760, #2114, #1971, .T. ) ;
#2979 = VERTEX_POINT ( 'NONE', #2224 ) ;
#2980 = VERTEX_POINT ( 'NONE', #119 ) ;
#2981 = ORIENTED_EDGE ( 'NONE', *, *, #2278, .T. ) ;
#2982 = ORIENTED_EDGE ( 'NONE', *, *, #224, .F. ) ;
#2983 = CARTESIAN_POINT ( 'NONE',  ( 105.2221400861376992, 86.49999999999953104, 0.0000000000000000000 ) ) ;
#2984 = VERTEX_POINT ( 'NONE', #1044 ) ;
#2985 = FACE_OUTER_BOUND ( 'NONE', #492, .T. ) ;
#2986 = CARTESIAN_POINT ( 'NONE',  ( 98.99999999999998579, -147.0000000000131877, -1.000000000000000000 ) ) ;
#2987 = EDGE_LOOP ( 'NONE', ( #152, #671, #2592, #2819 ) ) ;
#2988 = ADVANCED_FACE ( 'NONE', ( #2877 ), #1985, .F. ) ;
#2989 = CARTESIAN_POINT ( 'NONE',  ( -113.0000000000000711, -185.4999999999999432, 16.99999999999997868 ) ) ;
#2990 = DIRECTION ( 'NONE',  ( -0.0000000000000000000, -1.000000000000000000, -0.0000000000000000000 ) ) ;
#2991 = DIRECTION ( 'NONE',  ( 0.0000000000000000000, 0.0000000000000000000, 1.000000000000000000 ) ) ;
#2992 = CARTESIAN_POINT ( 'NONE',  ( -113.0000000000000711, -185.4999999999999432, 16.99999999999997868 ) ) ;
#2993 = ORIENTED_EDGE ( 'NONE', *, *, #1511, .F. ) ;
#2994 = VERTEX_POINT ( 'NONE', #1701 ) ;
#2995 = ORIENTED_EDGE ( 'NONE', *, *, #168, .T. ) ;
#2996 = CARTESIAN_POINT ( 'NONE',  ( -63.99999999999998579, 126.5000000000000568, 0.0000000000000000000 ) ) ;
#2997 = CARTESIAN_POINT ( 'NONE',  ( -95.00000000000012790, 116.4999999999901803, 26.00000000000594369 ) ) ;
#2998 = EDGE_LOOP ( 'NONE', ( #1033, #1940, #1904, #1063 ) ) ;
#2999 = EDGE_CURVE ( 'NONE', #1580, #507, #498, .T. ) ;
#3000 = LINE ( 'NONE', #235, #1334 ) ;
#3001 = DIRECTION ( 'NONE',  ( 0.0000000000000000000, 1.000000000000000000, -1.217349807703022362E-16 ) ) ;
#3002 = ORIENTED_EDGE ( 'NONE', *, *, #2226, .T. ) ;
#3003 = VECTOR ( 'NONE', #1000, 1000.000000000000000 ) ;
#3004 = CIRCLE ( 'NONE', #1666, 3.750000000000017319 ) ;
#3005 = LINE ( 'NONE', #1358, #2711 ) ;
#3006 = CYLINDRICAL_SURFACE ( 'NONE', #2509, 2.250000000000001776 ) ;
#3007 = ADVANCED_FACE ( 'NONE', ( #2043 ), #139, .F. ) ;
#3008 = DIRECTION ( 'NONE',  ( 1.387778780781446464E-15, -1.000000000000000000, 0.0000000000000000000 ) ) ;
#3009 = CARTESIAN_POINT ( 'NONE',  ( 0.0000000000000000000, 0.0000000000000000000, 0.0000000000000000000 ) ) ;
#3010 = DIRECTION ( 'NONE',  ( 0.0000000000000000000, -0.0000000000000000000, -1.000000000000000000 ) ) ;
#3011 = VECTOR ( 'NONE', #2918, 1000.000000000000000 ) ;
#3012 = ORIENTED_EDGE ( 'NONE', *, *, #2852, .T. ) ;
#3013 = EDGE_LOOP ( 'NONE', ( #121, #1782 ) ) ;
#3014 = AXIS2_PLACEMENT_3D ( 'NONE', #1824, #3041, #667 ) ;
#3015 = DIRECTION ( 'NONE',  ( -0.0000000000000000000, -0.0000000000000000000, -1.000000000000000000 ) ) ;
#3016 = EDGE_LOOP ( 'NONE', ( #350, #461 ) ) ;
#3017 = ORIENTED_EDGE ( 'NONE', *, *, #1397, .T. ) ;
#3018 = VECTOR ( 'NONE', #1996, 1000.000000000000000 ) ;
#3019 = DIRECTION ( 'NONE',  ( 0.0000000000000000000, -1.304303365396095688E-16, 1.000000000000000000 ) ) ;
#3020 = FACE_OUTER_BOUND ( 'NONE', #3035, .T. ) ;
#3021 = AXIS2_PLACEMENT_3D ( 'NONE', #1123, #1823, #205 ) ;
#3022 = ORIENTED_EDGE ( 'NONE', *, *, #1448, .F. ) ;
#3023 = EDGE_CURVE ( 'NONE', #2210, #1831, #204, .T. ) ;
#3024 = ADVANCED_FACE ( 'NONE', ( #430 ), #871, .F. ) ;
#3025 = AXIS2_PLACEMENT_3D ( 'NONE', #2542, #879, #409 ) ;
#3026 = CARTESIAN_POINT ( 'NONE',  ( -14.00000000000001599, 136.5000000000000568, -1.000000000000000000 ) ) ;
#3027 = DIRECTION ( 'NONE',  ( -0.0000000000000000000, -0.0000000000000000000, 1.000000000000000000 ) ) ;
#3028 = VECTOR ( 'NONE', #2427, 1000.000000000000000 ) ;
#3029 = DIRECTION ( 'NONE',  ( -1.000000000000000000, -1.387778780781446464E-15, 0.0000000000000000000 ) ) ;
#3030 = CARTESIAN_POINT ( 'NONE',  ( 106.7221400861440230, 166.4999999999994884, -1.000000000000000000 ) ) ;
#3031 = CARTESIAN_POINT ( 'NONE',  ( 113.0000000000000000, 213.5000000000000853, 1.000000000000003997 ) ) ;
#3032 = ORIENTED_EDGE ( 'NONE', *, *, #3023, .T. ) ;
#3033 = LINE ( 'NONE', #421, #1669 ) ;
#3034 = DIRECTION ( 'NONE',  ( -0.0000000000000000000, -0.0000000000000000000, -1.000000000000000000 ) ) ;
#3035 = EDGE_LOOP ( 'NONE', ( #141, #862, #1584, #1998 ) ) ;
#3036 = VERTEX_POINT ( 'NONE', #416 ) ;
#3037 = ORIENTED_EDGE ( 'NONE', *, *, #2836, .F. ) ;
#3038 = DIRECTION ( 'NONE',  ( 1.000000000000000000, -1.391256923089173450E-16, 0.0000000000000000000 ) ) ;
#3039 = CARTESIAN_POINT ( 'NONE',  ( -113.0000000000000000, -185.4999999999999716, 0.9999999999999267253 ) ) ;
#3040 = PLANE ( 'NONE',  #221 ) ;
#3041 = DIRECTION ( 'NONE',  ( 1.000000000000000000, -1.541976423090493661E-15, 0.0000000000000000000 ) ) ;
#3042 = LINE ( 'NONE', #653, #339 ) ;
#3043 = APPROVAL_STATUS ( 'not_yet_approved' ) ;
#3044 = DIRECTION ( 'NONE',  ( -1.000000000000000000, 0.0000000000000000000, 0.0000000000000000000 ) ) ;
#3045 = ORIENTED_EDGE ( 'NONE', *, *, #762, .T. ) ;
#3046 = EDGE_CURVE ( 'NONE', #2980, #1543, #3004, .T. ) ;
#3047 = EDGE_LOOP ( 'NONE', ( #1593, #29, #2297, #2265 ) ) ;
#3048 = CARTESIAN_POINT ( 'NONE',  ( -115.0000000000000000, 213.5000000000000568, -3.491481338843133355E-15 ) ) ;
#3049 = VERTEX_POINT ( 'NONE', #3030 ) ;
#3050 = VERTEX_POINT ( 'NONE', #622 ) ;
#3051 = VERTEX_POINT ( 'NONE', #2770 ) ;
#3052 = ORIENTED_EDGE ( 'NONE', *, *, #2743, .T. ) ;
#3053 = EDGE_CURVE ( 'NONE', #1303, #1190, #1706, .T. ) ;
#3054 = DIRECTION ( 'NONE',  ( 1.000000000000000000, 0.0000000000000000000, 0.0000000000000000000 ) ) ;
#3055 = PLANE ( 'NONE',  #1470 ) ;
#3056 = DIRECTION ( 'NONE',  ( 0.0000000000000000000, 0.0000000000000000000, 1.000000000000000000 ) ) ;
#3057 = EDGE_CURVE ( 'NONE', #2244, #1113, #1828, .T. ) ;
#3058 = VECTOR ( 'NONE', #2287, 1000.000000000000000 ) ;
#3059 = CARTESIAN_POINT ( 'NONE',  ( 113.0000000000000000, -186.9999999999999432, 3.035766082959412415E-15 ) ) ;
ENDSEC;
END-ISO-10303-21;
